{"type":"FeatureCollection","name":"amazon_partial_mainstem_and_context_rivers_ne_10m","features":[{"type":"Feature","properties":{"role":"selected_mainstem_partial","name":"Amazonas (Natural Earth name: Amazon)","definition":"continuous Natural Earth 1:10m segment from Ucayali/Mara\u00f1\u00f3n confluence to the source segment endpoint near the Xingu confluence area; not the Atlantic mouth or full Amazon","ne_id":1159116655,"length_geodesic_m":3053298},"geometry":{"type":"LineString","coordinates":[[-73.48862304687499,-4.444854425005886],[-73.46835937499999,-4.43279387813088],[-73.453369140625,-4.42131926875588],[-73.44401855468749,-4.40545012813088],[-73.44084472656249,-4.37932708125588],[-73.44523925781249,-4.358428643755886],[-73.45378417968749,-4.34075286250588],[-73.45927734374999,-4.32268645625588],[-73.45444335937499,-4.30022551875588],[-73.44028320312499,-4.281573175005889],[-73.37534179687499,-4.228545831255886],[-73.36240234374999,-4.20769622188088],[-73.361572265625,-4.187041925005886],[-73.37192382812499,-4.14251067500588],[-73.37290039062499,-4.130205987505889],[-73.37167968749999,-4.117998956255889],[-73.36679687499999,-4.10735442500588],[-73.356640625,-4.10003020625588],[-73.34248046875,-4.098955987505889],[-73.33041992187499,-4.105303643755889],[-73.30927734375,-4.12493255000588],[-73.28662109375,-4.138506768755889],[-73.261376953125,-4.146026300005886],[-73.23569335937499,-4.14544036250588],[-73.21142578125,-4.13445403438088],[-73.19560546874999,-4.11956145625588],[-73.18486328124999,-4.102569268755886],[-73.17778320312499,-4.083819268755889],[-73.16887207031249,-4.040069268755886],[-73.16806640624999,-4.01751067500588],[-73.17138671875,-3.99578215938088],[-73.17973632812499,-3.97503020625588],[-73.205322265625,-3.94255950313088],[-73.21391601562499,-3.92595794063088],[-73.21391601562499,-3.90349700313088],[-73.1904296875,-3.84197356563088],[-73.18620605468749,-3.82073333125588],[-73.18613281249999,-3.81072356563088],[-73.18754882812499,-3.79973723750588],[-73.19084472656249,-3.78923919063088],[-73.19658203124999,-3.7810848937558887],[-73.20566406249999,-3.77629973750588],[-73.226806640625,-3.77312590938088],[-73.23691406249999,-3.769073175005886],[-73.247998046875,-3.753448175005886],[-73.24858398437499,-3.73284270625588],[-73.24223632812499,-3.71135833125588],[-73.23227539062499,-3.69378020625588],[-73.22258300781249,-3.682647393755886],[-73.10100097656249,-3.57976653438088],[-73.06914062499999,-3.53899505000588],[-73.05070800781249,-3.52214934688088],[-73.02714843749999,-3.5100888000058887],[-72.88720703125,-3.4754208312558887],[-72.84995117187499,-3.454131768755886],[-72.83708496093749,-3.44866301875588],[-72.82097167968749,-3.4451473937558887],[-72.80632324218749,-3.44500090938088],[-72.77695312499999,-3.44939544063088],[-72.6484375,-3.448760675005886],[-72.47587890624999,-3.480987237505886],[-72.286865234375,-3.5164364562558887],[-72.26298828124999,-3.516143487505886],[-72.231689453125,-3.510772393755886],[-72.05644531249999,-3.4597958312558887],[-71.91057128906249,-3.37273528438088],[-71.8896484375,-3.35540130000588],[-71.86679687499999,-3.341338800005886],[-71.83647460937499,-3.33684661250588],[-71.80810546875,-3.341338800005886],[-71.78183593749999,-3.3513973937558887],[-71.75944824218749,-3.36712005000588],[-71.7421875,-3.38884856563088],[-71.73325195312499,-3.41253020625588],[-71.72519531249999,-3.56804778438088],[-71.72617187499999,-3.5794247375058887],[-71.73081054687499,-3.5994442687558887],[-71.73222656249999,-3.6106747375058887],[-71.72844238281249,-3.6321591125058887],[-71.69418945312499,-3.690459893755886],[-71.68681640624999,-3.71135833125588],[-71.68212890625,-3.72063567500588],[-71.673828125,-3.729034112505886],[-71.65976562499999,-3.73552825313088],[-71.613037109375,-3.741729425005886],[-71.59912109375,-3.747588800005886],[-71.58676757812499,-3.7561825500058887],[-71.523681640625,-3.8255184875058887],[-71.49912109374999,-3.843780206255886],[-71.47055664062499,-3.85881926875588],[-71.43364257812499,-3.86638762813088],[-71.320068359375,-3.8533505187558887],[-71.28842773437499,-3.85491301875588],[-71.253173828125,-3.86052825313088],[-71.2208984375,-3.8723934875058887],[-71.19829101562499,-3.8929013000058887],[-71.193359375,-3.90618255000588],[-71.18979492187499,-3.93572356563088],[-71.18540039062499,-3.94963958125588],[-71.17709960937499,-3.96111419063088],[-71.16594238281249,-3.9705380187558887],[-71.14072265624999,-3.98430755000588],[-71.11040039062499,-3.99382903438088],[-71.0791015625,-3.9973934875058887],[-71.03374023437499,-3.9920223937558887],[-70.94501953125,-3.9661434875058887],[-70.90048828124999,-3.959991143755886],[-70.798583984375,-3.935577081255886],[-70.62590332031249,-3.868194268755886],[-70.587646484375,-3.86150481563088],[-70.54501953124999,-3.8650692687558887],[-70.49155273437499,-3.87835051875588],[-70.4650390625,-3.87859465938088],[-70.43925781249999,-3.86760833125588],[-70.39995117187499,-3.83171965938088],[-70.37846679687499,-3.81878020625588],[-70.350341796875,-3.8157528625058887],[-70.31186523437499,-3.829131768755886],[-70.27434082031249,-3.85637786250588],[-70.24162597656249,-3.890655206255886],[-70.21762695312499,-3.924834893755886],[-70.205322265625,-3.959991143755886],[-70.19970703125,-3.99578215938088],[-70.189208984375,-4.02874114375588],[-70.16245117187499,-4.05535247188088],[-70.061279296875,-4.106963800005886],[-70.03129882812499,-4.131377862505886],[-70.0109375,-4.15496184688088],[-69.99350585937499,-4.180694268755886],[-69.96567382812499,-4.23626067500588],[-69.95263671875,-4.28606536250588],[-69.94353027343749,-4.310088800005886],[-69.92709960937499,-4.32854583125588],[-69.91777343749999,-4.33294036250588],[-69.88706054687499,-4.33709075313088],[-69.78764648437499,-4.364580987505889],[-69.753857421875,-4.36956145625588],[-69.733642578125,-4.36809661250588],[-69.60466308593749,-4.336748956255889],[-69.58173828125,-4.327666925005886],[-69.562744140625,-4.31511809688088],[-69.53110351562499,-4.28435637813088],[-69.4375,-4.221026300005889],[-69.41015625,-4.18523528438088],[-69.42229003906249,-4.148272393755889],[-69.43896484375,-4.13762786250588],[-69.47685546874999,-4.123565362505886],[-69.494140625,-4.113311456255886],[-69.50449218749999,-4.08684661250588],[-69.48662109374999,-4.059112237505886],[-69.43925781249999,-4.01067473750588],[-69.43034667968749,-3.98870208125588],[-69.40849609374999,-3.96135833125588],[-69.40439453124999,-3.9539364562558887],[-69.3984375,-3.93572356563088],[-69.39682617187499,-3.91619231563088],[-69.39860839843749,-3.89641692500588],[-69.413818359375,-3.84026458125588],[-69.41635742187499,-3.8211239562558887],[-69.41489257812499,-3.80120208125588],[-69.4091796875,-3.7737606750058887],[-69.40966796875,-3.76433684688088],[-69.42229003906249,-3.726592706255886],[-69.42221679687499,-3.7068661437558887],[-69.41562499999999,-3.690459893755886],[-69.39501953125,-3.6580380187558887],[-69.35148925781249,-3.5320614562558887],[-69.34184570312499,-3.51458098750588],[-69.32841796874999,-3.5012997375058887],[-69.295166015625,-3.48650481563088],[-69.219677734375,-3.45818450313088],[-69.14494628906249,-3.4402645812558887],[-69.06503906249999,-3.40935637813088],[-69.00839843749999,-3.40422942500588],[-68.93881835937499,-3.398955987505886],[-68.88730468749999,-3.40154387813088],[-68.833251953125,-3.40422942500588],[-68.75595703124999,-3.38103606563088],[-68.63232421875,-3.35003020625588],[-68.60649414062499,-3.33196380000588],[-68.583740234375,-3.32903411250588],[-68.562744140625,-3.33196380000588],[-68.53696289062499,-3.35271575313088],[-68.488037109375,-3.35003020625588],[-68.42099609374999,-3.32683684688088],[-68.37211914062499,-3.3011044250058887],[-68.35141601562499,-3.29338958125588],[-68.320556640625,-3.29851653438088],[-68.30253906249999,-3.306182550005886],[-68.24838867187499,-3.32683684688088],[-68.153564453125,-3.329620050005886],[-68.08969726562499,-3.331573175005886],[-68.00895996093749,-3.34734465938088],[-67.971435546875,-3.3362606750058887],[-67.94199218749999,-3.303741143755886],[-67.924560546875,-3.26165130000588],[-67.922607421875,-3.22161223750588],[-67.92978515624999,-3.19426848750588],[-67.93071289062499,-3.1844052062558887],[-67.927490234375,-3.147002862505886],[-67.932373046875,-3.10808684688088],[-67.93076171874999,-3.067413018755886],[-67.92807617187499,-3.0550106750058887],[-67.895458984375,-2.97698333125588],[-67.84726562499999,-2.900420831255886],[-67.817626953125,-2.867705987505886],[-67.78825683593749,-2.844268487505886],[-67.755859375,-2.82537200313088],[-67.61894531249999,-2.772002862505886],[-67.5841796875,-2.7659481750058887],[-67.53281249999999,-2.7630184875058887],[-67.51860351562499,-2.760284112505886],[-67.504638671875,-2.755889581255886],[-67.49072265625,-2.74968840938088],[-67.4677734375,-2.7337216125058887],[-67.44589843749999,-2.711455987505886],[-67.42753906249999,-2.68621184688088],[-67.39145507812499,-2.61150481563088],[-67.37255859375,-2.59050872188088],[-67.34848632812499,-2.58049895625588],[-67.33732910156249,-2.580596612505886],[-67.31584472656249,-2.584014581255886],[-67.28862304687499,-2.58269622188088],[-67.28081054687499,-2.5833309875058887],[-67.27312011718749,-2.58562590938088],[-67.25944824218749,-2.59661223750588],[-67.24003906249999,-2.626983331255886],[-67.22812499999999,-2.64006926875588],[-67.20988769531249,-2.648955987505886],[-67.189697265625,-2.6521786437558887],[-67.128857421875,-2.6492489562558887],[-67.10996093749999,-2.65105559688088],[-67.092041015625,-2.65642669063088],[-67.07524414062499,-2.66643645625588],[-67.01713867187499,-2.718780206255886],[-67.00090332031249,-2.72893645625588],[-66.98649902343749,-2.7337216125058887],[-66.97104492187499,-2.73381926875588],[-66.95183105468749,-2.72991301875588],[-66.84697265624999,-2.68938567500588],[-66.81059570312499,-2.69085051875588],[-66.778564453125,-2.70501067500588],[-66.75908203124999,-2.70842864375588],[-66.73876953125,-2.70818450313088],[-66.698876953125,-2.70183684688088],[-66.66264648437499,-2.690459893755886],[-66.63090820312499,-2.670928643755886],[-66.6083984375,-2.6429013000058887],[-66.599853515625,-2.605987237505886],[-66.608154296875,-2.54705169063088],[-66.602294921875,-2.46404387813088],[-66.59038085937499,-2.44036223750588],[-66.56059570312499,-2.42327239375588],[-66.53947753906249,-2.41936614375588],[-66.51923828125,-2.420440362505886],[-66.441162109375,-2.44426848750588],[-66.42514648437499,-2.4539364562558887],[-66.41118164062499,-2.468291925005886],[-66.38408203124999,-2.51628997188088],[-66.37192382812499,-2.531280206255886],[-66.34506835937499,-2.5530575500058887],[-66.32963867187499,-2.5618466125058887],[-66.31381835937499,-2.567413018755886],[-66.29819335937499,-2.56755950313088],[-66.2833984375,-2.56194426875588],[-66.26962890624999,-2.55291106563088],[-66.24741210937499,-2.5325497375058887],[-66.24016113281249,-2.522002862505886],[-66.23491210937499,-2.510772393755886],[-66.22026367187499,-2.46184661250588],[-66.211669921875,-2.44451262813088],[-66.19975585937499,-2.4309872375058887],[-66.18100585937499,-2.42400481563088],[-66.16064453125,-2.427276300005886],[-66.14096679687499,-2.43670012813088],[-66.12436523437499,-2.4480770812558887],[-66.087890625,-2.484893487505886],[-66.06796874999999,-2.495147393755886],[-66.04899902343749,-2.48430755000588],[-66.03911132812499,-2.474639581255886],[-66.02702636718749,-2.4680966125058887],[-65.98247070312499,-2.455596612505886],[-65.96452636718749,-2.454131768755886],[-65.94711914062499,-2.45647551875588],[-65.930859375,-2.4641903625058887],[-65.88994140624999,-2.49187590938088],[-65.8349609375,-2.5130184875058887],[-65.80021972656249,-2.5345028625058887],[-65.773876953125,-2.56414153438088],[-65.760986328125,-2.60295989375588],[-65.71079101562499,-2.61907317500588],[-65.66093749999999,-2.62053801875588],[-65.611328125,-2.61126067500588],[-65.53955078125,-2.58855559688088],[-65.51401367187499,-2.585967706255886],[-65.49057617187499,-2.59148528438088],[-65.474365234375,-2.60930755000588],[-65.47185058593749,-2.620635675005886],[-65.47197265624999,-2.6458309875058887],[-65.469677734375,-2.65789153438088],[-65.46416015624999,-2.66887786250588],[-65.456787109375,-2.678741143755886],[-65.44804687499999,-2.68743255000588],[-65.43833007812499,-2.69500090938088],[-65.398876953125,-2.718780206255886],[-65.3779296875,-2.7278622375058887],[-65.35588378906249,-2.73357512813088],[-65.29191894531249,-2.7415341125058887],[-65.271484375,-2.748565362505886],[-65.234375,-2.76653411250588],[-65.21953124999999,-2.77874114375588],[-65.208984375,-2.7967098937558887],[-65.19541015624999,-2.85491301875588],[-65.18564453124999,-2.87004973750588],[-65.17802734374999,-2.87493255000588],[-65.16064453125,-2.88225676875588],[-65.15275878906249,-2.887237237505886],[-65.14628906249999,-2.89470794063088],[-65.133056640625,-2.9197567687558887],[-65.12094726562499,-2.93596770625588],[-65.10466308593749,-2.95110442500588],[-65.08627929687499,-2.9637020812558887],[-65.067626953125,-2.97234465938088],[-65.06210937499999,-2.98235442500588],[-65.014892578125,-3.03850676875588],[-64.99382324218749,-3.05706145625588],[-64.98081054687499,-3.063506768755886],[-64.95280761718749,-3.07097747188088],[-64.84335937499999,-3.14104583125588],[-64.80136718749999,-3.179717706255886],[-64.75786132812499,-3.23943450313088],[-64.73789062499999,-3.26043059688088],[-64.67045898437499,-3.308623956255886],[-64.66367187499999,-3.316924737505886],[-64.64829101562499,-3.34221770625588],[-64.639892578125,-3.3499325500058887],[-64.61174316406249,-3.369659112505886],[-64.59611816406249,-3.387725518755886],[-64.58798828124999,-3.3943661437558887],[-64.57561035156249,-3.39812590938088],[-64.54033203124999,-3.40032317500588],[-64.529296875,-3.40300872188088],[-64.51083984374999,-3.414092706255886],[-64.49863281249999,-3.429717706255886],[-64.45346679687499,-3.5340145812558887],[-64.43710937499999,-3.553741143755886],[-64.419189453125,-3.565459893755886],[-64.36210937499999,-3.58220794063088],[-64.285888671875,-3.62639739375588],[-64.21525878906249,-3.686553643755886],[-64.19956054687499,-3.6956356750058887],[-64.10637207031249,-3.73381926875588],[-64.0908203125,-3.73601653438088],[-64.04868164062499,-3.73601653438088],[-64.04052734375,-3.73821380000588],[-64.02763671874999,-3.744170831255886],[-64.01987304687499,-3.7469052062558887],[-64.018017578125,-3.754913018755886],[-64.00644531249999,-3.758819268755886],[-64.00083007812499,-3.76189544063088],[-63.99638671874999,-3.76555755000588],[-63.99277343749999,-3.771514581255886],[-63.99057617187499,-3.78362395625588],[-63.98813476562499,-3.78972747188088],[-63.97941894531249,-3.79802825313088],[-63.96762695312499,-3.8035458312558887],[-63.94279785156249,-3.8118466125058887],[-63.90756835937499,-3.83098723750588],[-63.89462890624999,-3.8347958312558887],[-63.83513183593749,-3.83562590938088],[-63.80893554687499,-3.83879973750588],[-63.78679199218749,-3.8470028625058887],[-63.74309082031249,-3.8704403625058887],[-63.71879882812499,-3.8787411437558887],[-63.694091796875,-3.88079192500588],[-63.66977539062499,-3.8777645812558887],[-63.59135742187499,-3.8484677062558887],[-63.56132812499999,-3.84270598750588],[-63.532958984375,-3.84490325313088],[-63.47014160156249,-3.87322356563088],[-63.42338867187499,-3.88591887813088],[-63.359619140625,-3.9158505187558887],[-63.27499999999999,-3.93840911250588],[-63.22348632812499,-3.942901300005886],[-63.19956054687499,-3.94890715938088],[-63.18583984374999,-3.964385675005886],[-63.17729492187499,-4.035186456255886],[-63.16887207031249,-4.05779387813088],[-63.14975585937499,-4.065948175005886],[-63.13388671874999,-4.075030206255889],[-63.1171875,-4.08074309688088],[-63.09580078124999,-4.078643487505886],[-63.07626953124999,-4.07146575313088],[-63.00017089843749,-4.027178643755889],[-62.97202148437499,-4.018096612505886],[-62.97021484375,-4.010088800005889],[-62.87675781249999,-3.94963958125588],[-62.83481445312499,-3.91521575313088],[-62.81284179687499,-3.90203215938088],[-62.78525390624999,-3.89153411250588],[-62.75151367187499,-3.8860653625058887],[-62.65185546875,-3.89275481563088],[-62.62314453124999,-3.888702081255886],[-62.54038085937499,-3.85955169063088],[-62.48764648437499,-3.84807708125588],[-62.46240234375,-3.8377255187558887],[-62.44443359374999,-3.81975676875588],[-62.43754882812499,-3.79485442500588],[-62.43833007812499,-3.74089934688088],[-62.43076171874999,-3.71502044063088],[-62.41049804687499,-3.69475676875588],[-62.38818359375,-3.69475676875588],[-62.36557617187499,-3.7073544250058887],[-62.324951171875,-3.739776300005886],[-62.10166015624999,-3.84392669063088],[-62.07822265624999,-3.851104425005886],[-62.07658691406249,-3.8592098937558887],[-62.0439453125,-3.878936456255886],[-62.01513671875,-3.903838800005886],[-61.994384765625,-3.9275692687558887],[-61.983154296875,-3.9378231750058887],[-61.96916503906249,-3.945830987505886],[-61.94077148437499,-3.95598723750588],[-61.909423828125,-3.9627255187558887],[-61.878173828125,-3.9627255187558887],[-61.85019531249999,-3.95305755000588],[-61.8125,-3.920928643755886],[-61.77573242187499,-3.90300872188088],[-61.68474121093749,-3.87053801875588],[-61.663330078125,-3.85637786250588],[-61.64641113281249,-3.8338192687558887],[-61.63530273437499,-3.81121184688088],[-61.62158203125,-3.79094817500588],[-61.59660644531249,-3.7747372375058887],[-61.59335937499999,-3.7659481750058887],[-61.57470703125,-3.737334893755886],[-61.56689453125,-3.72966887813088],[-61.426513671875,-3.62664153438088],[-61.40227050781249,-3.61589934688088],[-61.37729492187499,-3.61003997188088],[-61.32512207031249,-3.606963800005886],[-61.26384277343749,-3.61248137813088],[-61.25058593749999,-3.6111630187558887],[-61.218017578125,-3.5965145812558887],[-61.18864746093749,-3.589873956255886],[-61.04020996093749,-3.59514739375588],[-61.01640624999999,-3.60051848750588],[-60.99125976562499,-3.609893487505886],[-60.95109863281249,-3.61785247188088],[-60.913818359375,-3.60857512813088],[-60.88017578124999,-3.58660247188088],[-60.85117187499999,-3.55657317500588],[-60.84018554687499,-3.539092706255886],[-60.82316894531249,-3.50164153438088],[-60.811767578125,-3.48455169063088],[-60.79624023437499,-3.4700497375058887],[-60.76206054687499,-3.4446591125058887],[-60.74724121093749,-3.42937590938088],[-60.738525390625,-3.41570403438088],[-60.73222656249999,-3.40154387813088],[-60.72001953124999,-3.35735442500588],[-60.71372070312499,-3.344756768755886],[-60.70444335937499,-3.3347958312558887],[-60.69140625,-3.3279598937558887],[-60.67302246093749,-3.32634856563088],[-60.65568847656249,-3.331084893755886],[-60.63852539062499,-3.337920831255886],[-60.620849609375,-3.34270598750588],[-60.60791015625,-3.34392669063088],[-60.58188476562499,-3.343291925005886],[-60.569091796875,-3.34099700313088],[-60.52055664062499,-3.32610442500588],[-60.47075195312499,-3.32439544063088],[-60.31699218749999,-3.29045989375588],[-60.268310546875,-3.29729583125588],[-60.21240234375,-3.33416106563088],[-60.18986816406249,-3.33953215938088],[-60.16513671874999,-3.3367489562558887],[-59.98251953124999,-3.260772393755886],[-59.943603515625,-3.23137786250588],[-59.92460937499999,-3.21233489375588],[-59.90227050781249,-3.1961239562558887],[-59.89853515624999,-3.191436456255886],[-59.89609374999999,-3.18523528438088],[-59.89658203124999,-3.1673153625058887],[-59.90634765624999,-3.13128020625588],[-59.90380859375,-3.11419036250588],[-59.89682617187499,-3.105010675005886],[-59.88754882812499,-3.09929778438088],[-59.80615234375,-3.07634856563088],[-59.7783203125,-3.07195403438088],[-59.68474121093749,-3.07073333125588],[-59.67412109374999,-3.07293059688088],[-59.66398925781249,-3.0764950500058887],[-59.65434570312499,-3.08123137813088],[-59.62956542968749,-3.09905364375588],[-59.614697265625,-3.105010675005886],[-59.61411132812499,-3.10808684688088],[-59.58237304687499,-3.11174895625588],[-59.56340332031249,-3.10906340938088],[-59.55644531249999,-3.10906340938088],[-59.54960937499999,-3.11052825313088],[-59.54216308593749,-3.11296965938088],[-59.47075195312499,-3.15056731563088],[-59.44804687499999,-3.15667083125588],[-59.39892578125,-3.160674737505886],[-59.37480468749999,-3.166045831255886],[-59.36088867187499,-3.1726864562558887],[-59.30253906249999,-3.21331145625588],[-59.28037109374999,-3.22210051875588],[-59.14658203124999,-3.246612237505886],[-59.1181640625,-3.24627044063088],[-59.07316894531249,-3.23919036250588],[-59.05078125,-3.239288018755886],[-59.0283203125,-3.24456145625588],[-58.99677734375,-3.25798919063088],[-58.98479003906249,-3.26018645625588],[-58.98291015625,-3.2683895812558887],[-58.97514648437499,-3.271514581255886],[-58.97075195312499,-3.276397393755886],[-58.96738281249999,-3.28215911250588],[-58.962890625,-3.2879208312558887],[-58.95695800781249,-3.29216887813088],[-58.93759765624999,-3.30242278438088],[-58.91728515624999,-3.321807550005886],[-58.90903320312499,-3.3274716125058887],[-58.84379882812499,-3.348663018755886],[-58.83334960937499,-3.34905364375588],[-58.770458984375,-3.3357723937558887],[-58.74907226562499,-3.33367278438088],[-58.68906249999999,-3.342315362505886],[-58.65996093749999,-3.34075286250588],[-58.635498046875,-3.32439544063088],[-58.62272949218749,-3.30217864375588],[-58.60581054687499,-3.25359465938088],[-58.591552734375,-3.231475518755886],[-58.55070800781249,-3.1902645812558887],[-58.527099609375,-3.17180755000588],[-58.50273437499999,-3.15960051875588],[-58.47509765625,-3.1570614562558887],[-58.31591796875,-3.21184661250588],[-58.27458496093749,-3.2190731750058887],[-58.23715820312499,-3.21550872188088],[-58.2080078125,-3.19597747188088],[-58.19125976562499,-3.15496184688088],[-58.17978515624999,-3.0764950500058887],[-58.155029296875,-3.012237237505886],[-58.15234375,-2.99846770625588],[-58.15043945312499,-2.9534481750058887],[-58.14682617187499,-2.9387997375058887],[-58.131298828125,-2.90667083125588],[-58.110595703125,-2.87957122188088],[-58.08481445312499,-2.8572567687558887],[-58.05380859374999,-2.83977630000588],[-57.84050292968749,-2.76946380000588],[-57.817626953125,-2.758819268755886],[-57.80693359374999,-2.75212981563088],[-57.79790039062499,-2.7434872375058887],[-57.77934570312499,-2.71404387813088],[-57.77080078124999,-2.705108331255886],[-57.7001953125,-2.652373956255886],[-57.6806640625,-2.62981536250588],[-57.59770507812499,-2.45720794063088],[-57.572021484375,-2.417510675005886],[-57.53828125,-2.391143487505886],[-57.514404296875,-2.38445403438088],[-57.48808593749999,-2.38323333125588],[-57.46201171874999,-2.38689544063088],[-57.40727539062499,-2.409209893755886],[-57.33391113281249,-2.4690731750058887],[-57.3193359375,-2.4861630187558887],[-57.300537109375,-2.5012997375058887],[-57.294677734375,-2.5042294250058887],[-57.28068847656249,-2.50920989375588],[-57.20268554687499,-2.5628231750058887],[-57.19003906249999,-2.565459893755886],[-57.17709960937499,-2.56487395625588],[-57.165283203125,-2.5608700500058887],[-57.1591796875,-2.555694268755886],[-57.14682617187499,-2.5403622375058887],[-57.13933105468749,-2.53460051875588],[-57.12998046874999,-2.53167083125588],[-57.015380859375,-2.50945403438088],[-57.002880859375,-2.5091122375058887],[-56.99130859374999,-2.50994231563088],[-56.980126953124994,-2.51213958125588],[-56.96884765624999,-2.516143487505886],[-56.95732421874999,-2.522002862505886],[-56.913818359375,-2.55120208125588],[-56.89042968749999,-2.56047942500588],[-56.79550781249999,-2.58562590938088],[-56.75249023437499,-2.59002044063088],[-56.72333984375,-2.58928801875588],[-56.63652343749999,-2.5711239562558887],[-56.53996582031249,-2.527373956255886],[-56.51914062499999,-2.512237237505886],[-56.50456542968749,-2.49260833125588],[-56.47265625,-2.42351653438088],[-56.36142578124999,-2.2776669250058887],[-56.19174804687499,-2.1624325500058887],[-56.12968749999999,-2.09148528438088],[-56.1279296875,-2.083526300005886],[-56.07919921874999,-2.03435637813088],[-56.052197265625,-2.0135067687558887],[-56.0205078125,-2.00383880000588],[-55.94462890624999,-2.00383880000588],[-55.86679687499999,-1.9913876281308802],[-55.80009765624999,-1.9879696593808802],[-55.76889648437499,-1.9821102843808802],[-55.7375,-1.966338800005886],[-55.66293945312499,-1.9169247375058802],[-55.63615722656249,-1.9080380187558887],[-55.602783203125,-1.907745050005886],[-55.57194824218749,-1.9171688781308802],[-55.514892578125,-1.9495419250058887],[-55.429638671875,-1.9967587218808802],[-55.40581054687499,-2.01775481563088],[-55.35161132812499,-2.103057550005886],[-55.32861328125,-2.12712981563088],[-55.315380859375,-2.134795831255886],[-55.09013671874999,-2.19793059688088],[-55.05624999999999,-2.19402434688088],[-55.04313964843749,-2.1868466125058887],[-55.03378906249999,-2.17742278438088],[-55.00083007812499,-2.123077081255886],[-54.97636718749999,-2.0984677062558887],[-54.94663085937499,-2.081084893755886],[-54.91215820312499,-2.0730770812558887],[-54.89438476562499,-2.07341887813088],[-54.87939453125,-2.07756926875588],[-54.86557617187499,-2.08489348750588],[-54.83562011718749,-2.10588958125588],[-54.81992187499999,-2.11394622188088],[-54.75395507812499,-2.13543059688088],[-54.72136230468749,-2.1516903625058887],[-54.69279785156249,-2.17351653438088],[-54.673779296875,-2.20037200313088],[-54.67075195312499,-2.21355559688088],[-54.67319335937499,-2.22478606563088],[-54.69450683593749,-2.25896575313088],[-54.69980468749999,-2.271514581255886],[-54.703027343749994,-2.284698175005886],[-54.70444335937499,-2.29949309688088],[-54.69907226562499,-2.36126067500588],[-54.677001953125,-2.41228606563088],[-54.63615722656249,-2.44475676875588],[-54.57451171874999,-2.45037200313088],[-54.525146484375,-2.44036223750588],[-54.30078125,-2.390166925005886],[-54.19243164062499,-2.3806942687558887],[-54.16093749999999,-2.3728817687558887],[-54.130859375,-2.3611630187558887],[-54.073876953124994,-2.3299130187558887],[-54.06279296874999,-2.2845028625058887],[-54.066162109375,-2.15129973750588],[-54.056640625,-2.10955169063088],[-54.03496093749999,-2.07830169063088],[-53.91196289062499,-1.9856747375058887],[-53.77939453124999,-1.917998956255886],[-53.71030273437499,-1.8973934875058802],[-53.43798828125,-1.855010675005886],[-53.33830566406249,-1.8214657531308802],[-53.31523437499999,-1.8180477843808802],[-53.245361328125,-1.8170712218808802],[-53.21733398437499,-1.8118466125058887],[-53.19077148437499,-1.802764581255886],[-53.06853027343749,-1.7408993468808802],[-53.03696289062499,-1.718780206255886],[-52.98496093749999,-1.660186456255886],[-52.95805664062499,-1.6378720031308802],[-52.92753906249999,-1.620147393755886],[-52.89311523437499,-1.6067684875058887],[-52.85078125,-1.598663018755886],[-52.76523437499999,-1.594756768755886],[-52.71176757812499,-1.5838192687558887]]}},{"type":"Feature","properties":{"role":"context_only","name":"San Miguel","name_en":"San Miguel River","ne_id":1159129075},"geometry":{"type":"MultiLineString","coordinates":[[[-61.3,-17.41668059688088],[-61.30258789062499,-17.39485442500589],[-61.32219238281249,-17.383330987505886],[-61.344482421875,-17.383330987505886],[-61.3603515625,-17.374053643755886],[-61.37529296874999,-17.36272551875588],[-61.48681640625,-17.33074309688088],[-61.57036132812499,-17.25715911250589],[-61.59326171875,-17.24602630000588],[-61.617919921875,-17.240264581255886],[-61.62973632812499,-17.22820403438088],[-61.64438476562499,-17.21672942500588],[-61.661865234375,-17.22053801875589],[-61.6806640625,-17.22053801875589],[-61.710400390625,-17.208038018755886],[-61.74350585937499,-17.20940520625588],[-61.79794921874999,-17.192901300005886],[-61.83464355468749,-17.14519622188088],[-61.92661132812499,-17.087920831255886],[-62.0,-17.016631768755886],[-62.01108398437499,-17.001983331255886],[-62.022216796875,-16.98894622188088],[-62.05900878906249,-16.98162200313088],[-62.076171875,-16.972198175005886],[-62.09440917968749,-16.96663176875589],[-62.11191406249999,-16.97673919063088],[-62.12773437499999,-16.98894622188088],[-62.21103515624999,-16.98894622188088],[-62.22714843749999,-16.997588800005886],[-62.24443359374999,-17.00554778438088],[-62.27109374999999,-17.00471770625589],[-62.2978515625,-17.00081145625589],[-62.33110351562499,-16.984893487505886],[-62.361083984375,-16.96111419063088],[-62.39169921874999,-16.92903411250589],[-62.42709960937499,-16.91106536250588],[-62.46354980468749,-16.90510833125589],[-62.49748535156249,-16.89006926875588],[-62.52880859375,-16.862823175005886],[-62.56315917968749,-16.83977630000588],[-62.59941406249999,-16.836944268755886],[-62.63330078125,-16.82781340938088],[-62.64030761718749,-16.81145598750588],[-62.645458984375,-16.79363372188088],[-62.65458984374999,-16.76921965938088],[-62.67216796874999,-16.75554778438088],[-62.673779296875,-16.73626067500588],[-62.677734375,-16.71672942500588],[-62.69199218749999,-16.706084893755886],[-62.705517578125,-16.69451262813088],[-62.70654296875,-16.67659270625589],[-62.71269531249999,-16.66096770625589],[-62.72919921875,-16.64739348750588],[-62.74479980468749,-16.63298919063088],[-62.76035156249999,-16.615264581255886],[-62.77775878906249,-16.60003020625588],[-62.79697265624999,-16.59758880000588],[-62.81193847656249,-16.59099700313088],[-62.83232421874999,-16.55413176875588],[-62.92416992187499,-16.46819426875588],[-62.95842285156249,-16.365752862505886],[-62.98051757812499,-16.347198175005886],[-62.98613281249999,-16.318877862505886],[-62.98828125,-16.28630950313088],[-63.02214355468749,-16.24446380000589],[-63.032958984375,-16.219268487505886],[-63.04729003906249,-16.19890715938088],[-63.09099121093749,-16.15667083125588],[-63.11752929687499,-16.066924737505886],[-63.13330078125,-16.044463800005886],[-63.16162109375,-16.02717864375589],[-63.18330078125,-16.000030206255886]],[[-63.183349609375,-16.000030206255886],[-63.185791015625,-15.980791925005889],[-63.19736328124999,-15.96453215938088],[-63.19687499999999,-15.947100518755889],[-63.19731445312499,-15.930498956255889],[-63.203369140625,-15.91619231563088],[-63.19999999999999,-15.899932550005886],[-63.2060546875,-15.881670831255889],[-63.21518554687499,-15.864092706255889],[-63.24321289062499,-15.83635833125588],[-63.26108398437499,-15.804717706255886],[-63.25424804687499,-15.760577081255889],[-63.25,-15.716631768755889],[-63.26596679687499,-15.688995050005886],[-63.28891601562499,-15.66668059688088],[-63.32170410156249,-15.65300872188088],[-63.35263671874999,-15.636260675005886],[-63.363037109375,-15.60418059688088],[-63.36630859374999,-15.56853606563088],[-63.359375,-15.53386809688088],[-63.35844726562499,-15.501299737505889],[-63.37956542968749,-15.482256768755889],[-63.38884277343749,-15.45623137813088],[-63.39306640625,-15.41961028438088],[-63.43193359374999,-15.245928643755889],[-63.45598144531249,-15.202666925005886],[-63.46533203125,-15.163604425005886],[-63.48271484374999,-15.12712981563088],[-63.50236816406249,-15.10344817500588],[-63.5634765625,-15.081377862505889],[-63.58720703124999,-15.057647393755886],[-63.638916015625,-15.044463800005886],[-63.65947265624999,-15.00994231563088],[-63.67529296875,-14.971709893755886],[-63.69633789062499,-14.90935637813088],[-63.71110839843749,-14.84441497188088],[-63.714599609375,-14.81878020625588],[-63.7265625,-14.797198175005889],[-63.74399414062499,-14.77678801875588],[-63.75,-14.749834893755889],[-63.75212402343749,-14.683623956255886],[-63.7599609375,-14.61809661250588],[-63.81376953124999,-14.49749114375588],[-63.836181640625,-14.48040130000588],[-63.8517578125,-14.457842706255889],[-63.86149902343749,-14.43181731563088],[-63.87744140625,-14.37883880000588],[-63.88217773437499,-14.324541925005889],[-63.88608398437499,-14.152862237505886],[-63.87827148437499,-14.127764581255889],[-63.87224121093749,-14.10344817500588],[-63.86662597656249,-14.04924895625588],[-63.87224121093749,-14.000030206255886],[-63.88579101562499,-13.925616143755889],[-63.888916015625,-13.85003020625588],[-63.891357421875,-13.834502862505886],[-63.887451171875,-13.81926848750588],[-63.87851562499999,-13.80217864375588],[-63.87080078125,-13.784502862505889],[-63.87558593749999,-13.75237395625588],[-63.89501953125,-13.722979425005889],[-63.92436523437499,-13.64519622188088],[-63.933349609375,-13.56194426875588],[-63.947998046875,-13.48552825313088],[-64.0,-13.433428643755889]],[[-64.37216796874999,-12.46672942500588],[-64.37192382812499,-12.506182550005889],[-64.37387695312499,-12.54143645625588],[-64.38837890625,-12.575225518755886],[-64.37045898437499,-12.60906340938088],[-64.34165039062499,-12.680205987505886],[-64.35124511718749,-12.752471612505886],[-64.347900390625,-12.78289153438088],[-64.33330078124999,-12.80901458125588],[-64.34038085937499,-12.839678643755889],[-64.33579101562499,-12.86858489375588],[-64.31396484375,-12.900225518755889],[-64.30615234375,-12.93621184688088],[-64.30729980468749,-12.971026300005889],[-64.28452148437499,-12.998858331255889],[-64.24443359374999,-13.06658294063088],[-64.21762695312499,-13.087237237505889],[-64.20556640625,-13.11663176875588],[-64.21110839843749,-13.15129973750588],[-64.20415039062499,-13.16765715938088],[-64.19443359374999,-13.18328215938088],[-64.1875,-13.217315362505886],[-64.168701171875,-13.24456145625588],[-64.15683593749999,-13.25725676875588],[-64.155517578125,-13.274932550005886],[-64.15576171875,-13.290557550005886],[-64.146484375,-13.29998137813088],[-64.119873046875,-13.310088800005886],[-64.10551757812499,-13.338897393755886],[-64.092529296875,-13.374053643755886],[-64.06870117187499,-13.40178801875588],[-64.0,-13.43328215938088]]]}},{"type":"Feature","properties":{"role":"context_only","name":"Coari","name_en":"Coari","ne_id":1159129087},"geometry":{"type":"MultiLineString","coordinates":[[[-65.88037109375,-5.435088800005886],[-65.800927734375,-5.397784112505889],[-65.70556640625,-5.39031340938088],[-65.65097656249999,-5.381866143755886],[-65.595947265625,-5.377471612505886],[-65.47905273437499,-5.349151300005886],[-65.40324707031249,-5.35613372188088],[-65.331298828125,-5.37957122188088],[-65.279541015625,-5.37883880000588],[-65.22788085937499,-5.368194268755886],[-65.17124023437499,-5.34758880000588],[-65.11650390624999,-5.331084893755886],[-65.01958007812499,-5.416534112505886],[-64.95458984375,-5.541827081255889],[-64.87451171875,-5.58318450313088],[-64.78374023437499,-5.59343840938088],[-64.74174804687499,-5.58635833125588],[-64.70859374999999,-5.565264581255889],[-64.68564453124999,-5.53582122188088],[-64.659423828125,-5.513702081255886],[-64.628173828125,-5.501299737505889],[-64.59287109374999,-5.493487237505889],[-64.52353515624999,-5.46038176875588],[-64.45883789062499,-5.425811456255886],[-64.40214843749999,-5.384112237505889],[-64.38315429687499,-5.36248137813088],[-64.3,-5.333819268755889],[-64.24980468749999,-5.30608489375588],[-64.17880859374999,-5.25432708125588],[-64.113037109375,-5.19719817500588],[-63.99724121093749,-5.062530206255886],[-63.87675781249999,-4.94573333125588],[-63.85686035156249,-4.88982512813088],[-63.818359375,-4.86272551875588],[-63.776123046875,-4.84002044063088],[-63.730419921875,-4.77434661250588],[-63.68100585937499,-4.71013762813088],[-63.65244140624999,-4.692413018755886],[-63.64707031249999,-4.654131768755889],[-63.62666015625,-4.617998956255889],[-63.599609375,-4.585479425005886],[-63.5625,-4.52898528438088],[-63.521728515625,-4.47503020625588],[-63.51376953124999,-4.46013762813088],[-63.48942871093749,-4.414385675005889],[-63.43979492187499,-4.379717706255889],[-63.41496582031249,-4.349932550005889],[-63.41000976562499,-4.310088800005886],[-63.38518066406249,-4.295245050005889],[-63.37028808593749,-4.26043059688088],[-63.37028808593749,-4.23064544063088],[-63.38022460937499,-4.20086028438088],[-63.375244140625,-4.151202081255889],[-63.345458984375,-4.116534112505889],[-63.34042968749999,-4.08171965938088],[-63.33549804687499,-4.061846612505889],[-63.315673828125,-4.03704192500588],[-63.27592773437499,-4.02703215938088],[-63.25107421874999,-4.02214934688088],[-63.17729492187499,-4.035186456255886]]]}},{"type":"Feature","properties":{"role":"context_only","name":"Bois","name_en":"Dos Bois","ne_id":1159109565},"geometry":{"type":"MultiLineString","coordinates":[[[-49.983154296875,-16.29314544063088],[-49.98857421874999,-16.33294036250588],[-49.986181640625006,-16.36638762813088],[-49.97211914062498,-16.39192473750589],[-49.942138671875,-16.40803801875589],[-49.94624023437498,-16.418487237505886],[-49.94580078125,-16.42756926875589],[-49.94353027343749,-16.43645598750588],[-49.941650390625,-16.45979583125589],[-49.939453125,-16.46697356563088],[-49.912841796875,-16.496612237505886],[-49.906005859375,-16.50750090938088],[-49.89775390624999,-16.51448333125589],[-49.880712890625006,-16.51790130000589],[-49.882226562499994,-16.52717864375589],[-49.88261718749999,-16.53582122188088],[-49.880712890625006,-16.55315520625588],[-49.873876953125006,-16.555205987505886],[-49.86918945312499,-16.558135675005886],[-49.867041015625006,-16.563506768755886],[-49.86821289062499,-16.567901300005886],[-49.87272949218749,-16.575225518755886],[-49.87626953124999,-16.61809661250588],[-49.875585937500006,-16.636260675005886],[-49.867041015625006,-16.649444268755886],[-49.860449218750006,-16.644561456255886],[-49.85624999999999,-16.64690520625588],[-49.85405273437499,-16.65471770625588],[-49.85344238281249,-16.66619231563088],[-49.847998046875006,-16.67253997188088],[-49.824072265625006,-16.67888762813088],[-49.81865234374999,-16.68694426875588],[-49.816015625000006,-16.707549737505886],[-49.808837890625,-16.72405364375588],[-49.784521484375006,-16.75872161250588],[-49.75578613281249,-16.81721770625589],[-49.754150390625,-16.82756926875588],[-49.754492187500006,-16.83284270625589],[-49.747802734375,-16.84392669063088],[-49.73994140624998,-16.85383880000589],[-49.73674316406249,-16.855498956255886],[-49.734716796875006,-16.86419036250588],[-49.734277343749994,-16.87127044063088],[-49.737060546875,-16.87883880000588],[-49.74418945312499,-16.88899505000589],[-49.73583984375,-16.90154387813088],[-49.730224609375,-16.91814544063088],[-49.731542968750006,-16.93059661250588],[-49.74418945312499,-16.93001067500589],[-49.74638671874999,-16.937041925005886],[-49.747900390625006,-16.93987395625588],[-49.75102539062499,-16.94368255000589],[-49.744482421875006,-16.95784270625589],[-49.7490234375,-16.97747161250588],[-49.759619140625006,-16.995635675005886],[-49.771484375,-17.00505950313088],[-49.75676269531249,-17.01594817500589],[-49.745703125000006,-17.03435637813088],[-49.738037109375,-17.05193450313088],[-49.73332519531249,-17.059600518755886],[-49.71574707031249,-17.06536223750588],[-49.70361328125,-17.078155206255886],[-49.693603515625,-17.09212005000589],[-49.682714843750006,-17.10125090938088],[-49.68364257812499,-17.120635675005886],[-49.647705078125,-17.143584893755886],[-49.66162109375,-17.15593840938088],[-49.66162109375,-17.16340911250589],[-49.654541015625,-17.166534112505886],[-49.648779296875006,-17.170928643755886],[-49.64433593749999,-17.176788018755886],[-49.64116210937499,-17.18391692500589],[-49.64116210937499,-17.17693450313088],[-49.618261718750006,-17.219268487505886],[-49.609960937500006,-17.24724700313088],[-49.61381835937499,-17.27327239375589],[-49.619238281250006,-17.27947356563088],[-49.62788085937498,-17.28606536250588],[-49.637060546875006,-17.291534112505886],[-49.644287109375,-17.29378020625589],[-49.648779296875006,-17.29753997188088],[-49.64714355468749,-17.30632903438088],[-49.64116210937499,-17.32097747188088],[-49.63762207031249,-17.35418059688088],[-49.639257812500006,-17.368682550005886],[-49.647314453125006,-17.38313567500589],[-49.64116210937499,-17.38347747188088],[-49.63676757812499,-17.38518645625588],[-49.6328125,-17.38762786250588],[-49.628076171874994,-17.38933684688088],[-49.63322753906249,-17.39544036250588],[-49.633544921875,-17.40032317500588],[-49.629248046875006,-17.40471770625588],[-49.62065429687499,-17.40911223750588],[-49.627783203125006,-17.42034270625588],[-49.634375000000006,-17.424346612505886],[-49.639257812500006,-17.42864348750588],[-49.64116210937499,-17.440459893755886],[-49.640625,-17.45247161250589],[-49.63859863281249,-17.46184661250588],[-49.634619140625006,-17.46990325313088],[-49.628076171874994,-17.478057550005886],[-49.649023437500006,-17.47869231563088],[-49.663818359375,-17.485381768755886],[-49.665625000000006,-17.493682550005886],[-49.647314453125006,-17.49846770625588],[-49.6640625,-17.520049737505886],[-49.6865234375,-17.53303801875589],[-49.73674316406249,-17.55315520625588],[-49.759521484375,-17.56902434688088],[-49.76958007812499,-17.57293059688088],[-49.81538085937498,-17.574737237505886],[-49.82792968749999,-17.57268645625588],[-49.83916015624999,-17.56682708125588],[-49.872900390625006,-17.594268487505886],[-49.88969726562499,-17.60051848750588],[-49.908056640625006,-17.587920831255886],[-49.915869140625006,-17.593780206255886],[-49.92656249999999,-17.59490325313088],[-49.93840332031249,-17.59246184688088],[-49.94965820312498,-17.587920831255886],[-49.945410156250006,-17.59832122188088],[-49.931494140625006,-17.60906340938088],[-49.92851562499999,-17.61834075313088],[-49.932470703125006,-17.62678801875589],[-49.941503906250006,-17.62688567500588],[-49.960205078125,-17.62141692500589],[-49.990576171875006,-17.649932550005886],[-49.999365234375006,-17.65422942500588],[-50.007910156250006,-17.65545012813088],[-50.012939453125,-17.66057708125588],[-50.011083984375006,-17.67669036250588],[-50.02556152343749,-17.67512786250589],[-50.02971191406249,-17.687530206255886],[-50.031347656250006,-17.70491301875589],[-50.03837890624999,-17.71819426875588],[-50.063720703125,-17.703643487505886],[-50.06547851562499,-17.71282317500588],[-50.058837890625,-17.734893487505886],[-50.05888671874999,-17.75920989375588],[-50.06865234374999,-17.76970794063088],[-50.082861328125006,-17.77278411250589],[-50.107275390625006,-17.77288176875588],[-50.119140625,-17.778350518755886],[-50.139990234375006,-17.79094817500588],[-50.14824218749999,-17.793975518755886],[-50.15776367187499,-17.79412200313088],[-50.1650390625,-17.79192473750588],[-50.19384765625,-17.77263762813088],[-50.19707031249999,-17.77214934688088],[-50.199804687500006,-17.77581145625588],[-50.209716796875,-17.780303643755886],[-50.22587890624999,-17.78191497188088],[-50.237402343750006,-17.78167083125588],[-50.245458984375006,-17.78596770625589],[-50.251318359375006,-17.800811456255886],[-50.249609375000006,-17.81233489375589],[-50.242773437500006,-17.81926848750588],[-50.238378906250006,-17.82551848750589],[-50.24382324218749,-17.83489348750588],[-50.236572265625,-17.844756768755886],[-50.2314453125,-17.856475518755886],[-50.229101562500006,-17.86946380000589],[-50.230224609375,-17.88274505000588],[-50.23698730468749,-17.89729583125589],[-50.24626464843749,-17.901397393755886],[-50.256201171875006,-17.90129973750588],[-50.26494140624999,-17.90325286250588],[-50.281005859375,-17.920440362505886],[-50.28095703124998,-17.93718840938088],[-50.274511718750006,-17.95574309688088],[-50.27177734374999,-17.97835051875589],[-50.2548828125,-17.971221612505886],[-50.23588867187499,-17.96892669063088],[-50.21757812499999,-17.97297942500589],[-50.202880859375,-17.98518645625589],[-50.201171875,-17.99236419063088],[-50.20927734374999,-18.00422942500589],[-50.209716796875,-18.01238372188088],[-50.206396484375006,-18.015655206255886],[-50.19340820312499,-18.02312590938088],[-50.189208984375,-18.02620208125589],[-50.174902343750006,-18.04656340938088],[-50.159521484375006,-18.061553643755886],[-50.15507812499999,-18.06770598750589],[-50.146728515625,-18.087432550005886],[-50.150000000000006,-18.097198175005886],[-50.160742187500006,-18.104034112505886],[-50.174902343750006,-18.11555755000589],[-50.15861816406249,-18.13606536250589],[-50.15507812499999,-18.14348723750588],[-50.152587890625,-18.16838958125588],[-50.15507812499999,-18.17009856563088],[-50.136328125000006,-18.17669036250588],[-50.09965820312499,-18.16570403438088],[-50.093017578125,-18.173858331255886],[-50.09521484375,-18.17937590938088],[-50.105078125000006,-18.196807550005886],[-50.107275390625006,-18.20794036250588],[-50.10405273437499,-18.21672942500588],[-50.097021484375006,-18.221709893755886],[-50.09003906249998,-18.22503020625588],[-50.086767578125006,-18.22883880000589],[-50.090429687500006,-18.24456145625588],[-50.104101562500006,-18.28254973750589],[-50.106201171875,-18.30169036250588]]]}},{"type":"Feature","properties":{"role":"context_only","name":"Vaup\u00e9s","name_en":"Vaup\u00e9s","ne_id":1159109795},"geometry":{"type":"MultiLineString","coordinates":[[[-71.262158203125,0.9996279968691084],[-71.22697753906249,0.9859072937441198],[-71.19921875,0.9896182312441084],[-71.175537109375,0.9738223328066198],[-71.173779296875,0.9574649109316198],[-71.17236328125,0.9445986999941169],[-71.15727539062499,0.9289736999941169],[-71.13754882812499,0.9420840515566198],[-71.12143554687499,0.9575381531191169],[-71.10527343749999,0.9495303406191198],[-71.08725585937499,0.9387393249941169],[-71.05437011718749,0.9408633484316198],[-71.03203124999999,0.9339053406191198],[-71.03203124999999,0.9036319031191198],[-71.0283203125,0.8770694031191084],[-71.00969238281249,0.8812930359316198],[-70.9892578125,0.8799014343691169],[-70.97617187499999,0.8402774109316198],[-70.95634765624999,0.8192080749941084],[-70.940185546875,0.8316104187441198],[-70.94047851562499,0.8574404968691169],[-70.94267578124999,0.8962588562441169],[-70.93540039062499,0.9174990906191169],[-70.92155761718749,0.9284854187441169],[-70.90463867187499,0.9324893249941084],[-70.87939453125,0.8974795593691169],[-70.85979003906249,0.8861026062441084],[-70.849609375,0.9148623718691198],[-70.82968749999999,0.9218203796816198],[-70.80615234375,0.8999697937441198],[-70.78583984375,0.8910586609316198],[-70.747802734375,0.8925235046816198],[-70.72404785156249,0.9077822937441198],[-70.72919921875,0.9483096374941198],[-70.73583984375,0.9745547546816198],[-70.72666015624999,0.9979922546816198],[-70.71591796874999,1.022235418744117],[-70.71176757812499,1.0538272156191084],[-70.70695800781249,1.0838076843691198],[-70.718017578125,1.0960635437441084],[-70.73552246093749,1.112567449994117],[-70.750244140625,1.1382510437441198],[-70.76718749999999,1.1607608093691084],[-70.807373046875,1.1692569031191198],[-70.82333984374999,1.181903387494117],[-70.80485839843749,1.2028262390566198],[-70.77666015624999,1.217547918744117],[-70.731689453125,1.2201602234316198],[-70.6953125,1.2107608093691198],[-70.65341796874999,1.1891543640566198],[-70.61137695312499,1.177997137494117],[-70.58139648437499,1.1668154968691198],[-70.56267089843749,1.149920965619117],[-70.51689453124999,1.117206121869117],[-70.470458984375,1.1022403015566198],[-70.44736328124999,1.1358096374941198],[-70.41552734375,1.1399600281191198],[-70.397705078125,1.1432559265566198],[-70.38029785156249,1.1585635437441084],[-70.351806640625,1.146991278119117],[-70.33098144531249,1.159686590619117],[-70.31206054687499,1.207782293744117],[-70.29526367187499,1.2229678406191198],[-70.27482910156249,1.2289492859316198],[-70.25480957031249,1.2498233093691198],[-70.25249023437499,1.281024481244117],[-70.23178710937499,1.3014590515566198],[-70.191650390625,1.3108584656191198],[-70.15483398437499,1.307879949994117],[-70.132080078125,1.2760684265566198],[-70.10800781249999,1.2518252624941084],[-70.07744140624999,1.2276553406191084],[-70.04838867187499,1.2090518249941198],[-70.02402343749999,1.1903750671816198],[-70.01474609374999,1.1618106140566198],[-69.98681640625,1.1295840515566198],[-69.953125,1.1146914734316198],[-69.94091796875,1.1072451843691198],[-69.9447265625,1.0828799499941084],[-69.97563476562499,1.0538272156191084],[-69.98588867187499,1.027362371869117],[-69.95703125,0.9979922546816198],[-69.92705078124999,0.9874209656191084],[-69.90361328124999,1.0029971374941198],[-69.88657226562499,1.0132998718691084],[-69.87509765624999,1.030292059369117],[-69.86328125,1.0477969421816198],[-69.855224609375,1.0550479187441084],[-69.85302734375,1.0596377624941198],[-69.83012695312499,1.0574404968691198],[-69.78842773437499,1.0844180359316198],[-69.76337890625,1.0912539734316198],[-69.75048828125,1.0906436218691198],[-69.73764648437499,1.0885684265566198],[-69.72885742187499,1.0830752624941198],[-69.727294921875,1.0611514343691084],[-69.716796875,1.0586611999941198],[-69.62065429687499,1.0729434265566198],[-69.59750976562499,1.0720889343691198],[-69.55405273437499,1.0569522156191198],[-69.54374999999999,1.0557315124941198],[-69.51083984374999,1.0562197937441198],[-69.47905273437499,1.0608584656191198],[-69.469482421875,1.0596377624941198],[-69.46054687499999,1.0553653015566198],[-69.45615234374999,1.0508975281191084],[-69.453125,1.046405340619117],[-69.44809570312499,1.0418643249941084],[-69.42919921875,1.0305850281191198],[-69.4189453125,1.028827215619117],[-69.37167968749999,1.0631045593691084],[-69.35576171874999,1.067157293744117],[-69.339599609375,1.0642764343691198],[-69.28959960937499,1.0385195984316198],[-69.27509765625,1.0283877624941198],[-69.25798339843749,1.0070254578066198],[-69.24101562499999,0.9957949890566198],[-69.233642578125,0.9885440124941169],[-69.23095703125,0.9791934265566198],[-69.22990722656249,0.9675479187441169],[-69.22690429687499,0.9572940124941169],[-69.20512695312499,0.9438662781191169],[-69.21079101562499,0.9077334656191169],[-69.19467773437499,0.8922793640566198],[-69.17155761718749,0.8833194031191169],[-69.15976562499999,0.8763369812441084],[-69.15317382812499,0.8679873718691198],[-69.15312499999999,0.8544375671816198],[-69.16057128906249,0.8497256531191084],[-69.1701171875,0.8482608093691084],[-69.17612304687499,0.8445986999941084],[-69.17832031249999,0.8237490906191169],[-69.16855468749999,0.7791201843691198],[-69.16855468749999,0.7561709656191198],[-69.17539062499999,0.7455508484316198],[-69.18583984374999,0.7378115906191169],[-69.193115234375,0.7290713562441198],[-69.19003906249999,0.7152774109316198],[-69.18198242187499,0.7076358093691084],[-69.16032714843749,0.6974551453066198],[-69.15288085937499,0.6907412781191198],[-69.14194335937499,0.6683291687441084],[-69.13823242187499,0.6502139343691198],[-69.14438476562499,0.6377139343691169],[-69.16313476562499,0.6316592468691198],[-69.17221679687499,0.6329287781191084],[-69.19091796875,0.6398379578066198],[-69.201416015625,0.6395938171816198],[-69.2091796875,0.6347110046816198],[-69.21640624999999,0.6243838562441084],[-69.21469726562499,0.6230654968691169],[-69.20566406249999,0.5895449890566198],[-69.176220703125,0.5672549499941084],[-69.15771484375,0.5413272156191198],[-69.15507812499999,0.5125674499941084],[-69.15366210937499,0.4835879578066198],[-69.16259765625,0.4611270203066198],[-69.166259765625,0.4517764343691084],[-69.17221679687499,0.43507721561911694],[-69.17490234374999,0.4182803406191198],[-69.16484374999999,0.4032656921816198],[-69.148876953125,0.3847110046816198],[-69.130126953125,0.38038971561911694],[-69.11162109374999,0.3834903015566198],[-69.10043945312499,0.4046084656191198],[-69.093505859375,0.4334658874941084],[-69.08183593749999,0.47536041874411694],[-69.06943359374999,0.4976748718691084],[-69.049560546875,0.5037783874941084],[-69.033447265625,0.4989688171816198],[-69.02036132812499,0.4801699890566198],[-69.017333984375,0.44435455936911694],[-69.01010742187499,0.4318301453066198],[-68.99790039062499,0.4190127624941198],[-68.98129882812499,0.4170596374941198],[-68.96142578125,0.4244326843691084],[-68.946533203125,0.43190338749411694],[-68.93071289062499,0.4303653015566198],[-68.91552734375,0.4219912781191084],[-68.89812011718749,0.4008242859316198],[-68.88322753906249,0.38844635624411694],[-68.85686035156249,0.38600494999411694],[-68.80998535156249,0.3971621765566198],[-68.773876953125,0.4064395203066198],[-68.76035156249999,0.4170596374941198],[-68.74418945312499,0.4170596374941198],[-68.73051757812499,0.4108340515566198],[-68.72275390624999,0.3955752624941198],[-68.71440429687499,0.3512637390566198],[-68.70817871093749,0.3388125671816198],[-68.69467773437499,0.3256289734316198],[-68.65727539062499,0.3028018249941198],[-68.61491699218749,0.2809512390566198],[-68.564208984375,0.2581240906191198],[-68.52939453124999,0.2518985046816198],[-68.504638671875,0.25441315311911694],[-68.4833984375,0.2586123718691198],[-68.46611328124999,0.2593447937441198],[-68.447509765625,0.25563385624411694],[-68.425048828125,0.24713776249411978],[-68.41179199218749,0.23888580936910842],[-68.40532226562499,0.22218659061911694],[-68.40532226562499,0.20099518436911978],[-68.41025390624999,0.16840241093161978],[-68.41997070312499,0.15582916874411978],[-68.43881835937499,0.13397858280661978],[-68.44003906249999,0.11163971561911978],[-68.431396484375,0.09181549686911694],[-68.40532226562499,0.07196686405661978],[-68.359375,0.040887762494108415],[-68.33203125,0.03590729374411694],[-68.301220703125,0.025506903119108415],[-68.25634765625,0.0049014343691169415],[-68.23027343749999,0.0029483093691169415],[-68.212890625,0.006170965619119784],[-68.199658203125,0.017645574994119784],[-68.19677734375,0.021063543744119784],[-68.18278808593749,0.034979559369119784],[-68.15952148437499,0.039618231244119784],[-68.14243164062499,0.046698309369119784],[-68.13469238281249,0.061957098431619784],[-68.12846679687499,0.07904694218161978],[-68.12102050781249,0.08930084843161978],[-68.111083984375,0.09425690311911694],[-68.094970703125,0.09552643436911978],[-68.07927246093749,0.09132721561911694],[-68.06816406249999,0.08222077030661978],[-68.05893554687499,0.07440827030661978],[-68.04802246093749,0.07287018436910842],[-68.0400390625,0.07562897343161978],[-68.03166503906249,0.10670807499411694],[-68.02202148437499,0.13244049686910842],[-68.01054687499999,0.14765045780661978],[-67.99521484374999,0.15277741093161978],[-67.98076171874999,0.15382721561911694],[-67.95964355468749,0.15009186405661978],[-67.93979492187499,0.13739655155661978],[-67.919921875,0.13024323124410842],[-67.89433593749999,0.12379791874411694],[-67.84916992187499,0.10426666874411694],[-67.81889648437499,0.09442780155661978],[-67.79331054687499,0.10426666874411694],[-67.74677734375,0.10394928593161978],[-67.715087890625,0.09425690311911694],[-67.67070312499999,0.08234284061911978],[-67.61704101562499,0.07318756718161978],[-67.57866210937499,0.061224676556619784],[-67.53759765625,0.037176824994119784],[-67.50175781249999,0.026434637494119784],[-67.47802734375,0.029730535931619784],[-67.45952148437499,0.03810455936911694],[-67.44072265624999,0.044623114056619784],[-67.422119140625,0.048700262494108415],[-67.406005859375,0.049139715619119784],[-67.36625976562499,0.043329168744108415],[-67.32993164062499,0.03932526249411694],[-67.29550781249999,0.037176824994119784],[-67.26835937499999,0.046698309369119784],[-67.25327148437499,0.059442449994108415]]]}},{"type":"Feature","properties":{"role":"context_only","name":"Santiago","name_en":"Santiago","ne_id":1159109807},"geometry":{"type":"MultiLineString","coordinates":[[[-78.62041015624999,-1.9974911437558802],[-78.62167968749999,-1.9812802062558887],[-78.63164062499999,-1.9345028625058802],[-78.63364257812499,-1.909209893755886],[-78.6318359375,-1.8846005187558887],[-78.6259765625,-1.8605282531308802],[-78.598388671875,-1.7986630187558887],[-78.599609375,-1.780303643755886],[-78.61638183593749,-1.7664364562558887],[-78.64421386718749,-1.7556942687558887],[-78.64860839843749,-1.746612237505886],[-78.64287109374999,-1.7296688781308802],[-78.61992187499999,-1.6942684875058802],[-78.61601562499999,-1.680205987505886],[-78.61320800781249,-1.655303643755886],[-78.60808105468749,-1.6371395812558802],[-78.59619140625,-1.622100518755886],[-78.57329101562499,-1.606963800005886],[-78.54868164062499,-1.5917294250058802],[-78.53720703124999,-1.582061456255886],[-78.52817382812499,-1.571319268755886],[-78.52353515624999,-1.5584286437558887],[-78.522216796875,-1.515166925005886],[-78.50456542968749,-1.4432919250058802],[-78.493408203125,-1.4217098937558887],[-78.48520507812499,-1.4117977843808802],[-78.47722167968749,-1.4071591125058802],[-78.45615234374999,-1.4037411437558802],[-78.43955078124999,-1.3992489562558887],[-78.40776367187499,-1.385284112505886],[-78.39121093749999,-1.3816708312558887],[-78.27294921875,-1.387237237505886],[-78.25473632812499,-1.3915341125058802],[-78.23828125,-1.3981259093808802],[-78.18002929687499,-1.4408505187558802],[-78.14794921875,-1.4511044250058802],[-78.14201660156249,-1.4552548156308802],[-78.13754882812499,-1.4612606750058887],[-78.12614746093749,-1.4884579406308802],[-78.12382812499999,-1.4978817687558887],[-78.12297363281249,-1.5087216125058802],[-78.12358398437499,-1.5270321593808802],[-78.12255859375,-1.5360653625058802],[-78.11906738281249,-1.543487237505886],[-78.111572265625,-1.5490048156308802],[-78.103271484375,-1.5516903625058802],[-78.09506835937499,-1.555205987505886],[-78.08818359374999,-1.5636532531308802],[-78.085693359375,-1.572295831255886],[-78.08488769531249,-1.6127255187558802],[-78.08212890624999,-1.6200497375058802],[-78.076416015625,-1.6254208312558802],[-78.04355468749999,-1.643584893755886],[-78.02202148437499,-1.6608212218808802],[-78.01572265624999,-1.663604425005886],[-78.00473632812499,-1.6657040343808802],[-77.99382324218749,-1.6652157531308802],[-77.94865722656249,-1.6556942687558802],[-77.92954101562499,-1.6575497375058887],[-77.9142578125,-1.6681454406308802],[-77.90234375,-1.6902645812558887],[-77.88933105468749,-1.755889581255886],[-77.87089843749999,-1.7849911437558887],[-77.86801757812499,-1.7942684875058887],[-77.86760253906249,-1.8162411437558887],[-77.864501953125,-1.8299130187558887],[-77.84970703124999,-1.8549130187558802],[-77.84433593749999,-1.8684872375058887],[-77.841796875,-1.898467706255886],[-77.83842773437499,-1.9127743468808802],[-77.82958984375,-1.924834893755886],[-77.812255859375,-1.9342587218808802],[-77.77158203124999,-1.943877862505886],[-77.75327148437499,-1.9508602843808802],[-77.74033203124999,-1.9632138000058887],[-77.73454589843749,-1.9786923156308802],[-77.730712890625,-1.995147393755886],[-77.72368164062499,-2.0110653625058887],[-77.71074218749999,-2.022491143755886],[-77.6943359375,-2.02874114375588],[-77.65959472656249,-2.037627862505886],[-77.38437499999999,-2.154327081255886],[-77.15463867187499,-2.3030575500058887],[-77.13737792968749,-2.307159112505886],[-77.12321777343749,-2.31365325313088],[-77.111083984375,-2.32903411250588],[-77.09294433593749,-2.36126067500588],[-77.0576171875,-2.40325286250588],[-77.048779296875,-2.41790130000588],[-77.041748046875,-2.42327239375588],[-77.03471679687499,-2.43010833125588],[-77.03154296874999,-2.43938567500588],[-77.029541015625,-2.44329192500588],[-77.01718749999999,-2.47722747188088],[-76.99296874999999,-2.50603606563088],[-76.9591796875,-2.528350518755886],[-76.91838378906249,-2.54045989375588],[-76.87321777343749,-2.5393856750058887],[-76.84311523437499,-2.52874114375588],[-76.83146972656249,-2.52996184688088],[-76.815185546875,-2.5428036437558887],[-76.80224609375,-2.5496395812558887],[-76.768017578125,-2.556182550005886],[-76.72600097656249,-2.57708098750588],[-76.70444335937499,-2.57048919063088],[-76.6845703125,-2.56121184688088],[-76.66154785156249,-2.56658294063088],[-76.652587890625,-2.5838192687558887],[-76.63103027343749,-2.61565520625588],[-76.62680664062499,-2.63176848750588],[-76.62810058593749,-2.67424895625588],[-76.62631835937499,-2.69793059688088],[-76.61997070312499,-2.71746184688088],[-76.60678710937499,-2.73113372188088],[-76.56992187499999,-2.75139739375588],[-76.535888671875,-2.77581145625588],[-76.49040527343749,-2.7981747375058887],[-76.46916503906249,-2.8142880187558887],[-76.437744140625,-2.848663018755886],[-76.41215820312499,-2.88811614375588],[-76.40141601562499,-2.93132903438088],[-76.41455078125,-2.977569268755886],[-76.4404296875,-3.016143487505886],[-76.452099609375,-3.04168059688088],[-76.44560546874999,-3.053252862505886],[-76.43864746093749,-3.06267669063088],[-76.43247070312499,-3.08416106563088],[-76.42851562499999,-3.10735442500588],[-76.42822265625,-3.122100518755886],[-76.43344726562499,-3.1341122375058887],[-76.439208984375,-3.1429013000058887],[-76.44304199218749,-3.151397393755886],[-76.44248046874999,-3.16253020625588],[-76.437744140625,-3.1702450500058887],[-76.42099609374999,-3.18694426875588],[-76.41455078125,-3.197295831255886],[-76.41083984375,-3.21013762813088],[-76.41259765625,-3.2151669250058887],[-76.41691894531249,-3.21795012813088],[-76.42075195312499,-3.22454192500588],[-76.42841796875,-3.2478817687558887],[-76.426220703125,-3.2605770812558887],[-76.3955078125,-3.27019622188088],[-76.37631835937499,-3.27996184688088],[-76.35996093749999,-3.2923153625058887],[-76.35312499999999,-3.30364348750588],[-76.35092773437499,-3.31096770625588],[-76.340087890625,-3.33147551875588],[-76.33574218749999,-3.33782317500588],[-76.33173828125,-3.34807708125588],[-76.33586425781249,-3.3567684875058887],[-76.34257812499999,-3.3636044250058887],[-76.34624023437499,-3.36858489375588],[-76.34433593749999,-3.387725518755886],[-76.33745117187499,-3.409209893755886],[-76.328125,-3.429229425005886],[-76.31894531249999,-3.44426848750588],[-76.29130859374999,-3.474151300005886],[-76.2841796875,-3.48528411250588],[-76.28154296874999,-3.49529387813088],[-76.281005859375,-3.50505950313088],[-76.27939453124999,-3.51433684688088],[-76.273681640625,-3.522491143755886],[-76.27011718749999,-3.53704192500588],[-76.2841796875,-3.5525692687558887],[-76.30241699218749,-3.568389581255886],[-76.3115234375,-3.58416106563088],[-76.2978515625,-3.61687590938088],[-76.30126953125,-3.62175872188088],[-76.3388671875,-3.6565731750058887],[-76.34604492187499,-3.64959075313088],[-76.35302734375,-3.649444268755886],[-76.40771484375,-3.6839169250058887],[-76.41416015624999,-3.705108331255886],[-76.41362304687499,-3.72234465938088],[-76.41887207031249,-3.7376278625058887],[-76.44248046874999,-3.7527645812558887],[-76.43505859375,-3.758330987505886],[-76.442138671875,-3.76970794063088],[-76.446240234375,-3.7869442687558887],[-76.45029296874999,-3.8611630187558887],[-76.45458984375,-3.878448175005886],[-76.46298828124999,-3.89739348750588],[-76.48129882812499,-3.92107512813088],[-76.48344726562499,-3.9309872375058887],[-76.46616210937499,-3.9431942687558887],[-76.46298828124999,-3.94793059688088],[-76.46337890625,-3.96038176875588],[-76.46916503906249,-3.97869231563088],[-76.47250976562499,-3.98430755000588],[-76.477294921875,-3.9905575500058887],[-76.48154296874999,-3.998565362505886],[-76.48344726562499,-4.00969817500588],[-76.46826171875,-4.07293059688088],[-76.47119140625,-4.107256768755889],[-76.50053710937499,-4.122100518755886],[-76.502685546875,-4.13152434688088],[-76.5244140625,-4.184112237505886],[-76.53630371093749,-4.19500090938088],[-76.57182617187499,-4.21795012813088],[-76.58586425781249,-4.225127862505886],[-76.57487792968749,-4.240264581255886],[-76.57333984374999,-4.25774505000588],[-76.57895507812499,-4.275225518755889],[-76.594482421875,-4.29827239375588],[-76.60454101562499,-4.32244231563088],[-76.61015624999999,-4.344268487505886],[-76.62827148437499,-4.36419036250588],[-76.63427734375,-4.37590911250588],[-76.63322753906249,-4.395830987505889],[-76.61723632812499,-4.439971612505886],[-76.61313476562499,-4.46160247188088],[-76.6123046875,-4.48479583125588],[-76.609130859375,-4.501299737505889],[-76.60283203124999,-4.51409270625588],[-76.58237304687499,-4.539385675005889],[-76.575927734375,-4.55193450313088],[-76.57255859374999,-4.56804778438088],[-76.57158203124999,-4.591631768755889],[-76.57377929687499,-4.602569268755886],[-76.58359374999999,-4.62127044063088],[-76.58586425781249,-4.632647393755889],[-76.581298828125,-4.64128997188088],[-76.55168457031249,-4.67009856563088],[-76.54741210937499,-4.69646575313088],[-76.544921875,-4.70427825313088],[-76.52116699218749,-4.727862237505889],[-76.49951171875,-4.740264581255886],[-76.48637695312499,-4.758819268755886],[-76.43564453124999,-4.856475518755886],[-76.42529296875,-4.892413018755889],[-76.43505859375,-4.916534112505886]]]}},{"type":"Feature","properties":{"role":"context_only","name":"Aripuan\u00e3","name_en":"Aripuan\u00e3","ne_id":1159109821},"geometry":{"type":"MultiLineString","coordinates":[[[-60.51848144531249,-9.452959893755889],[-60.5234375,-9.441924737505886],[-60.52934570312499,-9.41643645625588],[-60.545166015625,-9.37810637813088],[-60.55029296875,-9.369952081255889],[-60.554931640625,-9.36541106563088],[-60.5654296875,-9.35833098750588],[-60.570068359375,-9.35369231563088],[-60.57524414062499,-9.345733331255886],[-60.58349609375,-9.32683684688088],[-60.58935546875,-9.302764581255886],[-60.59130859375,-9.29827239375588],[-60.59746093749999,-9.289873956255889],[-60.62924804687499,-9.23211028438088],[-60.6328125,-9.227080987505886],[-60.64030761718749,-9.21990325313088],[-60.64316406249999,-9.21599700313088],[-60.64511718749999,-9.210772393755889],[-60.64616699218749,-9.19866301875588],[-60.64536132812499,-9.19231536250588],[-60.64316406249999,-9.18743255000588],[-60.63720703125,-9.182159112505886],[-60.62353515625,-9.17376067500588],[-60.61809082031249,-9.167315362505889],[-60.612548828125,-9.152178643755889],[-60.60898437499999,-9.145049737505886],[-60.587158203125,-9.119659112505886],[-60.58488769531249,-9.112334893755886],[-60.58696289062499,-9.10515715938088],[-60.60502929687499,-9.08245208125588],[-60.60942382812499,-9.074737237505886],[-60.61313476562499,-9.06560637813088],[-60.61484374999999,-9.05608489375588],[-60.612548828125,-9.02800872188088],[-60.6142578125,-9.02044036250588],[-60.61845703124999,-9.01360442500588],[-60.62485351562499,-9.01043059688088],[-60.63322753906249,-9.013213800005886],[-60.635498046875,-9.01628997188088],[-60.640625,-9.030596612505889],[-60.64372558593749,-9.03655364375588],[-60.64738769531249,-9.04021575313088],[-60.65227050781249,-9.04265715938088],[-60.658935546875,-9.044952081255886],[-60.66074218749999,-9.03582122188088],[-60.66171874999999,-9.00652434688088],[-60.66684570312499,-8.98601653438088],[-60.671875,-8.977080987505886],[-60.68027343749999,-8.96941497188088],[-60.70122070312499,-8.956084893755886],[-60.70751953125,-8.95012786250588],[-60.71696777343749,-8.936846612505889],[-60.7197265625,-8.92815520625588],[-60.72001953124999,-8.90886809688088],[-60.721923828125,-8.899737237505889],[-60.73076171874999,-8.869952081255889],[-60.73154296874999,-8.86223723750588],[-60.72758789062499,-8.83025481563088],[-60.73051757812499,-8.784698175005886],[-60.72958984374999,-8.77507903438088],[-60.72153320312499,-8.746123956255886],[-60.71904296874999,-8.722491143755889],[-60.7197265625,-8.71306731563088],[-60.72124023437499,-8.708819268755889],[-60.72543945312499,-8.70159270625588],[-60.72697753906249,-8.69744231563088],[-60.741455078125,-8.69207122188088],[-60.757568359375,-8.683623956255886],[-60.77177734374999,-8.67327239375588],[-60.78037109374999,-8.661455987505889],[-60.78239746093749,-8.647979425005886],[-60.7802734375,-8.633819268755886],[-60.76953125,-8.59587981563088],[-60.75895996093749,-8.577178643755886],[-60.756103515625,-8.56755950313088],[-60.75742187499999,-8.559405206255889],[-60.76181640624999,-8.55144622188088],[-60.772216796875,-8.53704192500588],[-60.77336425781249,-8.52971770625588],[-60.769287109375,-8.513018487505889],[-60.77036132812499,-8.50701262813088],[-60.77392578125,-8.50432708125588],[-60.78276367187499,-8.500811456255889],[-60.78654785156249,-8.49822356563088],[-60.790283203125,-8.492510675005889],[-60.791259765625,-8.486358331255886],[-60.78989257812499,-8.480010675005886],[-60.78671874999999,-8.473955987505889],[-60.78276367187499,-8.468780206255886],[-60.778076171875,-8.464385675005886],[-60.77280273437499,-8.460479425005886],[-60.74467773437499,-8.44573333125588],[-60.73991699218749,-8.440752862505889],[-60.74448242187499,-8.431670831255886],[-60.75090332031249,-8.424834893755886],[-60.75888671874999,-8.42083098750588],[-60.768798828125,-8.419952081255886],[-60.78061523437499,-8.421416925005886],[-60.78557128906249,-8.420245050005889],[-60.79057617187499,-8.41594817500588],[-60.806396484375,-8.39666106563088],[-60.80908203125,-8.39055755000588],[-60.80859375,-8.38445403438088],[-60.805908203125,-8.37835051875588],[-60.79208984374999,-8.35711028438088],[-60.75566406249999,-8.322588800005889],[-60.75156249999999,-8.31633880000588],[-60.73283691406249,-8.26262786250588],[-60.73081054687499,-8.24602630000588],[-60.734375,-8.23259856563088],[-60.74252929687499,-8.21770598750588],[-60.753076171874994,-8.203936456255889],[-60.76396484374999,-8.193389581255886],[-60.78068847656249,-8.183623956255886],[-60.79692382812499,-8.180694268755886],[-60.8134765625,-8.183135675005886],[-60.85832519531249,-8.198760675005886],[-60.88615722656249,-8.20354583125588],[-60.9384765625,-8.203448175005889],[-60.95249023437499,-8.200225518755886],[-60.96542968749999,-8.19475676875588],[-60.98942871093749,-8.18059661250588],[-61.02128906249999,-8.16912200313088],[-61.02963867187499,-8.163116143755886],[-61.03842773437499,-8.14788176875588],[-61.05283203124999,-8.094073175005889],[-61.05949707031249,-8.047686456255889],[-61.03300781249999,-7.96502044063088],[-61.02490234375,-7.95086028438088],[-61.00131835937499,-7.93377044063088],[-60.99326171874999,-7.92522551875588],[-60.97421874999999,-7.896319268755889],[-60.96721191406249,-7.878741143755889],[-60.97014160156249,-7.862334893755886],[-60.97819824218749,-7.84587981563088],[-60.98251953124999,-7.82756926875588],[-60.983154296875,-7.80925872188088],[-60.98002929687499,-7.792803643755889],[-60.96845703125,-7.78655364375588],[-60.94938964843749,-7.792022393755886],[-60.923779296875,-7.80608489375588],[-60.92705078124999,-7.76628997188088],[-60.9072265625,-7.70671965938088],[-60.89560546874999,-7.68645598750588],[-60.882080078125,-7.671905206255886],[-60.86418457031249,-7.66375090938088],[-60.8447265625,-7.659698175005886],[-60.81120605468749,-7.64714934688088],[-60.74169921875,-7.61077239375588],[-60.68876953124999,-7.56438567500588],[-60.658935546875,-7.478350518755889],[-60.66220703124999,-7.395538018755886],[-60.65910644531249,-7.380401300005886],[-60.65234375,-7.36663176875588],[-60.64238281249999,-7.35247161250588],[-60.6591796875,-7.26091887813088],[-60.67216796874999,-7.19036223750588],[-60.67424316406249,-7.18596770625588],[-60.68132324218749,-7.175811456255886],[-60.69450683593749,-7.16375090938088],[-60.71518554687499,-7.153838800005886],[-60.73300781249999,-7.14788176875588],[-60.74125976562499,-7.14275481563088],[-60.75493164062499,-7.124053643755886],[-60.762451171875,-7.10637786250588],[-60.76279296874999,-7.08684661250588],[-60.75822753906249,-7.064483331255886],[-60.7177734375,-7.02678801875588],[-60.70859374999999,-7.011553643755889],[-60.69785156249999,-7.00188567500588],[-60.67509765624999,-6.99700286250588],[-60.61923828124999,-6.99504973750588],[-60.594970703125,-6.991045831255889],[-60.57373046875,-6.980010675005886],[-60.55869140624999,-6.96428801875588],[-60.54716796874999,-6.92498137813088],[-60.49765624999999,-6.85051848750588],[-60.48527832031249,-6.83660247188088],[-60.470947265625,-6.82463958125588],[-60.45598144531249,-6.81487395625588],[-60.43808593749999,-6.80681731563088],[-60.43046874999999,-6.802276300005886],[-60.4228515625,-6.79436614375588],[-60.41679687499999,-6.78533294063088],[-60.40732421874999,-6.766143487505886],[-60.40410156249999,-6.75579192500588],[-60.40415039062499,-6.74138762813088],[-60.41630859374999,-6.715850518755886],[-60.42050781249999,-6.701495050005889],[-60.419189453125,-6.671221612505889],[-60.42050781249999,-6.661944268755889],[-60.422119140625,-6.658526300005889],[-60.4267578125,-6.653155206255889],[-60.42856445312499,-6.650420831255886],[-60.43212890625,-6.640459893755889],[-60.43413085937499,-6.629229425005889],[-60.43474121093749,-6.61760833125588],[-60.43417968749999,-6.60662200313088],[-60.42448730468749,-6.55364348750588],[-60.41972656249999,-6.537920831255889],[-60.40874023437499,-6.513995050005889],[-60.36557617187499,-6.448760675005886],[-60.363037109375,-6.441729425005889],[-60.36044921874999,-6.42034270625588],[-60.35686035156249,-6.40911223750588],[-60.33749999999999,-6.38030364375588],[-60.332177734374994,-6.36394622188088],[-60.33476562499999,-6.315264581255889],[-60.33305664062499,-6.298663018755889],[-60.32890624999999,-6.28069426875588],[-60.32280273437499,-6.26336028438088],[-60.31503906249999,-6.248858331255889],[-60.306396484375,-6.239092706255889],[-60.27653808593749,-6.21428801875588],[-60.26206054687499,-6.19207122188088],[-60.2119140625,-6.15081145625588],[-60.20053710937499,-6.132647393755889],[-60.197021484375,-6.117705987505886],[-60.19565429687499,-6.07341887813088],[-60.18540039062499,-6.040850518755889],[-60.18559570312499,-6.03167083125588],[-60.20541992187499,-5.962237237505889],[-60.2099609375,-5.92449309688088],[-60.21708984374999,-5.905791925005886],[-60.23193359375,-5.88933684688088],[-60.24472656249999,-5.86931731563088],[-60.24838867187499,-5.79338958125588],[-60.26499023437499,-5.72380950313088],[-60.31132812499999,-5.650909112505886],[-60.36101074218749,-5.60125090938088],[-60.36142578124999,-5.598467706255889],[-60.36430664062499,-5.590655206255889],[-60.37216796874999,-5.57903411250588],[-60.401123046875,-5.54998137813088],[-60.40483398437499,-5.534698175005886],[-60.40239257812499,-5.518877862505889],[-60.3974609375,-5.501983331255886],[-60.39775390624999,-5.479815362505889],[-60.40483398437499,-5.453643487505886],[-60.41728515624999,-5.42253997188088],[-60.40732421874999,-5.32659270625588],[-60.380859375,-5.233916925005886],[-60.37736816406249,-5.20086028438088],[-60.382568359375,-5.173370050005886],[-60.39018554687499,-5.15471770625588],[-60.39409179687499,-5.14788176875588]]]}},{"type":"Feature","properties":{"role":"context_only","name":"Teles Pires","name_en":"Teles Pires","ne_id":1159109833},"geometry":{"type":"MultiLineString","coordinates":[[[-57.928466796875,-14.29143645625588],[-57.92490234374999,-14.26946380000588],[-57.91049804687499,-14.227373956255889],[-57.90732421874999,-14.206084893755886],[-57.90629882812499,-14.18157317500588],[-57.90283203125,-14.16082122188088],[-57.804931640625,-13.90276458125588],[-57.78891601562499,-13.87810637813088],[-57.77182617187499,-13.867510675005889],[-57.76416015625,-13.859405206255886],[-57.70036621093749,-13.75872161250588],[-57.68686523437499,-13.72527434688088],[-57.67905273437499,-13.69548919063088],[-57.67905273437499,-13.609893487505886],[-57.675927734374994,-13.58855559688088],[-57.66855468749999,-13.568682550005889],[-57.65170898437499,-13.537920831255889],[-57.615966796875,-13.486163018755889],[-57.61076660156249,-13.46648528438088],[-57.61259765624999,-13.44353606563088],[-57.62443847656249,-13.38030364375588],[-57.62167968749999,-13.33049895625588],[-57.60678710937499,-13.296905206255886],[-57.56298828125,-13.23626067500588],[-57.4873046875,-13.09905364375588],[-57.34130859375,-12.918487237505886],[-57.328369140625,-12.877959893755886],[-57.33642578125,-12.832842706255889],[-57.35263671874999,-12.81023528438088],[-57.37370605468749,-12.79509856563088],[-57.39592285156249,-12.782549737505889],[-57.41557617187499,-12.76702239375588],[-57.44833984374999,-12.73064544063088],[-57.4591796875,-12.71428801875588],[-57.466796875,-12.69500090938088],[-57.49301757812499,-12.57561614375588],[-57.52783203125,-12.496905206255889],[-57.53354492187499,-12.475616143755886],[-57.53671874999999,-12.44036223750588],[-57.54150390625,-12.425323175005886],[-57.54501953124999,-12.403838800005886],[-57.55131835937499,-12.39739348750588],[-57.55991210937499,-12.39348723750588],[-57.56918945312499,-12.38713958125588],[-57.60258789062499,-12.35540130000588],[-57.62041015624999,-12.34832122188088],[-57.64829101562499,-12.34612395625588],[-57.66435546874999,-12.343096612505889],[-57.76840820312499,-12.28777434688088],[-57.769677734374994,-12.26873137813088],[-57.77353515624999,-12.25603606563088],[-57.78891601562499,-12.22942473750588],[-57.79296875,-12.21868255000588],[-57.79345703125,-12.210967706255886],[-57.7951171875,-12.20378997188088],[-57.80258789062499,-12.19475676875588],[-57.81157226562499,-12.189483331255886],[-57.82377929687499,-12.185381768755889],[-57.83647460937499,-12.182647393755886],[-57.84697265624999,-12.181670831255886],[-57.86943359374999,-12.17693450313088],[-57.94003906249999,-12.136065362505889],[-57.94487304687499,-12.13225676875588],[-57.95053710937499,-12.128936456255886],[-57.96025390624999,-12.126495050005886],[-57.98007812499999,-12.132354425005886],[-57.99008789062499,-12.13250090938088],[-57.99882812499999,-12.11467864375588],[-58.00927734375,-12.11174895625588],[-58.0322265625,-12.11223723750588],[-58.040478515625,-12.109698175005889],[-58.04550781249999,-12.103350518755889],[-58.04826660156249,-12.094756768755886],[-58.04960937499999,-12.085479425005886],[-58.04960937499999,-12.00603606563088],[-58.05180664062499,-11.986651300005889],[-58.05766601562499,-11.964385675005886],[-58.06640625,-11.94329192500588],[-58.076904296875,-11.92791106563088],[-58.08513183593749,-11.92180755000588],[-58.10302734375,-11.913409112505889],[-58.111083984375,-11.906768487505886],[-58.124755859375,-11.876006768755886],[-58.12998046874999,-11.86760833125588],[-58.16569824218749,-11.824737237505886],[-58.176025390625,-11.80828215938088],[-58.18352050781249,-11.79876067500588],[-58.19296874999999,-11.79070403438088],[-58.204541015625,-11.785967706255889],[-58.22709960937499,-11.78093840938088],[-58.23796386718749,-11.77361419063088],[-58.24521484374999,-11.76433684688088],[-58.252685546875,-11.747393487505889],[-58.25847167968749,-11.73943450313088],[-58.27836914062499,-11.720049737505889],[-58.28239746093749,-11.714873956255886],[-58.29013671874999,-11.693682550005889],[-58.29868164062499,-11.649444268755886],[-58.30966796874999,-11.62615325313088],[-58.31577148437499,-11.61785247188088],[-58.32316894531249,-11.611163018755889],[-58.33334960937499,-11.606768487505889],[-58.34782714843749,-11.605010675005886],[-58.36337890624999,-11.60076262813088],[-58.37216796874999,-11.59002044063088],[-58.37822265624999,-11.57683684688088],[-58.38535156249999,-11.564776300005889],[-58.40446777343749,-11.54387786250588],[-58.41328125,-11.53045012813088],[-58.41318359374999,-11.51531340938088],[-58.40024414062499,-11.46599700313088],[-58.39633789062499,-11.43718840938088],[-58.397216796875,-11.40837981563088],[-58.40585937499999,-11.38591887813088],[-58.39396972656249,-11.353350518755889],[-58.39487304687499,-11.31829192500588],[-58.41074218749999,-11.299151300005889],[-58.44345703124999,-11.313995050005886],[-58.47128906249999,-11.32000090938088],[-58.495849609375,-11.29729583125588],[-58.51718749999999,-11.264971612505889],[-58.53564453125,-11.24260833125588],[-58.56201171875,-11.230498956255886],[-58.56821289062499,-11.22185637813088],[-58.57036132812499,-11.20159270625588],[-58.56828613281249,-11.186065362505886],[-58.55888671874999,-11.153643487505889],[-58.55673828124999,-11.13616301875588],[-58.5615234375,-11.11003997188088],[-58.574658203125,-11.07683684688088],[-58.59409179687499,-11.053741143755886],[-58.6181640625,-11.057647393755886],[-58.633544921875,-11.040557550005886],[-58.66594238281249,-10.98870208125588]]]}},{"type":"Feature","properties":{"role":"context_only","name":"Unini","name_en":"Unini","ne_id":1159109849},"geometry":{"type":"MultiLineString","coordinates":[[[-64.874755859375,-2.01848723750588],[-64.86118164062499,-2.01140715938088],[-64.849365234375,-2.0022763000058887],[-64.83549804687499,-1.9945614562558802],[-64.81601562499999,-1.991241143755886],[-64.80522460937499,-1.986846612505886],[-64.764892578125,-1.957061456255886],[-64.75981445312499,-1.951690362505886],[-64.75603027343749,-1.9457333312558802],[-64.75166015625,-1.9402645812558887],[-64.744384765625,-1.9359677062558802],[-64.730126953125,-1.9334286437558887],[-64.7208984375,-1.9363583312558887],[-64.71225585937499,-1.9410946593808802],[-64.699951171875,-1.943389581255886],[-64.67529296875,-1.9417294250058887],[-64.65397949218749,-1.9364559875058802],[-64.63420410156249,-1.927764581255886],[-64.614013671875,-1.915557550005886],[-64.58012695312499,-1.884795831255886],[-64.49790039062499,-1.7653134093808802],[-64.47226562499999,-1.7308895812558802],[-64.454541015625,-1.7161434875058887],[-64.43247070312499,-1.7101376281308802],[-64.41044921874999,-1.709014581255886],[-64.388671875,-1.7054989562558802],[-64.36918945312499,-1.6993954406308802],[-64.35393066406249,-1.6902645812558887],[-64.35307617187499,-1.6862118468808802],[-64.35490722656249,-1.6736630187558887],[-64.35393066406249,-1.6697567687558887],[-64.348388671875,-1.6666805968808802],[-64.33818359374999,-1.6643856750058887],[-64.30209960937499,-1.6486141906308802],[-64.244873046875,-1.6453427062558887],[-64.2236328125,-1.6486141906308802],[-64.20302734375,-1.6549618468808802],[-64.19536132812499,-1.655791925005886],[-64.14511718749999,-1.6554501281308802],[-64.12944335937499,-1.6595028625058887],[-64.10009765625,-1.677764581255886],[-64.08642578125,-1.6827938781308802],[-64.068115234375,-1.6823055968808802],[-64.044140625,-1.6788876281308802],[-64.0216796875,-1.6732723937558802],[-64.00791015624999,-1.6659481750058802],[-63.99248046874999,-1.661163018755886],[-63.832763671875,-1.6635067687558802],[-63.81967773437499,-1.6686337218808802],[-63.809326171875,-1.6697567687558887],[-63.79765624999999,-1.6681454406308802],[-63.79038085937499,-1.664092706255886],[-63.78466796875,-1.6595028625058887],[-63.77792968749999,-1.6554501281308802],[-63.7216796875,-1.6346981750058802],[-63.689697265625,-1.6297177062558887],[-63.640869140625,-1.647979425005886],[-63.60588378906249,-1.6472958312558887],[-63.53837890624999,-1.6349423156308802],[-63.52695312499999,-1.630889581255886],[-63.51591796874999,-1.6237118468808802],[-63.50751953125,-1.6145809875058887],[-63.50424804687499,-1.6041805968808802],[-63.49560546875,-1.5968563781308802],[-63.45761718749999,-1.6000302062558802],[-63.448974609375,-1.5902645812558802],[-63.44584960937499,-1.5687802062558802],[-63.43718261718749,-1.563506768755886],[-63.42436523437499,-1.5657528625058887],[-63.40861816406249,-1.5660946593808802],[-63.390625,-1.5577938781308802],[-63.37431640624999,-1.5465634093808802],[-63.35795898437499,-1.540069268755886],[-63.33977050781249,-1.5462216125058887],[-63.33159179687499,-1.5271786437558887],[-63.32089843749999,-1.5096981750058802],[-63.30747070312499,-1.5001766906308802],[-63.29130859374999,-1.5045712218808802],[-63.28508300781249,-1.5139950500058887],[-63.27890624999999,-1.5377743468808802],[-63.271484375,-1.5462216125058887],[-63.26005859374999,-1.5485165343808802],[-63.25253906249999,-1.543487237505886],[-63.24748535156249,-1.5363095031308802],[-63.24350585937499,-1.5319149718808802],[-63.22160644531249,-1.5267880187558802],[-63.20102539062499,-1.526397393755886],[-63.18124999999999,-1.5304501281308802],[-63.13811035156249,-1.5511044250058887],[-63.12211914062499,-1.5560848937558802],[-63.10693359375,-1.5525692687558887],[-63.08586425781249,-1.5387509093808802],[-63.07438964843749,-1.5428036437558887],[-63.04899902343749,-1.5480282531308802],[-63.0380859375,-1.5524227843808802],[-63.0263671875,-1.5637997375058887],[-63.017822265625,-1.5775692687558802],[-63.00830078125,-1.5891903625058887],[-62.99370117187499,-1.5940731750058887],[-62.98784179687499,-1.592315362505886],[-62.98271484374999,-1.5890438781308802],[-62.97714843749999,-1.5863583312558802],[-62.96982421874999,-1.5866024718808802],[-62.96208496093749,-1.5897763000058802],[-62.95708007812499,-1.5936825500058802],[-62.953125,-1.5975888000058802],[-62.94873046875,-1.6009091125058887],[-62.90903320312499,-1.622100518755886],[-62.89750976562499,-1.6315243468808802],[-62.87980957031249,-1.6510555968808802],[-62.869140625,-1.6590145812558887],[-62.85654296874999,-1.6622860656308802],[-62.845947265625,-1.6679013000058802],[-62.828027343749994,-1.6947567687558802],[-62.81894531249999,-1.7039364562558887],[-62.80644531249999,-1.708038018755886],[-62.79296875,-1.7098934875058802],[-62.767822265625,-1.7101376281308802],[-62.75473632812499,-1.7132138000058887],[-62.74064941406249,-1.7206356750058802],[-62.71591796874999,-1.7379696593808802],[-62.69877929687499,-1.7244442687558887],[-62.689453125,-1.7191708312558802],[-62.68181152343749,-1.7174618468808802],[-62.67241210937499,-1.7216122375058802],[-62.66850585937499,-1.728545831255886],[-62.66606445312499,-1.736846612505886],[-62.661376953125,-1.7448055968808802],[-62.65185546875,-1.7521298156308802],[-62.63095703124999,-1.7630184875058887],[-62.620361328125,-1.7721493468808802],[-62.61630859374999,-1.7843563781308802],[-62.61918945312499,-1.7950985656308802],[-62.61826171874999,-1.802764581255886],[-62.60270996093749,-1.805694268755886],[-62.58447265625,-1.8153622375058802],[-62.579541015625,-1.8367489562558887],[-62.57773437499999,-1.8580868468808802],[-62.56914062499999,-1.867705987505886],[-62.54169921875,-1.8688290343808802],[-62.521484375,-1.8724911437558802],[-62.48320312499999,-1.888213800005886],[-62.47502441406249,-1.8461239562558802],[-62.46953124999999,-1.833526300005886],[-62.457958984375,-1.8231747375058802],[-62.44487304687499,-1.8217098937558802],[-62.410888671875,-1.8261044250058802],[-62.36376953125,-1.8162411437558887],[-62.35624999999999,-1.8162411437558887],[-62.33244628906249,-1.7875302062558802],[-62.31689453125,-1.7786434875058887],[-62.29819335937499,-1.7858212218808802],[-62.27109374999999,-1.7596981750058802],[-62.25456542968749,-1.7516415343808802],[-62.23618164062499,-1.7584774718808802],[-62.21640624999999,-1.7387020812558802],[-62.20024414062499,-1.7306454406308802],[-62.15764160156249,-1.730498956255886],[-62.14658203124999,-1.7317684875058887],[-62.12773437499999,-1.736846612505886],[-62.11669921875,-1.7379696593808802],[-62.10605468749999,-1.7350399718808802],[-62.0958984375,-1.7288388000058887],[-62.08481445312499,-1.7238095031308802],[-62.07170410156249,-1.7242977843808802],[-62.06437988281249,-1.7303036437558887],[-62.05241699218749,-1.7508114562558887],[-62.04436035156249,-1.7584774718808802],[-62.03281249999999,-1.7626278625058802],[-62.02373046874999,-1.7621395812558802],[-62.01567382812499,-1.7599423156308802],[-62.0068359375,-1.7584774718808802],[-61.993408203125,-1.7537411437558887],[-61.971826171874994,-1.7316220031308802],[-61.95561523437499,-1.7242977843808802],[-61.91166992187499,-1.7234677062558887],[-61.89072265624999,-1.7199032531308802],[-61.85087890624999,-1.693389581255886],[-61.82963867187499,-1.683135675005886],[-61.70146484374999,-1.6508114562558802],[-61.65727539062499,-1.6456845031308802],[-61.537109375,-1.6593563781308802],[-61.49187011718749,-1.6702450500058887],[-61.43222656249999,-1.6917294250058887]]]}},{"type":"Feature","properties":{"role":"context_only","name":"Ajaj\u00fa","name_en":"Ajaj\u00fa","ne_id":1159109863},"geometry":{"type":"MultiLineString","coordinates":[[[-74.57048339843749,2.13800690311912],[-74.58725585937499,2.09125397343162],[-74.58759765625,2.0696963562441084],[-74.57634277343749,2.04718659061912],[-74.55961914062499,2.02204010624412],[-74.51157226562499,1.9099795593691198],[-74.49643554687499,1.893329168744117],[-74.47856445312499,1.8843936218691084],[-74.45615234374999,1.8781192078066198],[-74.40764160156249,1.8631533874941084],[-74.36264648437499,1.8618838562441198],[-74.343505859375,1.8580996765566198],[-74.30712890625,1.8447940124941198],[-74.24462890625,1.8363711609316198],[-74.15812988281249,1.8147647156191198],[-74.116455078125,1.7990176453066198],[-74.07001953125,1.7743594421816198],[-74.04924316406249,1.771502996869117],[-73.99028320312499,1.7789248718691084],[-73.97421874999999,1.774920965619117],[-73.96323242187499,1.7630557312441084],[-73.94687499999999,1.732928778119117],[-73.93339843749999,1.723895574994117],[-73.91611328124999,1.7254092468691198],[-73.88144531249999,1.7365176453066198],[-73.83579101562499,1.7393252624941198],[-73.53947753906249,1.696795965619117],[-73.51889648437499,1.6973819031191084],[-73.50498046874999,1.7033145203066198],[-73.48027343749999,1.7225283874941084],[-73.466552734375,1.7277285828066198],[-73.44873046875,1.7257022156191084],[-73.39892578125,1.7105654968691084],[-73.33847656249999,1.6820742859316198],[-73.2548828125,1.6696231140566198],[-73.21220703124999,1.654071356244117],[-73.16948242187499,1.6270694031191084],[-73.15537109374999,1.6204776062441084],[-73.13725585937499,1.6176211609316198],[-73.08237304687499,1.6245791687441198],[-73.06088867187499,1.622821356244117],[-73.00439453125,1.6074893249941198],[-72.98649902343749,1.6065127624941198],[-72.96892089843749,1.6080996765566198],[-72.95244140624999,1.6060244812441198],[-72.93798828125,1.5939395203066198],[-72.93247070312499,1.5797061218691084],[-72.92685546874999,1.5435733093691084],[-72.919677734375,1.526141668744117],[-72.89873046874999,1.4984805359316198],[-72.88518066406249,1.487323309369117],[-72.82871093749999,1.470721746869117],[-72.798828125,1.4471377624941084],[-72.77971191406249,1.413836981244117],[-72.76750488281249,1.3555850281191084],[-72.750732421875,1.3038272156191084],[-72.74755859375,1.2552432312441084],[-72.74272460937499,1.2394473328066198],[-72.72836914062499,1.2188174499941198],[-72.71110839843749,1.2069033874941084],[-72.67082519531249,1.1909854187441198],[-72.65537109374999,1.1813418640566198],[-72.62675781249999,1.1563662781191084],[-72.544677734375,1.1035830749941198],[-72.52055664062499,1.0961367859316198],[-72.48715820312499,1.0913760437441198],[-72.47421874999999,1.0850283874941198],[-72.42822265625,1.0423526062441084],[-72.417724609375,1.0259463562441198],[-72.41357421875,1.0071963562441084],[-72.41162109375,0.9763369812441169],[-72.4083984375,0.9603945984316198],[-72.403076171875,0.9472842468691169],[-72.39140624999999,0.9394717468691169],[-72.37631835937499,0.9380069031191169],[-72.362548828125,0.9329287781191198],[-72.354736328125,0.9141299499941198],[-72.35166015624999,0.8834903015566198],[-72.34716796875,0.8767764343691198],[-72.336669921875,0.8721377624941198],[-72.326904296875,0.8753604187441084],[-72.3193359375,0.8834903015566198],[-72.31235351562499,0.8834903015566198],[-72.30478515624999,0.8628604187441198],[-72.30600585937499,0.8478457703066198],[-72.31064453124999,0.8300235046816198],[-72.31162109374999,0.8135440124941198],[-72.30180664062499,0.8028506531191084],[-72.27353515624999,0.7937197937441169],[-72.26420898437499,0.7846133484316198],[-72.24570312499999,0.7444033874941169],[-72.23828125,0.7365176453066198],[-72.17099609374999,0.7317569031191198],[-72.152587890625,0.7276553406191084],[-72.10678710937499,0.7102236999941169],[-72.09848632812499,0.7041201843691169],[-72.09331054687499,0.6953311218691169],[-72.090576171875,0.6846377624941198],[-72.086669921875,0.6749942078066198],[-72.07817382812499,0.6691348328066198],[-72.035888671875,0.6640078796816198],[-72.019775390625,0.6553897156191084],[-72.008740234375,0.6333194031191169],[-72.00249023437499,0.5936953796816198],[-71.99521484374999,0.5761904968691169],[-71.979248046875,0.5644717468691169],[-71.97202148437499,0.5671572937441169],[-71.96811523437499,0.5761172546816198],[-71.9609375,0.5801944031191084],[-71.94384765625,0.5687930359316198],[-71.93291015624999,0.5551944031191169],[-71.9267578125,0.5394229187441084],[-71.92729492187499,0.5236270203066198],[-71.93645019531249,0.5100283874941169],[-71.9365234375,0.4866397156191198],[-71.90422363281249,0.4608096374941084],[-71.86474609375,0.4363467468691198],[-71.84311523437499,0.4171817078066198],[-71.84416503906249,0.40285065311911694],[-71.84941406249999,0.3851260437441084],[-71.8525390625,0.3681094421816198],[-71.84716796875,0.35548737186911694],[-71.832275390625,0.3548037781191198],[-71.80185546874999,0.3765322937441198],[-71.78720703124999,0.3732363953066198],[-71.77592773437499,0.3556582703066198],[-71.76865234374999,0.33790924686911694],[-71.75737304687499,0.3235537781191198],[-71.73393554687499,0.3159854187441198],[-71.722119140625,0.3078067078066198],[-71.70146484374999,0.2718447937441084],[-71.68906249999999,0.2582461609316198],[-71.58896484374999,0.21076080936911978],[-71.53862304687499,0.17760651249410842],[-71.52685546875,0.17829010624411978],[-71.5158203125,0.18444244999410842],[-71.49992675781249,0.18952057499411978],[-71.49003906249999,0.18898346561911694],[-71.47265625,0.18297760624410842],[-71.46435546875,0.18175690311910842],[-71.45297851562499,0.18341705936911978],[-71.42148437499999,0.19159577030661978],[-71.41074218749999,0.18927643436911978],[-71.387451171875,0.17433502811911694],[-71.352978515625,0.16229889530661978],[-71.29948730468749,0.11115143436911978],[-71.28466796875,0.10358307499411978],[-71.2685546875,0.09826080936910842],[-71.25175781249999,0.09596588749411694],[-71.2353515625,0.09723541874411978],[-71.19394531249999,0.11542389530661978],[-71.17399902343749,0.11574127811911694],[-71.15898437499999,0.09533112186910842],[-71.14990234375,0.05372955936911694],[-71.14018554687499,0.037665106244119784],[-71.11899414062499,0.028143621869119784],[-71.098876953125,0.021673895306619784],[-71.06035156249999,0.002801824994108415],[-71.04208984374999,-0.002569268755891585],[-71.03076171875,-0.0009091125058802163],[-71.00944824218749,0.008856512494119784],[-70.99667968749999,0.008661199994108415],[-70.98422851562499,0.000848699994108415],[-70.9716796875,-0.012872003130880216],[-70.94206542968749,-0.055840753130880216],[-70.93461914062499,-0.07102630000588306],[-70.93022460937499,-0.08689544063088306],[-70.92954101562499,-0.10418059688088022],[-70.93442382812499,-0.12205169063088306],[-70.940185546875,-0.1338192687558859],[-70.939208984375,-0.14583098750588874],[-70.90073242187499,-0.19378020625588022],[-70.87753906249999,-0.2604305968808802],[-70.85307617187499,-0.3125302062558859],[-70.84746093749999,-0.3213192687558859],[-70.83903808593749,-0.32454192500588874],[-70.803466796875,-0.3251278625058802],[-70.787353515625,-0.3219540343808802],[-70.77543945312499,-0.3136532531308802],[-70.77001953125,-0.29817473750588874],[-70.76066894531249,-0.2806942687558802],[-70.74101562499999,-0.2793270812558859],[-70.71860351562499,-0.28694426875588874],[-70.701171875,-0.29622161250588874],[-70.67236328125,-0.3192684875058802],[-70.66118164062499,-0.32454192500588874],[-70.65024414062499,-0.3251278625058802],[-70.62749023437499,-0.32063567500588874],[-70.615966796875,-0.32112395625588874],[-70.6017578125,-0.3292782531308802],[-70.58203125,-0.3539364562558802],[-70.567578125,-0.3597958312558802],[-70.51726074218749,-0.3558895812558802],[-70.5009765625,-0.3595516906308802],[-70.48496093749999,-0.3707821593808802],[-70.469677734375,-0.3878720031308802],[-70.457275390625,-0.40754973750588874],[-70.45024414062499,-0.4253231750058859],[-70.45061035156249,-0.44172942500588874],[-70.45292968749999,-0.4567196593808802],[-70.448486328125,-0.46565520625588874],[-70.40585937499999,-0.4637997375058802],[-70.35361328124999,-0.4750302062558802],[-70.33452148437499,-0.4718563781308802],[-70.3271484375,-0.4603817687558802],[-70.32963867187499,-0.43391692500588874],[-70.31894531249999,-0.42122161250588874],[-70.298828125,-0.41047942500588874],[-70.280517578125,-0.4048153625058859],[-70.261474609375,-0.4049618468808802],[-70.2392578125,-0.4111630187558859],[-70.216259765625,-0.4235165343808802],[-70.21259765625,-0.4349911437558802],[-70.22153320312499,-0.4469540343808802],[-70.2841796875,-0.5056942687558887],[-70.30517578125,-0.5342098937558859],[-70.30380859374999,-0.5568173156308802],[-70.29306640624999,-0.5573055968808802],[-70.277587890625,-0.5517880187558859],[-70.26035156249999,-0.5506161437558887],[-70.24462890625,-0.5641415343808802],[-70.240234375,-0.5807430968808802],[-70.240966796875,-0.6013973937558887],[-70.24638671874999,-0.6396786437558859],[-70.246337890625,-0.6577450500058859],[-70.24321289062499,-0.6732723937558802],[-70.23276367187499,-0.7050106750058802],[-70.23479003906249,-0.7202450500058859],[-70.24736328124999,-0.7303036437558887],[-70.26279296874999,-0.7394345031308802],[-70.273193359375,-0.7521298156308802],[-70.26433105468749,-0.7881161437558859],[-70.2333984375,-0.8206356750058887],[-70.21281738281249,-0.8524716125058802],[-70.23486328125,-0.8865536437558887],[-70.26474609374999,-0.9049618468808802],[-70.276123046875,-0.9171688781308802],[-70.27988281249999,-0.9337704406308802],[-70.273876953125,-0.9525692687558802],[-70.26010742187499,-0.9739559875058887],[-70.24228515624999,-0.9881161437558887],[-70.22412109375,-0.9846981750058887],[-70.199658203125,-0.9614559875058859],[-70.18608398437499,-0.9562313781308802],[-70.17937011718749,-0.9694149718808802],[-70.18212890625,-0.9834286437558859],[-70.19492187499999,-1.0099423156308802],[-70.19614257812499,-1.0231259093808802],[-70.1875,-1.0326473937558802],[-70.13847656249999,-1.0714657531308802],[-70.11931152343749,-1.0764950500058887],[-70.09873046874999,-1.0734188781308802],[-70.08159179687499,-1.0626766906308802],[-70.0724609375,-1.0441220031308802],[-70.083740234375,-1.0177548156308802],[-70.10991210937499,-0.9970028625058802],[-70.12421875,-0.9744442687558887],[-70.09995117187499,-0.9424130187558859],[-70.08354492187499,-0.9336239562558859],[-70.0712890625,-0.9335263000058802],[-70.051025390625,-0.9442684875058802],[-70.04736328125,-0.9457333312558802],[-70.04331054687499,-0.9468075500058859],[-70.03891601562499,-0.9471981750058802],[-70.03403320312499,-0.9469540343808802],[-70.02092285156249,-0.9391415343808802],[-70.01164550781249,-0.9271786437558802],[-70.00166015625,-0.9205868468808802],[-69.97124023437499,-0.9357235656308802],[-69.95615234374999,-0.9315731750058802],[-69.94091796875,-0.9230282531308802],[-69.925537109375,-0.9166805968808802],[-69.90292968749999,-0.9160458312558859],[-69.89707031249999,-0.9242489562558802],[-69.9013671875,-0.9368466125058887],[-69.90910644531249,-0.9495419250058887],[-69.913818359375,-0.9547665343808802],[-69.92644042968749,-0.9648739562558859],[-69.93193359374999,-0.9716122375058802],[-69.93344726562499,-0.9774716125058802],[-69.93278808593749,-0.9917294250058859],[-69.93339843749999,-0.9980770812558859],[-69.947509765625,-1.0292294250058802],[-69.94687499999999,-1.042998956255886],[-69.931640625,-1.0551083312558802],[-69.91196289062499,-1.0570614562558802],[-69.8955078125,-1.0481747375058887],[-69.88041992187499,-1.0355770812558802],[-69.864697265625,-1.0262020812558887],[-69.84033203125,-1.0258114562558802],[-69.79526367187499,-1.0438778625058802],[-69.77426757812499,-1.0438778625058802],[-69.76328124999999,-1.034698175005886],[-69.75529785156249,-1.0079891906308802],[-69.7470703125,-0.9972470031308802],[-69.731689453125,-0.9922177062558859],[-69.716552734375,-0.9951473937558859],[-69.70268554687499,-1.0032528625058887],[-69.66196289062499,-1.0398739562558887],[-69.64921874999999,-1.0555966125058802],[-69.64453125,-1.0724423156308802],[-69.64853515624999,-1.0900204406308802],[-69.65520019531249,-1.105987237505886],[-69.65996093749999,-1.1224911437558802],[-69.658203125,-1.1420223937558802],[-69.65068359374999,-1.1605770812558802],[-69.642333984375,-1.1674130187558802],[-69.630859375,-1.1654598937558802],[-69.579345703125,-1.1356747375058802],[-69.56455078124999,-1.1375302062558887],[-69.49443359374999,-1.1725399718808802],[-69.48002929687499,-1.1742489562558802],[-69.4755859375,-1.1756161437558887],[-69.46542968749999,-1.1801083312558802],[-69.459228515625,-1.1868466125058887],[-69.45493164062499,-1.1998837218808802]]]}},{"type":"Feature","properties":{"role":"context_only","name":"Juta\u00ed","name_en":"Jutai","ne_id":1159109873},"geometry":{"type":"MultiLineString","coordinates":[[[-69.49155273437499,-5.826495050005889],[-69.45463867187499,-5.80584075313088],[-69.43408203125,-5.78948333125588],[-69.41635742187499,-5.77068450313088],[-69.40666503906249,-5.748565362505886],[-69.38786621093749,-5.73015715938088],[-69.36528320312499,-5.70549895625588],[-69.341064453125,-5.689971612505886],[-69.3056640625,-5.69060637813088],[-69.27568359374999,-5.679522393755889],[-69.25439453125,-5.66082122188088],[-69.22709960937499,-5.64568450313088],[-69.19975585937499,-5.634307550005886],[-69.19091796875,-5.624053643755886],[-69.193115234375,-5.60125090938088],[-69.1865234375,-5.58147551875588],[-69.16997070312499,-5.568194268755889],[-69.14389648437499,-5.55095794063088],[-69.11533203124999,-5.53508880000588],[-69.08349609375,-5.507354425005886],[-69.05908203125,-5.477080987505886],[-69.04355468749999,-5.45208098750588],[-69.029296875,-5.43084075313088],[-69.01889648437499,-5.40447356563088],[-69.01108398437499,-5.37444426875588],[-68.991455078125,-5.34295012813088],[-68.95810546874999,-5.306670831255886],[-68.93657226562499,-5.26970794063088],[-68.92001953124999,-5.228838800005889],[-68.91154785156249,-5.20549895625588],[-68.90683593749999,-5.18572356563088],[-68.89609374999999,-5.161163018755886],[-68.88029785156249,-5.14275481563088],[-68.86606445312499,-5.124834893755889],[-68.85546875,-5.103057550005886],[-68.84038085937499,-5.082549737505886],[-68.82407226562499,-5.06340911250588],[-68.81103515625,-5.04558684688088],[-68.79924316406249,-5.03020598750588],[-68.78911132812499,-5.00701262813088],[-68.77275390624999,-4.973955987505889],[-68.74609375,-4.946123956255889],[-68.71318359374999,-4.93425872188088],[-68.67490234374999,-4.90789153438088],[-68.640380859375,-4.87786223750588],[-68.61076660156249,-4.860674737505889],[-68.58740234375,-4.83489348750588],[-68.55712890625,-4.811358331255889],[-68.51953125,-4.80022551875588],[-68.48740234374999,-4.784209893755886],[-68.45659179687499,-4.76213958125588],[-68.44450683593749,-4.75042083125588],[-68.43320312499999,-4.73845794063088],[-68.41289062499999,-4.730303643755889],[-68.392333984375,-4.723174737505886],[-68.38037109375,-4.698760675005886],[-68.36997070312499,-4.672198175005889],[-68.3349609375,-4.66106536250588],[-68.29672851562499,-4.658721612505886],[-68.265625,-4.650909112505886],[-68.23447265624999,-4.643584893755886],[-68.2099609375,-4.636748956255886],[-68.18535156249999,-4.634307550005886],[-68.170166015625,-4.641143487505886],[-68.15312499999999,-4.64495208125588],[-68.14677734374999,-4.641631768755886],[-68.14023437499999,-4.63836028438088],[-68.12993164062499,-4.639190362505886],[-68.1201171875,-4.641436456255889],[-68.1015625,-4.634112237505889],[-68.09345703125,-4.61516692500588],[-68.075927734375,-4.59807708125588],[-68.05437011718749,-4.58660247188088],[-68.03715820312499,-4.569854425005886],[-68.03618164062499,-4.546905206255886],[-68.02294921875,-4.527862237505886],[-67.99479980468749,-4.51873137813088],[-67.98095703125,-4.50017669063088],[-67.9931640625,-4.47405364375588],[-67.992919921875,-4.45818450313088],[-67.96665039062499,-4.45086028438088],[-67.9580078125,-4.435381768755889],[-67.97160644531249,-4.411163018755886],[-67.96916503906249,-4.398955987505886],[-67.95175781249999,-4.38811614375588],[-67.9375,-4.36467864375588],[-67.92197265624999,-4.334991143755886],[-67.912841796875,-4.309600518755886],[-67.90874023437499,-4.28533294063088],[-67.90771484375,-4.25896575313088],[-67.91533203124999,-4.23235442500588],[-67.90935058593749,-4.21599700313088],[-67.88720703125,-4.21087005000588],[-67.87314453124999,-4.193389581255886],[-67.85905761718749,-4.16961028438088],[-67.84311523437499,-4.14299895625588],[-67.84086914062499,-4.116534112505889],[-67.841064453125,-4.091143487505889],[-67.842529296875,-4.07683684688088],[-67.84482421874999,-4.05925872188088],[-67.8466796875,-4.043975518755886],[-67.84916992187499,-3.99236419063088],[-67.83623046874999,-3.962920831255886],[-67.815185546875,-3.9480770812558887],[-67.79052734375,-3.9387997375058887],[-67.74528808593749,-3.91399505000588],[-67.72666015624999,-3.90618255000588],[-67.71049804687499,-3.89348723750588],[-67.69687499999999,-3.8665341125058887],[-67.68120117187499,-3.844268487505886],[-67.6583984375,-3.84295012813088],[-67.62749023437499,-3.84832122188088],[-67.55351562499999,-3.8450497375058887],[-67.53549804687499,-3.85369231563088],[-67.52617187499999,-3.86296965938088],[-67.51811523437499,-3.86321380000588],[-67.508544921875,-3.852569268755886],[-67.50151367187499,-3.835479425005886],[-67.49951171875,-3.811553643755886],[-67.50766601562499,-3.75286223750588],[-67.49833984374999,-3.71526458125588],[-67.51530761718749,-3.65569426875588],[-67.51896972656249,-3.62688567500588],[-67.51713867187499,-3.54485442500588],[-67.51311035156249,-3.5325497375058887],[-67.48828125,-3.50896575313088],[-67.47958984374999,-3.4915341125058887],[-67.48007812499999,-3.475127862505886],[-67.498779296875,-3.456084893755886],[-67.51982421874999,-3.429229425005886],[-67.52836914062499,-3.4046200500058887],[-67.52109374999999,-3.388213800005886],[-67.50815429687499,-3.370147393755886],[-67.5,-3.339873956255886],[-67.49643554687499,-3.31316497188088],[-67.48881835937499,-3.3025692687558887],[-67.474365234375,-3.2932919250058887],[-67.45029296874999,-3.2703427062558887],[-67.43051757812499,-3.24236419063088],[-67.42919921875,-3.22380950313088],[-67.41520996093749,-3.2068661437558887],[-67.38237304687499,-3.184600518755886],[-67.36777343749999,-3.15496184688088],[-67.32651367187499,-3.124541925005886],[-67.30576171874999,-3.1160458312558887],[-67.28305664062499,-3.09856536250588],[-67.26103515624999,-3.07341887813088],[-67.25009765624999,-3.0569638000058887],[-67.24150390624999,-3.04387786250588],[-67.21855468749999,-3.02898528438088],[-67.2060546875,-3.009795831255886],[-67.19291992187499,-3.0042294250058887],[-67.17851562499999,-3.00115325313088],[-67.16220703124999,-2.989288018755886],[-67.11149902343749,-2.9451473937558887],[-67.099365234375,-2.929717706255886],[-67.05136718749999,-2.89617278438088],[-67.03354492187499,-2.8777645812558887],[-67.00834960937499,-2.870147393755886],[-66.98422851562499,-2.86663176875588],[-66.96940917968749,-2.85735442500588],[-66.96086425781249,-2.8435848937558887],[-66.95537109374999,-2.82708098750588],[-66.94443359374999,-2.81170012813088],[-66.90275878906249,-2.78191497188088],[-66.882568359375,-2.76091887813088],[-66.85344238281249,-2.738799737505886],[-66.81210937499999,-2.722198175005886],[-66.75908203124999,-2.70842864375588]]]}},{"type":"Feature","properties":{"role":"context_only","name":"Rio das Mortes","name_en":"das Mortes","ne_id":1159109893},"geometry":{"type":"MultiLineString","coordinates":[[[-52.62143554687499,-14.77434661250588],[-52.59921874999999,-14.74993255000588],[-52.580322265625,-14.723955987505889],[-52.558837890625,-14.70086028438088],[-52.52934570312499,-14.68523528438088],[-52.46005859374999,-14.67156340938088],[-52.37656249999999,-14.66643645625588],[-52.33598632812499,-14.65496184688088],[-52.304931640625,-14.637237237505886],[-52.29643554687499,-14.63469817500588],[-52.28403320312499,-14.63640715938088],[-52.26420898437499,-14.64495208125588],[-52.25236816406249,-14.64763762813088],[-52.20712890624999,-14.64714934688088],[-52.18168945312499,-14.643877862505889],[-52.16611328124999,-14.637725518755886],[-52.15805664062499,-14.634307550005886],[-52.14677734374999,-14.63347747188088],[-52.12509765624999,-14.63469817500588],[-52.11044921874999,-14.638506768755889],[-52.10312499999999,-14.64714934688088],[-52.09904785156249,-14.65642669063088],[-52.09409179687499,-14.66204192500588],[-52.06071777343749,-14.66130950313088],[-52.02744140624999,-14.643096612505886],[-52.00187988281249,-14.61638762813088],[-51.99169921875,-14.59002044063088],[-51.985107421875,-14.583526300005886],[-51.94389648437499,-14.56633880000588],[-51.92985839843749,-14.557647393755886],[-51.877685546875,-14.493975518755889],[-51.860449218750006,-14.477373956255889],[-51.844580078125006,-14.47014739375588],[-51.83745117187499,-14.47234465938088],[-51.826757812500006,-14.48162200313088],[-51.816650390625,-14.48381926875588],[-51.807470703125006,-14.479815362505889],[-51.808691406250006,-14.470049737505889],[-51.81293945312498,-14.458526300005886],[-51.81293945312498,-14.44915130000588],[-51.80034179687499,-14.43865325313088],[-51.769775390625,-14.435088800005886],[-51.75456542968749,-14.425811456255886],[-51.74406738281249,-14.41130950313088],[-51.738623046875006,-14.39592864375588],[-51.73876953125,-14.379229425005889],[-51.74467773437499,-14.36028411250588],[-51.705810546875,-14.351104425005886],[-51.69560546874999,-14.31878020625588],[-51.702978515625006,-14.276202081255889],[-51.72380371093749,-14.21624114375588],[-51.72819824218749,-14.19622161250588],[-51.73100585937499,-14.151202081255889],[-51.72648925781249,-14.130694268755889],[-51.707275390625,-14.09050872188088],[-51.70366210937499,-14.06609465938088],[-51.71049804687499,-14.036651300005886],[-51.711181640625,-14.02507903438088],[-51.70849609375,-14.01287200313088],[-51.699462890625,-13.98967864375588],[-51.697509765625,-13.980498956255886],[-51.692968750000006,-13.976885675005889],[-51.659521484375006,-13.93645598750588],[-51.64667968749998,-13.911455987505889],[-51.623291015625,-13.834502862505886],[-51.617041015625006,-13.79607512813088],[-51.587646484375,-13.75017669063088],[-51.580175781250006,-13.73259856563088],[-51.573339843750006,-13.709307550005889],[-51.555908203125,-13.66961028438088],[-51.552832031250006,-13.657745050005886],[-51.545263671875006,-13.645342706255889],[-51.491455078125,-13.61370208125588],[-51.496191406250006,-13.598663018755886],[-51.49711914062499,-13.582842706255889],[-51.500341796875006,-13.570147393755889],[-51.51188964843749,-13.565264581255889],[-51.50371093749999,-13.54680755000588],[-51.490478515625,-13.53240325313088],[-51.479345703125006,-13.530791925005886],[-51.477783203125,-13.551592706255889],[-51.470312500000006,-13.551592706255889],[-51.462158203125,-13.54192473750588],[-51.455664062500006,-13.530596612505889],[-51.451416015625,-13.516924737505889],[-51.448486328125,-13.48406340938088],[-51.443603515625,-13.467315362505886],[-51.434179687500006,-13.454424737505889],[-51.41914062499998,-13.44915130000588],[-51.402197265625006,-13.438311456255889],[-51.354833984375006,-13.36663176875588],[-51.333105468750006,-13.34612395625588],[-51.33818359374999,-13.33660247188088],[-51.347753906250006,-13.333330987505889],[-51.35698242187499,-13.33220794063088],[-51.361083984375,-13.32903411250588],[-51.35368652343749,-13.317705987505889],[-51.3212890625,-13.30877044063088],[-51.31396484375,-13.30169036250588],[-51.311376953125006,-13.298370050005886],[-51.299658203125006,-13.287139581255886],[-51.2958984375,-13.284698175005886],[-51.29204101562499,-13.280303643755886],[-51.2919921875,-13.24236419063088],[-51.29350585937499,-13.235870050005886],[-51.29020996093749,-13.23162200313088],[-51.263525390625006,-13.228545831255886],[-51.255126953125,-13.226104425005886],[-51.24724121093749,-13.22576262813088],[-51.237548828125,-13.230010675005886],[-51.23698730468749,-13.22527434688088],[-51.235595703125,-13.22258880000588],[-51.23344726562499,-13.220245050005886],[-51.230712890625,-13.216338800005886],[-51.221826171874994,-13.167803643755889],[-51.21708984374999,-13.154327081255886],[-51.210546875000006,-13.14788176875588],[-51.17919921875,-13.12322356563088],[-51.171728515625006,-13.11296965938088],[-51.166113281250006,-13.094073175005889],[-51.161865234375,-13.085479425005886],[-51.141699218750006,-13.061358331255889],[-51.139013671875006,-13.050323175005886],[-51.1474609375,-12.990752862505886],[-51.146337890625006,-12.968780206255886],[-51.13823242187499,-12.951983331255889],[-51.125097656250006,-12.942217706255889],[-51.092529296875,-12.92400481563088],[-51.059179687500006,-12.896807550005889],[-51.052587890625006,-12.88738372188088],[-51.050634765625006,-12.877959893755886],[-51.05021972656249,-12.866534112505889],[-51.04692382812499,-12.856768487505889],[-51.035888671875,-12.85271575313088],[-51.03068847656249,-12.84441497188088],[-51.038916015625006,-12.78777434688088],[-51.034765625000006,-12.775225518755889],[-51.0244140625,-12.75872161250588],[-51.010839843750006,-12.74407317500588],[-50.99736328124999,-12.736651300005889],[-51.009033203125,-12.718096612505889],[-51.004638671875,-12.705108331255886],[-50.961767578125006,-12.67595794063088],[-50.951757812500006,-12.66497161250588],[-50.945898437500006,-12.65178801875588],[-50.942724609375006,-12.633623956255889],[-50.943603515625,-12.60930755000588],[-50.9638671875,-12.55095794063088],[-50.96696777343749,-12.51287200313088],[-50.971435546875,-12.49993255000588],[-50.984277343749994,-12.489580987505889],[-50.97001953124999,-12.47527434688088],[-50.984277343749994,-12.46965911250588],[-50.995947265625006,-12.46233489375588],[-51.00139160156249,-12.45281340938088],[-50.99736328124999,-12.44109465938088],[-50.99638671874999,-12.43279387813088],[-50.99736328124999,-12.37688567500588],[-51.003271484375006,-12.364092706255889],[-51.00410156249998,-12.35466887813088],[-50.99736328124999,-12.34612395625588],[-50.987646484375006,-12.34392669063088],[-50.979248046875,-12.347491143755889],[-50.972998046875006,-12.35369231563088],[-50.97001953124999,-12.359893487505886],[-50.9638671875,-12.359893487505886],[-50.96337890625,-12.34246184688088],[-50.96586914062499,-12.323760675005886],[-50.97075195312499,-12.306182550005886],[-50.9775390625,-12.291534112505886],[-50.965673828125006,-12.26921965938088],[-50.929052734375006,-12.215850518755886],[-50.92529296875,-12.21233489375588],[-50.920751953125006,-12.20989348750588],[-50.9169921875,-12.206084893755886],[-50.915380859375006,-12.19817473750588],[-50.91228027343749,-12.189483331255886],[-50.90498046874998,-12.188995050005886],[-50.89689941406249,-12.19133880000588],[-50.891210937500006,-12.19133880000588],[-50.88593749999998,-12.180010675005889],[-50.884130859375006,-12.14959075313088],[-50.87788085937498,-12.136748956255886],[-50.84135742187499,-12.09050872188088],[-50.835791015625006,-12.080108331255886],[-50.83349609375,-12.068194268755889],[-50.83781738281249,-12.05852630000588],[-50.856787109375006,-12.05120208125588],[-50.86083984375,-12.04387786250588],[-50.85498046875,-12.032745050005886],[-50.84184570312499,-12.02483489375588],[-50.81303710937499,-12.016631768755886],[-50.81303710937499,-12.00969817500588],[-50.838623046875,-11.995440362505889],[-50.828369140625,-11.94841887813088],[-50.79252929687499,-11.869170831255886],[-50.79252929687499,-11.828155206255886],[-50.79052734375,-11.814483331255886],[-50.78496093749999,-11.812530206255886],[-50.776123046875,-11.81414153438088],[-50.76459960937498,-11.81121184688088],[-50.75261230468749,-11.79802825313088],[-50.735205078125006,-11.76384856563088],[-50.717382812500006,-11.749053643755886]]]}},{"type":"Feature","properties":{"role":"context_only","name":"San Martin","name_en":"San Martin","ne_id":1159109951},"geometry":{"type":"MultiLineString","coordinates":[[[-61.64714355468749,-15.477569268755886],[-61.65397949218749,-15.443389581255886],[-61.67192382812499,-15.41472747188088],[-61.68266601562499,-15.381377862505886],[-61.702099609375,-15.37468840938088],[-61.72470703124999,-15.37395598750588],[-61.74272460937499,-15.367705987505886],[-61.750732421875,-15.352373956255889],[-61.767041015625,-15.29900481563088],[-61.77001953125,-15.281768487505886],[-61.77604980468749,-15.26726653438088],[-61.80632324218749,-15.22991301875588],[-61.83251953125,-15.20427825313088],[-61.89013671875,-15.159209893755886],[-61.9091796875,-15.147491143755886],[-61.96923828125,-15.13494231563088],[-61.985107421875,-15.12761809688088],[-61.99882812499999,-15.118194268755886],[-62.02727050781249,-15.09026458125588],[-62.03947753906249,-15.07048919063088],[-62.051220703125,-15.00457122188088],[-62.06088867187499,-14.98528411250588],[-62.075439453125,-14.96990325313088],[-62.09238281249999,-14.95989348750588],[-62.10954589843749,-14.95623137813088],[-62.121337890625,-14.94939544063088],[-62.12998046874999,-14.93303801875588],[-62.157470703125,-14.805987237505889],[-62.17644042968749,-14.587237237505889],[-62.18833007812499,-14.552764581255886],[-62.19980468749999,-14.54119231563088],[-62.285400390625,-14.48674895625588],[-62.304638671875,-14.47991301875588],[-62.30869140624999,-14.47063567500588],[-62.31186523437499,-14.44915130000588],[-62.3359375,-14.370928643755889],[-62.35441894531249,-14.333330987505889],[-62.41447753906249,-14.27288176875588],[-62.42919921875,-14.26189544063088],[-62.44501953125,-14.25725676875588],[-62.45561523437499,-14.24920012813088],[-62.46953124999999,-14.188995050005886],[-62.485595703125,-14.15911223750588],[-62.49003906249999,-14.14739348750588],[-62.49174804687499,-14.13543059688088],[-62.49199218749999,-14.124053643755886],[-62.49382324218749,-14.11321380000588],[-62.500244140625,-14.103057550005886],[-62.51352539062499,-14.09124114375588],[-62.530517578125,-14.079131768755886],[-62.54868164062499,-14.06975676875588],[-62.56572265624999,-14.06609465938088],[-62.59086914062499,-14.076006768755889],[-62.63017578124999,-14.117510675005889],[-62.651123046875,-14.12688567500588],[-62.67431640625,-14.12322356563088],[-62.69182128906249,-14.11370208125588],[-62.70517578124999,-14.10027434688088],[-62.71591796874999,-14.08538176875588],[-62.73227539062499,-14.05559661250588],[-62.74541015624999,-14.039092706255886],[-62.777099609375,-14.023272393755889],[-62.78769531249999,-14.00237395625588],[-62.79851074218749,-13.95623137813088],[-62.81284179687499,-13.917315362505889],[-62.83286132812499,-13.893389581255889],[-62.92441406249999,-13.836748956255889],[-62.95957031249999,-13.80877044063088],[-62.970458984375,-13.791338800005889],[-62.99028320312499,-13.72356536250588],[-63.00932617187499,-13.686846612505889],[-63.03403320312499,-13.653350518755886],[-63.06437988281249,-13.624053643755886],[-63.139892578125,-13.57244231563088],[-63.16057128906249,-13.56243255000588],[-63.185498046875,-13.558428643755889],[-63.19956054687499,-13.55315520625588],[-63.23666992187499,-13.517413018755889],[-63.29086914062499,-13.48674895625588],[-63.30900878906249,-13.473467706255889],[-63.32138671874999,-13.455889581255889],[-63.335693359375,-13.415850518755889],[-63.34653320312499,-13.400713800005889],[-63.35996093749999,-13.39470794063088],[-63.378173828125,-13.38884856563088],[-63.394287109375,-13.381377862505886],[-63.40781249999999,-13.36052825313088],[-63.44174804687499,-13.323272393755886],[-63.455810546875,-13.31194426875588],[-63.493408203125,-13.301104425005889],[-63.50615234374999,-13.29290130000588],[-63.51103515624999,-13.27410247188088],[-63.513671875,-13.25505950313088],[-63.520263671875,-13.24089934688088],[-63.53837890624999,-13.216338800005886],[-63.56401367187499,-13.17229583125588],[-63.575927734375,-13.157745050005886],[-63.58085937499999,-13.148272393755889],[-63.58500976562499,-13.135772393755886],[-63.59147949218749,-13.124834893755889],[-63.603515625,-13.120147393755886],[-63.608642578125,-13.11907317500588],[-63.61777343749999,-13.11394622188088],[-63.6240234375,-13.11272551875588],[-63.62675781249999,-13.11467864375588],[-63.6357421875,-13.123565362505886],[-63.64140624999999,-13.12639739375588],[-63.685302734375,-13.135088800005889],[-63.708251953125,-13.13616301875588],[-63.72900390625,-13.131377862505886],[-63.74252929687499,-13.119952081255889],[-63.76042480468749,-13.084795831255889],[-63.77099609375,-13.06926848750588],[-63.79069824218749,-13.048370050005886],[-63.79802246093749,-13.03728606563088],[-63.813720703125,-13.000030206255886],[-63.81528320312499,-12.992510675005889],[-63.81315917968749,-12.970049737505889],[-63.81450195312499,-12.96184661250588],[-63.82431640624999,-12.94231536250588],[-63.82504882812499,-12.93572356563088],[-63.82177734375,-12.92253997188088],[-63.82089843749999,-12.915362237505889],[-63.824462890625,-12.89959075313088],[-63.85068359374999,-12.86077239375588],[-63.87333984374999,-12.809893487505889],[-63.87492675781249,-12.79778411250588],[-63.873779296875,-12.771807550005889],[-63.87802734374999,-12.75994231563088],[-63.888427734375,-12.751299737505889],[-63.91533203124999,-12.742705987505886],[-63.92724609375,-12.735870050005886],[-63.93735351562499,-12.72478606563088],[-63.94248046874999,-12.72210051875588],[-63.95673828125,-12.71892669063088],[-63.9875,-12.716338800005886],[-64.00253906249999,-12.712920831255886],[-64.01762695312499,-12.70647551875588],[-64.03159179687499,-12.69793059688088],[-64.04399414062499,-12.687334893755889],[-64.08652343749999,-12.626983331255886],[-64.13193359374999,-12.576006768755889],[-64.14267578124999,-12.56658294063088],[-64.15415039062499,-12.56218840938088],[-64.27958984374999,-12.53508880000588],[-64.29106445312499,-12.530791925005886],[-64.30156249999999,-12.524444268755886],[-64.310302734375,-12.515948175005889],[-64.31357421874999,-12.51116301875588],[-64.31547851562499,-12.50652434688088],[-64.315673828125,-12.50164153438088],[-64.31340332031249,-12.49602630000588],[-64.309326171875,-12.49187590938088],[-64.299072265625,-12.486163018755889],[-64.296337890625,-12.48333098750588]]]}},{"type":"Feature","properties":{"role":"context_only","name":"Javari","name_en":"Javary","ne_id":1159124161},"geometry":{"type":"MultiLineString","coordinates":[[[-73.79306640624999,-7.04998137813088],[-73.7685546875,-6.95916106563088],[-73.76628417968749,-6.904131768755889],[-73.76018066406249,-6.887237237505886],[-73.74936523437499,-6.87542083125588],[-73.73466796874999,-6.866241143755886],[-73.70756835937499,-6.84954192500588],[-73.69780273437499,-6.83709075313088],[-73.68588867187499,-6.811846612505889],[-73.67270507812499,-6.800616143755889],[-73.64487304687499,-6.78386809688088],[-73.594677734375,-6.74382903438088],[-73.51401367187499,-6.69768645625588],[-73.44614257812499,-6.639483331255889],[-73.40708007812499,-6.615557550005889],[-73.37150878906249,-6.58367278438088],[-73.35002441406249,-6.57634856563088],[-73.279296875,-6.57561614375588],[-73.234375,-6.56389739375588],[-73.19975585937499,-6.54558684688088],[-73.17229003906249,-6.51726653438088],[-73.14860839843749,-6.476104425005886],[-73.132568359375,-6.435088800005886],[-73.127880859375,-6.412920831255889],[-73.12778320312499,-6.391143487505886],[-73.13457031249999,-6.36809661250588],[-73.156494140625,-6.32268645625588],[-73.162353515625,-6.299639581255889],[-73.1728515625,-6.219561456255889],[-73.178466796875,-6.202178643755886],[-73.226806640625,-6.14788176875588],[-73.236083984375,-6.12346770625588],[-73.235595703125,-6.077471612505889],[-73.219677734375,-6.040069268755886],[-73.19792480468749,-6.00481536250588],[-73.140869140625,-5.87835051875588],[-73.1064453125,-5.84685637813088],[-73.002197265625,-5.70867278438088],[-72.988037109375,-5.680987237505889],[-72.97763671874999,-5.65154387813088],[-72.96127929687499,-5.559112237505886],[-72.96110839843749,-5.53118255000588],[-72.96989746093749,-5.499053643755886],[-72.97429199218749,-5.46599700313088],[-72.9650390625,-5.433623956255886],[-72.93559570312499,-5.372100518755886],[-72.93132324218749,-5.35637786250588],[-72.9248046875,-5.31340911250588],[-72.91704101562499,-5.29900481563088],[-72.90625,-5.28557708125588],[-72.89738769531249,-5.271514581255886],[-72.89567871093749,-5.25554778438088],[-72.901123046875,-5.19451262813088],[-72.90642089843749,-5.179034112505889],[-72.915771484375,-5.164385675005889],[-72.9228515625,-5.146807550005889],[-72.918701171875,-5.131866143755886],[-72.89458007812499,-5.125811456255889],[-72.88151855468749,-5.12517669063088],[-72.87358398437499,-5.12346770625588],[-72.85971679687499,-5.116045831255889],[-72.85849609374999,-5.112139581255889],[-72.85783691406249,-5.097491143755889],[-72.85478515624999,-5.092315362505886],[-72.849853515625,-5.09197356563088],[-72.837158203125,-5.09612395625588],[-72.83188476562499,-5.096514581255889],[-72.79106445312499,-5.088702081255889],[-72.77377929687499,-5.08098723750588],[-72.760986328125,-5.06462981563088],[-72.74838867187499,-5.055010675005889],[-72.72958984374999,-5.057159112505886],[-72.708740234375,-5.063018487505886],[-72.655029296875,-5.063018487505886],[-72.64560546874999,-5.06047942500588],[-72.63583984374999,-5.05169036250588],[-72.63322753906249,-5.04265715938088],[-72.63242187499999,-5.03313567500588],[-72.62802734374999,-5.022295831255889],[-72.61516113281249,-5.00969817500588],[-72.58740234375,-4.996612237505886],[-72.56298828125,-4.97014739375588],[-72.54729003906249,-4.95818450313088],[-72.529296875,-4.95012786250588],[-72.51054687499999,-4.947295831255886],[-72.49589843749999,-4.946807550005886],[-72.48974609375,-4.94109465938088],[-72.48666992187499,-4.93230559688088],[-72.4814453125,-4.923174737505889],[-72.48046875,-4.919463800005886],[-72.480712890625,-4.91399505000588],[-72.480224609375,-4.90789153438088],[-72.477294921875,-4.90227630000588],[-72.47250976562499,-4.90056731563088],[-72.45883789062499,-4.90032317500588],[-72.45341796874999,-4.898955987505886],[-72.43193359374999,-4.88762786250588],[-72.41552734375,-4.87615325313088],[-72.40488281249999,-4.86003997188088],[-72.39755859374999,-4.805498956255889],[-72.38688964843749,-4.79387786250588],[-72.345458984375,-4.782549737505889],[-72.34018554687499,-4.777178643755889],[-72.337646484375,-4.769854425005889],[-72.332763671875,-4.76311614375588],[-72.32060546874999,-4.75994231563088],[-72.283203125,-4.765166925005886],[-72.27011718749999,-4.76482512813088],[-72.25187988281249,-4.75872161250588],[-72.23393554687499,-4.74822356563088],[-72.18320312499999,-4.710479425005886],[-72.1279296875,-4.67986419063088],[-72.108837890625,-4.664092706255886],[-72.097412109375,-4.64959075313088],[-72.07958984375,-4.61321380000588],[-72.07194824218749,-4.605010675005886],[-72.06352539062499,-4.60540130000588],[-72.05429687499999,-4.61003997188088],[-72.04436035156249,-4.61370208125588],[-72.03630371093749,-4.61174895625588],[-72.02695312499999,-4.605498956255886],[-72.01059570312499,-4.59148528438088],[-71.98105468749999,-4.58220794063088],[-71.93400878906249,-4.53655364375588],[-71.90800781249999,-4.51824309688088],[-71.89096679687499,-4.513506768755889],[-71.80844726562499,-4.50432708125588],[-71.801513671875,-4.502276300005889],[-71.79777832031249,-4.49773528438088],[-71.79655761718749,-4.491045831255889],[-71.79379882812499,-4.484405206255886],[-71.78564453125,-4.480303643755889],[-71.77519531249999,-4.48137786250588],[-71.75229492187499,-4.49187590938088],[-71.74101562499999,-4.495440362505889],[-71.72185058593749,-4.49260833125588],[-71.71044921875,-4.48455169063088],[-71.70012207031249,-4.48137786250588],[-71.68413085937499,-4.493487237505889],[-71.67387695312499,-4.503448175005886],[-71.666015625,-4.507354425005886],[-71.65732421874999,-4.506670831255889],[-71.64462890624999,-4.50212981563088],[-71.62431640624999,-4.48211028438088],[-71.6142578125,-4.479034112505886],[-71.617919921875,-4.50017669063088],[-71.57236328124999,-4.480498956255886],[-71.558349609375,-4.47918059688088],[-71.53312988281249,-4.484405206255886],[-71.525390625,-4.48503997188088],[-71.51987304687499,-4.47893645625588],[-71.51372070312499,-4.45696380000588],[-71.50693359374999,-4.44841887813088],[-71.49321289062499,-4.44255950313088],[-71.47819824218749,-4.440459893755886],[-71.44780273437499,-4.440264581255889],[-71.401611328125,-4.433135675005886],[-71.38779296874999,-4.43474700313088],[-71.37841796875,-4.44255950313088],[-71.37192382812499,-4.45305755000588],[-71.36406249999999,-4.45916106563088],[-71.350341796875,-4.453448175005889],[-71.3466796875,-4.450030206255889],[-71.33781738281249,-4.43816497188088],[-71.33154296875,-4.43499114375588],[-71.32487792968749,-4.43645598750588],[-71.31918945312499,-4.43914153438088],[-71.31596679687499,-4.43987395625588],[-71.30620117187499,-4.426788018755886],[-71.305908203125,-4.416534112505886],[-71.30810546875,-4.40667083125588],[-71.305419921875,-4.39470794063088],[-71.289306640625,-4.380694268755889],[-71.265625,-4.375323175005889],[-71.24248046874999,-4.379913018755886],[-71.21489257812499,-4.410674737505886],[-71.20151367187499,-4.39544036250588],[-71.18701171875,-4.37200286250588],[-71.17045898437499,-4.36272551875588],[-71.16391601562499,-4.36882903438088],[-71.15324707031249,-4.39153411250588],[-71.14487304687499,-4.39910247188088],[-71.12932128906249,-4.401690362505889],[-71.120361328125,-4.39617278438088],[-71.10686035156249,-4.373565362505886],[-71.08237304687499,-4.36394622188088],[-71.03007812499999,-4.38567473750588],[-71.0107421875,-4.369659112505886],[-71.00615234374999,-4.34734465938088],[-70.990478515625,-4.366045831255889],[-70.969482421875,-4.38518645625588],[-70.94882812499999,-4.364092706255889],[-70.93955078124999,-4.34490325313088],[-70.92709960937499,-4.32878997188088],[-70.89714355468749,-4.29973723750588],[-70.88730468749999,-4.28337981563088],[-70.88188476562499,-4.265459893755889],[-70.87451171875,-4.250518487505886],[-70.85898437499999,-4.24309661250588],[-70.84355468749999,-4.23796965938088],[-70.84062499999999,-4.228545831255886],[-70.84912109375,-4.20427825313088],[-70.845947265625,-4.19085051875588],[-70.83310546874999,-4.179229425005886],[-70.785400390625,-4.15618255000588],[-70.77509765625,-4.154815362505886],[-70.712890625,-4.171709893755889],[-70.69487304687499,-4.17205169063088],[-70.683837890625,-4.163604425005886],[-70.6728515625,-4.13323333125588],[-70.66367187499999,-4.122100518755886],[-70.64755859374999,-4.11541106563088],[-70.6318359375,-4.11882903438088],[-70.63037109375,-4.13323333125588],[-70.63395996093749,-4.151690362505889],[-70.63330078125,-4.16668059688088],[-70.58603515624999,-4.194366143755886],[-70.577392578125,-4.18377044063088],[-70.57309570312499,-4.16570403438088],[-70.56645507812499,-4.148760675005889],[-70.550537109375,-4.14055755000588],[-70.534912109375,-4.146514581255886],[-70.53012695312499,-4.161163018755886],[-70.52714843749999,-4.175811456255886],[-70.51677246093749,-4.18206145625588],[-70.50166015625,-4.17717864375588],[-70.46074218749999,-4.144366143755889],[-70.445068359375,-4.137237237505886],[-70.43071289062499,-4.13396575313088],[-70.41611328124999,-4.13543059688088],[-70.39946289062499,-4.142120050005886],[-70.37443847656249,-4.164385675005889],[-70.3623046875,-4.167998956255886],[-70.34379882812499,-4.13933684688088],[-70.33139648437499,-4.14299895625588],[-70.31950683593749,-4.15618255000588],[-70.31186523437499,-4.170733331255889],[-70.31015624999999,-4.19109465938088],[-70.31918945312499,-4.22869231563088],[-70.31748046874999,-4.246905206255889],[-70.30771484374999,-4.260088800005889],[-70.25834960937499,-4.29900481563088],[-70.248779296875,-4.302080987505889],[-70.23991699218749,-4.301592706255889],[-70.232177734375,-4.30339934688088],[-70.225537109375,-4.31292083125588],[-70.217529296875,-4.32878997188088],[-70.20646972656249,-4.342803643755886],[-70.18735351562499,-4.32610442500588],[-70.17099609374999,-4.28826262813088],[-70.15805664062499,-4.270049737505886],[-70.13969726562499,-4.260284112505886],[-70.11728515624999,-4.258135675005889],[-70.09733886718749,-4.26555755000588],[-70.08652343749999,-4.283721612505886],[-70.08188476562499,-4.308623956255886],[-70.076416015625,-4.315948175005886],[-70.064208984375,-4.32830169063088],[-70.05180664062499,-4.33709075313088],[-70.037841796875,-4.34075286250588],[-70.023681640625,-4.338702081255889],[-69.990234375,-4.31438567500588],[-69.97258300781249,-4.29070403438088],[-69.96337890625,-4.26409270625588],[-69.96574707031249,-4.23626067500588]]]}},{"type":"Feature","properties":{"role":"context_only","name":"Corumb\u00e1","name_en":"Corumb\u00e1","ne_id":1159125383},"geometry":{"type":"MultiLineString","coordinates":[[[-48.76416015625,-15.840655206255889],[-48.77001953125,-15.852080987505886],[-48.787695312500006,-15.873565362505886],[-48.79790039062499,-15.904815362505886],[-48.799658203125006,-15.91716887813088],[-48.79484863281249,-15.92253997188088],[-48.792333984375006,-15.927276300005886],[-48.78557128906249,-15.949541925005889],[-48.77592773437499,-16.00628020625588],[-48.76311035156249,-16.03875090938088],[-48.741943359375,-16.06462981563088],[-48.708837890625006,-16.09456145625589],[-48.69384765625,-16.11150481563088],[-48.68310546875,-16.12678801875589],[-48.670654296875,-16.13801848750589],[-48.65080566406249,-16.14226653438088],[-48.6279296875,-16.14045989375589],[-48.61381835937499,-16.13704192500589],[-48.60197753906249,-16.13640715938088],[-48.539794921875,-16.16096770625589],[-48.52392578125,-16.16961028438088],[-48.507080078125,-16.19319426875589],[-48.5,-16.19695403438088],[-48.479833984375006,-16.19719817500588],[-48.47119140625,-16.199248956255886],[-48.46245117187499,-16.20442473750589],[-48.45073242187499,-16.20037200313088],[-48.439550781250006,-16.20745208125588],[-48.428808593750006,-16.222198175005886],[-48.41826171874999,-16.24163176875588],[-48.39763183593749,-16.28108489375589],[-48.38720703125,-16.29475676875589],[-48.37651367187499,-16.29998137813088],[-48.36713867187498,-16.30266692500588],[-48.35454101562499,-16.31536223750588],[-48.345800781250006,-16.319854425005886],[-48.34453124999999,-16.31819426875589],[-48.31538085937498,-16.313018487505886],[-48.26066894531249,-16.31770598750589],[-48.25017089843749,-16.313018487505886],[-48.23063964843749,-16.321807550005886],[-48.222900390625,-16.32659270625588],[-48.216650390625006,-16.32293059688088],[-48.201171875,-16.31682708125588],[-48.194921875000006,-16.313018487505886],[-48.17766113281249,-16.323272393755886],[-48.13420410156249,-16.328155206255886],[-48.107421875,-16.34114348750589],[-48.094824218750006,-16.34407317500589],[-48.08366699218749,-16.34856536250588],[-48.047607421875,-16.40803801875589],[-48.038916015625006,-16.42839934688088],[-48.033203125,-16.45037200313088],[-48.029394531250006,-16.48723723750588],[-48.024511718750006,-16.49739348750589],[-48.016845703125,-16.50628020625588],[-48.006591796875,-16.51506926875588],[-48.0029296875,-16.626495050005886],[-48.006591796875,-16.63884856563088],[-48.0126953125,-16.64739348750588],[-48.022216796875,-16.66633880000589],[-48.03483886718749,-16.67449309688088],[-48.027441406250006,-16.68440520625589],[-48.01567382812499,-16.693877862505886],[-48.010009765625,-16.69719817500588],[-47.99882812499999,-16.73528411250588],[-47.987646484375006,-16.75188567500588],[-47.965576171875,-16.75872161250588],[-47.96269531249999,-16.76155364375589],[-47.945654296875006,-16.773955987505886],[-47.94169921874999,-16.77605559688088],[-47.93798828125,-16.78704192500588],[-47.928955078125,-16.79241301875588],[-47.91777343749999,-16.795440362505886],[-47.907568359375006,-16.80022551875588],[-47.896484375,-16.813995050005886],[-47.892578125,-16.830596612505886],[-47.893310546875,-16.912627862505886],[-47.8955078125,-16.91487395625589],[-47.906494140625,-16.92170989375589],[-47.91064453125,-16.92317473750589],[-47.9150390625,-16.92610442500589],[-47.913818359375,-16.93196380000589],[-47.910253906250006,-16.93694426875588],[-47.907568359375006,-16.93684661250589],[-47.921484375000006,-16.998565362505886],[-47.93144531249999,-17.015655206255886],[-47.976416015625006,-17.07405364375589],[-48.00629882812498,-17.13543059688088],[-48.011328125000006,-17.16399505000588],[-48.015722656250006,-17.17644622188088],[-48.02336425781249,-17.186553643755886],[-48.034521484375006,-17.19075286250589],[-48.04020996093749,-17.19085051875588],[-48.04301757812499,-17.191924737505886],[-48.04399414062499,-17.194854425005886],[-48.04414062499998,-17.20061614375588],[-48.04536132812498,-17.20891692500588],[-48.04863281249999,-17.20989348750588],[-48.05322265625,-17.20867278438088],[-48.05839843749999,-17.21111419063088],[-48.08342285156249,-17.248565362505886],[-48.100683593750006,-17.26594817500589],[-48.14360351562499,-17.279815362505886],[-48.1875,-17.32097747188088],[-48.21630859375,-17.32683684688088],[-48.21916503906249,-17.32781340938088],[-48.2197265625,-17.33235442500589],[-48.28125,-17.423370050005886],[-48.31206054687499,-17.429717706255886],[-48.344824218750006,-17.447784112505886],[-48.363623046875006,-17.47576262813088],[-48.35258789062499,-17.51213958125588],[-48.36328125,-17.51165130000588],[-48.370458984375006,-17.51336028438088],[-48.375585937500006,-17.518096612505886],[-48.3798828125,-17.526397393755886],[-48.369238281250006,-17.53533294063088],[-48.37065429687499,-17.54802825313088],[-48.38007812499998,-17.55657317500588],[-48.3935546875,-17.55315520625588],[-48.398193359375,-17.56170012813088],[-48.398779296875006,-17.56780364375588],[-48.39506835937499,-17.57356536250589],[-48.38671875,-17.581084893755886],[-48.401953125000006,-17.582061456255886],[-48.413671875000006,-17.588409112505886],[-48.42236328125,-17.59797942500589],[-48.428320312500006,-17.60833098750588],[-48.4345703125,-17.60833098750588],[-48.44243164062499,-17.59602630000589],[-48.450292968750006,-17.59856536250588],[-48.458984375,-17.60784270625588],[-48.46928710937499,-17.61516692500588],[-48.46928710937499,-17.62141692500589],[-48.45556640625,-17.628936456255886],[-48.44951171874999,-17.646514581255886],[-48.441992187500006,-17.690948175005886],[-48.451416015625,-17.69319426875589],[-48.45556640625,-17.69661223750589],[-48.45454101562498,-17.70208098750588],[-48.44816894531249,-17.71077239375589],[-48.48723144531249,-17.708526300005886],[-48.49658203125,-17.71077239375589],[-48.49711914062499,-17.717315362505886],[-48.50810546874999,-17.74788176875589],[-48.510839843750006,-17.74934661250589],[-48.51079101562499,-17.772491143755886],[-48.515478515625006,-17.778350518755886],[-48.52763671874999,-17.780303643755886],[-48.533203125,-17.78264739375588],[-48.53776855468749,-17.78826262813088],[-48.55058593749999,-17.811553643755886],[-48.551123046875006,-17.81379973750589],[-48.54833984375,-17.814483331255886],[-48.537841796875,-17.82942473750589],[-48.516845703125,-17.84358489375589],[-48.510839843750006,-17.84856536250588],[-48.50651855468749,-17.86003997188088],[-48.50432128906249,-17.87273528438088],[-48.50341796875,-17.899444268755886],[-48.5078125,-17.92083098750588],[-48.516210937500006,-17.94270598750589],[-48.52167968749998,-17.96453215938088],[-48.51708984375,-17.98518645625589],[-48.53203124999999,-17.991729425005886],[-48.5390625,-18.00618255000589],[-48.543798828125006,-18.02376067500589],[-48.551855468750006,-18.03972747188088],[-48.562109375000006,-18.04768645625589],[-48.57568359375,-18.051788018755886],[-48.60986328125,-18.05403411250589],[-48.636572265625006,-18.05046965938088],[-48.648046875000006,-18.05403411250589],[-48.657470703125,-18.06829192500588]]]}},{"type":"Feature","properties":{"role":"context_only","name":"","name_en":"","ne_id":1159125837},"geometry":{"type":"MultiLineString","coordinates":[[[-58.36430664062499,-16.43645598750588],[-58.34335937499999,-16.47307708125588],[-58.35678710937499,-16.50945403438088],[-58.45659179687499,-16.61897551875589],[-58.473388671875,-16.64959075313088],[-58.48100585937499,-16.68352630000588],[-58.47739257812499,-16.72688567500589],[-58.45703125,-16.802276300005886],[-58.45366210937499,-16.84124114375588],[-58.45585937499999,-16.848174737505886],[-58.46477050781249,-16.86589934688088],[-58.46733398437499,-16.87532317500589],[-58.46696777343749,-16.887237237505886],[-58.45703125,-16.93694426875588],[-58.43994140625,-16.96721770625588],[-58.43320312499999,-16.98518645625589],[-58.42753906249999,-17.05510833125588],[-58.42236328125,-17.07063567500589],[-58.41171874999999,-17.08806731563088],[-58.406982421875,-17.11003997188088],[-58.40556640624999,-17.19954192500589],[-58.39990234375,-17.23723723750588],[-58.38188476562499,-17.267120050005886],[-58.344482421875,-17.28679778438088],[-58.31284179687499,-17.29085051875589],[-58.30283203124999,-17.29378020625589],[-58.29301757812499,-17.29949309688088],[-58.275146484375,-17.31389739375588],[-58.26523437499999,-17.319854425005886],[-58.2568359375,-17.32244231563088],[-58.24064941406249,-17.32503020625589],[-58.23227539062499,-17.329620050005886],[-58.220947265625,-17.34417083125588],[-58.20476074218749,-17.37727630000589],[-58.18916015625,-17.38850676875589],[-58.17529296875,-17.39192473750589],[-58.16391601562499,-17.39324309688088],[-58.15292968749999,-17.39631926875589],[-58.13999023437499,-17.40447356563088],[-58.11279296875,-17.43342864375589],[-58.101806640625,-17.44124114375589],[-58.06645507812499,-17.45574309688088],[-58.054443359375,-17.46233489375588],[-58.0109375,-17.496612237505886],[-57.98222656249999,-17.50862395625589],[-57.94426269531249,-17.51775481563088],[-57.90634765624999,-17.52034270625589],[-57.87211914062499,-17.511260675005886]],[[-57.4736328125,-17.94475676875588],[-57.47690429687499,-17.929229425005886],[-57.469970703125,-17.89641692500588],[-57.47705078125,-17.890166925005886],[-57.49785156249999,-17.86565520625588],[-57.50395507812499,-17.862334893755886],[-57.52885742187499,-17.85481536250589],[-57.57602539062499,-17.82454192500589],[-57.59375,-17.82073333125588],[-57.60678710937499,-17.81536223750588],[-57.60771484374999,-17.80291106563088],[-57.60502929687499,-17.78826262813088],[-57.607421875,-17.77654387813088],[-57.62761230468749,-17.74885833125589],[-57.63925781249999,-17.73713958125589],[-57.65537109374999,-17.73079192500589],[-57.67277832031249,-17.730987237505886],[-57.70712890624999,-17.737823175005886],[-57.72519531249999,-17.73650481563088],[-57.74113769531249,-17.73015715938088],[-57.755615234375,-17.72053801875589],[-57.76823730468749,-17.70867278438088],[-57.77861328124999,-17.69548919063088],[-57.78666992187499,-17.67742278438088],[-57.78867187499999,-17.65886809688088],[-57.78828125,-17.62029387813088]]]}},{"type":"Feature","properties":{"role":"context_only","name":"Maicuru","name_en":"Maicuru","ne_id":1159126889},"geometry":{"type":"MultiLineString","coordinates":[[[-55.35581054687499,1.4280947937441084],[-55.3505859375,1.4063174499941198],[-55.32756347656249,1.3827578796816198],[-55.31694335937499,1.3435733093691198],[-55.303955078125,1.325946356244117],[-55.23974609375,1.2704531921816198],[-55.20134277343749,1.2213809265566198],[-55.19438476562499,1.2039736999941084],[-55.18510742187499,1.1605899109316198],[-55.177734375,1.138934637494117],[-55.16606445312499,1.1168887390566198],[-55.14926757812499,1.0997988953066198],[-55.11166992187499,1.0873477234316198],[-55.10100097656249,1.0739199890566198],[-55.09196777343749,1.057879949994117],[-55.08212890624999,1.0445498718691084],[-55.06767578124999,1.0357119812441198],[-55.05449218749999,1.0303897156191084],[-55.04484863281249,1.0210635437441198],[-55.04111328124999,1.0001895203066198],[-55.04111328124999,0.9210147156191084],[-55.03483886718749,0.9036319031191198],[-55.02189941406249,0.8831240906191198],[-55.00742187499999,0.8660830749941084],[-54.99106445312499,0.8558291687441084],[-54.98137207031249,0.8421572937441084],[-54.976318359375,0.8390567078066198],[-54.93124999999999,0.8322207703066198],[-54.915478515625,0.8186221374941169],[-54.912353515625,0.8001651062441084],[-54.91269531249999,0.7814395203066198],[-54.90739746093749,0.7667910828066198],[-54.89433593749999,0.7556338562441169],[-54.880859375,0.7475772156191169],[-54.81284179687499,0.7230166687441084],[-54.7998046875,0.7135684265566198],[-54.78386230468749,0.6985049499941169],[-54.77685546875,0.6890811218691084],[-54.77392578125,0.6796328796816198],[-54.77360839843749,0.6572451843691169],[-54.771484375,0.6437442078066198],[-54.76611328125,0.6364199890566198],[-54.753173828125,0.6261660828066198],[-54.73349609374999,0.5893740906191169],[-54.72026367187499,0.5720889343691198],[-54.701904296875,0.5647647156191198],[-54.69108886718749,0.5548770203066198],[-54.69291992187499,0.5320010437441169],[-54.705322265625,0.4896182312441084],[-54.70712890624999,0.4660098328066198],[-54.70366210937499,0.4461123718691198],[-54.69589843749999,0.4290713562441084],[-54.68486328124999,0.4139346374941084],[-54.6982421875,0.4022891296816198],[-54.68937988281249,0.3831240906191198],[-54.673095703125,0.3613955749941198],[-54.66440429687499,0.3422305359316198],[-54.662841796875,0.3198916687441198],[-54.65861816406249,0.3046328796816198],[-54.61313476562499,0.20924713749411694],[-54.58867187499999,0.13336823124411978],[-54.58530273437499,0.10997955936910842],[-54.59819335937499,0.034051824994108415],[-54.61093749999999,0.009222723431619784],[-54.61494140625,-0.004034112505891585],[-54.61381835937499,-0.01804778438088306],[-54.60490722656249,-0.044561456255891585],[-54.60356445312499,-0.058477471880891585],[-54.60800781249999,-0.08123137813088022],[-54.60874023437499,-0.19158294063088022],[-54.59965820312499,-0.21516692500588874],[-54.59335937499999,-0.24187590938088022],[-54.57133789062499,-0.3031552062558802],[-54.5673828125,-0.3307430968808802],[-54.55778808593749,-0.35628020625588874],[-54.54282226562499,-0.38313567500588874],[-54.539306640625,-0.3935848937558859],[-54.53818359374999,-0.4071591125058802],[-54.53984374999999,-0.4210751281308802],[-54.549072265625,-0.4606259093808802],[-54.54863281249999,-0.4757626281308802],[-54.5451171875,-0.4887997375058859],[-54.53532714843749,-0.5139950500058887],[-54.528564453125,-0.5554989562558887],[-54.52446289062499,-0.5686825500058887],[-54.5126953125,-0.5934384093808802],[-54.51152343749999,-0.6002743468808802],[-54.51181640624999,-0.6220028625058802],[-54.51005859374999,-0.6337216125058802],[-54.48740234374999,-0.7014950500058887],[-54.43535156249999,-0.8066708312558859],[-54.432373046875,-0.8206356750058887],[-54.42636718749999,-0.8339169250058802],[-54.41748046875,-0.8621395812558887],[-54.39873046874999,-0.9039852843808802],[-54.397216796875,-0.9182919250058887],[-54.40009765625,-0.9348934875058887],[-54.41953124999999,-0.9872372375058802],[-54.42392578124999,-1.0222958312558887],[-54.46494140624999,-1.1194638000058887],[-54.46835937499999,-1.1354305968808802],[-54.467529296875,-1.1487606750058887],[-54.46281738281249,-1.1614559875058887],[-54.447021484375,-1.188995050005886],[-54.44157714843749,-1.2015927062558802],[-54.43901367187499,-1.214873956255886],[-54.4423828125,-1.2522763000058887],[-54.442138671875,-1.2628720031308802],[-54.43815917968749,-1.2855770812558802],[-54.43864746093749,-1.2955868468808802],[-54.44384765625,-1.3172177062558887],[-54.44614257812499,-1.3391903625058887],[-54.44194335937499,-1.3571102843808802],[-54.40214843749999,-1.4300106750058887],[-54.39433593749999,-1.4506161437558802],[-54.38999023437499,-1.4705380187558887],[-54.39250488281249,-1.4843075500058802],[-54.40764160156249,-1.5237606750058887],[-54.41391601562499,-1.5319149718808802],[-54.419677734375,-1.5418270812558887],[-54.4052734375,-1.5634091125058802],[-54.37639160156249,-1.5940731750058887],[-54.368359375,-1.6083309875058802],[-54.3603515625,-1.6298153625058802],[-54.35605468749999,-1.6512997375058802],[-54.359277343749994,-1.6659481750058802],[-54.36386718749999,-1.6752255187558802],[-54.3681640625,-1.698272393755886],[-54.372998046875,-1.7069638000058802],[-54.38383789062499,-1.7118466125058802],[-54.395458984375,-1.7120907531308802],[-54.40690917968749,-1.7140438781308802],[-54.41733398437499,-1.7242977843808802],[-54.41850585937499,-1.7396786437558802],[-54.40153808593749,-1.776885675005886],[-54.39682617187499,-1.7960751281308802],[-54.39990234375,-1.8129208312558802],[-54.39926757812499,-1.8221005187558887],[-54.388671875,-1.8297665343808802],[-54.38322753906249,-1.8380673156308802],[-54.378662109375,-1.8474911437558887],[-54.37167968749999,-1.8766415343808802],[-54.37468261718749,-1.8849423156308802],[-54.38664550781249,-1.888213800005886],[-54.39494628906249,-1.894073175005886],[-54.39091796874999,-1.9076473937558802],[-54.381298828125,-1.9225399718808802],[-54.372998046875,-1.9325497375058802],[-54.362060546875,-1.9398739562558802],[-54.35190429687499,-1.943877862505886],[-54.344482421875,-1.9508602843808802],[-54.34160156249999,-1.9667294250058802],[-54.34033203125,-1.9926083312558802],[-54.33749999999999,-2.00554778438088],[-54.33203125,-2.01506926875588],[-54.32744140624999,-2.03118255000588],[-54.32683105468749,-2.08562590938088],[-54.32114257812499,-2.107940362505886],[-54.30649414062499,-2.1326473937558887],[-54.29770507812499,-2.15374114375588],[-54.30070800781249,-2.17229583125588],[-54.32114257812499,-2.18987395625588]]]}},{"type":"Feature","properties":{"role":"context_only","name":"Mira","name_en":"Mira","ne_id":1159127103},"geometry":{"type":"MultiLineString","coordinates":[[[-77.91240234374999,0.3257510437441198],[-77.91496582031249,0.34694244999411694],[-77.922119140625,0.3656680359316198],[-77.95849609375,0.4340274109316198],[-77.96831054687499,0.44704010624411694],[-77.98447265624999,0.4551455749941198],[-78.03076171875,0.4656436218691198],[-78.04594726562499,0.4878604187441198],[-78.07451171874999,0.49415924686911694],[-78.10629882812499,0.4962100281191084],[-78.13090820312499,0.5055606140566198],[-78.14194335937499,0.5207705749941169],[-78.147216796875,0.5377871765566198],[-78.14848632812499,0.5559756531191198],[-78.14702148437499,0.5849063171816198],[-78.14794921875,0.5935733093691198],[-78.16874999999999,0.6513125671816198],[-78.20834960937499,0.7012881531191084],[-78.234375,0.7464053406191198],[-78.258544921875,0.7753360046816198],[-78.28916015624999,0.8017764343691169],[-78.33452148437499,0.8315615906191169],[-78.35205078125,0.8474307312441169],[-78.36040039062499,0.8527285828066198],[-78.37211914062499,0.8557803406191198],[-78.40878906249999,0.8589541687441198],[-78.4287109375,0.8653018249941198],[-78.447265625,0.8743350281191198],[-78.463623046875,0.8859317078066198],[-78.48178710937499,0.9047305359316198],[-78.49755859375,0.9141787781191084],[-78.53173828125,0.9102725281191084],[-78.55722656249999,0.9424990906191084],[-78.56748046874999,0.9889590515566198],[-78.54558105468749,1.0657412781191198],[-78.568359375,1.1612002624941198],[-78.55900878906249,1.2022158874941198],[-78.56650390624999,1.224383856244117],[-78.57255859374999,1.2329776062441198],[-78.58354492187499,1.236346746869117],[-78.59001464843749,1.240741278119117],[-78.59238281249999,1.2515811218691084],[-78.59379882812499,1.2772891296816198],[-78.58447265625,1.2972354187441084],[-78.580810546875,1.3078067078066198],[-78.58012695312499,1.3189151062441198],[-78.58354492187499,1.323993231244117],[-78.59746093749999,1.337909246869117],[-78.60063476562499,1.342792059369117],[-78.61149902343749,1.3841006531191198],[-78.63657226562499,1.3996035828066198],[-78.6416015625,1.4014346374941198],[-78.64519042968749,1.4083194031191084],[-78.64873046874999,1.4180850281191084],[-78.65380859375,1.4279238953066198],[-78.662109375,1.4349307312441084],[-78.67302246093749,1.4363467468691198],[-78.68115234375,1.4329776062441084],[-78.68930664062499,1.4314639343691198],[-78.70024414062499,1.4383486999941084],[-78.705078125,1.4473819031191084],[-78.70927734374999,1.4703311218691084],[-78.71391601562499,1.4796817078066198],[-78.72770996093749,1.495868231244117],[-78.73779296875,1.5106875671816198],[-78.74228515624999,1.5208194031191198],[-78.75146484375,1.5516299499941084],[-78.76596679687499,1.5714785828066198],[-78.77482910156249,1.5812442078066198],[-78.77873535156249,1.5823428406191198],[-78.781982421875,1.5882022156191198],[-78.79924316406249,1.6096865906191198],[-78.80205078124999,1.618915106244117],[-78.80893554687499,1.6221865906191084],[-78.81791992187499,1.6236514343691084],[-78.82651367187499,1.6273867859316198],[-78.83891601562499,1.6398379578066198],[-78.849853515625,1.6561953796816198],[-78.857666015625,1.674335028119117],[-78.86069335937499,1.6922061218691198],[-78.8642578125,1.7016055359316198],[-78.87265624999999,1.712909246869117],[-78.88298339843749,1.7206485046816198],[-78.89201660156249,1.7195498718691198],[-78.90275878906249,1.7135684265566198],[-78.90727539062499,1.7205264343691198],[-78.91020507812499,1.7565371765566198],[-78.90983886718749,1.768573309369117],[-78.91081542968749,1.7800967468691198],[-78.91594238281249,1.7918643249941084]]]}},{"type":"Feature","properties":{"role":"context_only","name":"Tambo","name_en":"Tambo","ne_id":1159127627},"geometry":{"type":"MultiLineString","coordinates":[[[-70.40878906249999,-16.34880950313088],[-70.42626953125,-16.32830169063088],[-70.43979492187499,-16.30647551875589],[-70.4474609375,-16.28303801875589],[-70.45395507812499,-16.18474700313088],[-70.49541015624999,-16.13460051875589],[-70.55859375,-16.11663176875588],[-70.63017578124999,-16.13997161250589],[-70.64445800781249,-16.15266692500589],[-70.67985839843749,-16.19768645625588],[-70.73002929687499,-16.228545831255886],[-70.74301757812499,-16.24251067500589],[-70.7529296875,-16.278838800005886],[-70.74382324218749,-16.35637786250588],[-70.75156249999999,-16.39373137813088],[-70.767333984375,-16.41228606563088],[-70.80712890625,-16.43230559688088],[-70.82373046875,-16.446807550005886],[-70.83061523437499,-16.45916106563088],[-70.83457031249999,-16.47200286250589],[-70.83579101562499,-16.48518645625589],[-70.83457031249999,-16.49885833125589],[-70.81333007812499,-16.55549895625589],[-70.78134765624999,-16.613799737505886],[-70.75969238281249,-16.67024505000589],[-70.76953125,-16.721221612505886],[-70.80380859374999,-16.74446380000589],[-71.05747070312499,-16.76057708125589],[-71.09189453124999,-16.77522551875589],[-71.11591796875,-16.79851653438088],[-71.167724609375,-16.88494231563088],[-71.18754882812499,-16.90203215938088],[-71.209716796875,-16.914092706255886],[-71.37736816406249,-16.974639581255886],[-71.46420898437499,-17.019561456255886],[-71.49462890625,-17.02898528438088],[-71.53862304687499,-17.02752044063088],[-71.61557617187499,-17.00164153438088],[-71.66171874999999,-17.00715911250589],[-71.692578125,-17.01985442500589],[-71.71923828125,-17.034698175005886],[-71.74169921875,-17.05388762813088],[-71.77866210937499,-17.10823333125589],[-71.79868164062499,-17.13103606563088],[-71.849609375,-17.16838958125588]]]}},{"type":"Feature","properties":{"role":"context_only","name":"Pisco","name_en":"Pisco","ne_id":1159127637},"geometry":{"type":"MultiLineString","coordinates":[[[-75.24284667968749,-12.93767669063088],[-75.24521484374999,-12.95476653438088],[-75.25236816406249,-12.967120050005889],[-75.260986328125,-12.978545831255886],[-75.26811523437499,-12.992510675005889],[-75.2705078125,-13.008623956255889],[-75.26953125,-13.04265715938088],[-75.272216796875,-13.059405206255889],[-75.28476562499999,-13.08123137813088],[-75.34575195312499,-13.144561456255886],[-75.35654296874999,-13.16399505000588],[-75.36210937499999,-13.184600518755886],[-75.36801757812499,-13.228057550005886],[-75.37436523437499,-13.252471612505886],[-75.383056640625,-13.272295831255889],[-75.405029296875,-13.30437590938088],[-75.43540039062499,-13.34978606563088],[-75.512451171875,-13.537432550005889],[-75.5234375,-13.55437590938088],[-75.53671874999999,-13.56902434688088],[-75.54350585937499,-13.574053643755889],[-75.55009765624999,-13.576983331255889],[-75.61516113281249,-13.59441497188088],[-75.65283203125,-13.611651300005889],[-75.66611328124999,-13.61541106563088],[-75.71259765625,-13.617510675005889],[-75.72697753906249,-13.62200286250588],[-75.74907226562499,-13.63762786250588],[-75.78837890624999,-13.676592706255889],[-75.81120605468749,-13.69109465938088],[-75.88420410156249,-13.72356536250588],[-75.89658203124999,-13.72576262813088],[-75.90854492187499,-13.725909112505889],[-75.93291015624999,-13.72283294063088],[-76.0099609375,-13.722198175005886],[-76.13322753906249,-13.69304778438088],[-76.15087890625,-13.692217706255889],[-76.184814453125,-13.69426848750588],[-76.20126953124999,-13.69280364375588],[-76.22136230468749,-13.686553643755886]]]}},{"type":"Feature","properties":{"role":"context_only","name":"Oco\u00f1a","name_en":"Oco\u00f1a","ne_id":1159127647},"geometry":{"type":"MultiLineString","coordinates":[[[-73.57683105468749,-14.68938567500588],[-73.53386230468749,-14.80535247188088],[-73.50468749999999,-14.83587005000588],[-73.46770019531249,-14.85759856563088],[-73.42636718749999,-14.87127044063088],[-73.4025390625,-14.88811614375588],[-73.38486328124999,-14.91863372188088],[-73.33896484374999,-15.033526300005889],[-73.332177734375,-15.059112237505886],[-73.3310546875,-15.08904387813088],[-73.336181640625,-15.124834893755889],[-73.339599609375,-15.151202081255889],[-73.33969726562499,-15.164092706255886],[-73.331787109375,-15.205108331255886],[-73.33203125,-15.21575286250588],[-73.336181640625,-15.242022393755889],[-73.33659667968749,-15.255889581255886],[-73.33310546874999,-15.266436456255889],[-73.32145996093749,-15.27312590938088],[-73.29887695312499,-15.26702239375588],[-73.289306640625,-15.272002862505886],[-73.28532714843749,-15.28411223750588],[-73.29233398437499,-15.32439544063088],[-73.2892578125,-15.36589934688088],[-73.2783203125,-15.40960051875588],[-73.259765625,-15.45012786250588],[-73.233837890625,-15.48284270625588],[-73.15239257812499,-15.546416925005886],[-73.11679687499999,-15.58367278438088],[-73.094677734375,-15.63176848750588],[-73.08562011718749,-15.687530206255886],[-73.08549804687499,-15.73967864375588],[-73.09379882812499,-15.791045831255886],[-73.13608398437499,-15.93718840938088],[-73.15732421874999,-15.98088958125588],[-73.16318359374999,-16.00374114375589],[-73.169189453125,-16.12639739375588],[-73.16562499999999,-16.18879973750589],[-73.15581054687499,-16.24846770625588],[-73.14250488281249,-16.28108489375589],[-73.1408203125,-16.29329192500589],[-73.14365234374999,-16.30501067500589],[-73.14909667968749,-16.315459893755886],[-73.15288085937499,-16.32649505000589],[-73.15073242187499,-16.339873956255886],[-73.12468261718749,-16.39421965938088],[-73.118408203125,-16.42170989375589],[-73.11850585937499,-16.446807550005886]]]}},{"type":"Feature","properties":{"role":"context_only","name":"Yapacani","name_en":"Yapacan\u00ed","ne_id":1159127657},"geometry":{"type":"MultiLineString","coordinates":[[[-64.18833007812499,-17.71819426875588],[-64.18181152343749,-17.70647551875588],[-64.15512695312499,-17.673370050005886],[-64.134765625,-17.63836028438088],[-64.10991210937499,-17.57463958125588],[-64.10820312499999,-17.56047942500588],[-64.10986328125,-17.54670989375589],[-64.12060546875,-17.52962005000589],[-64.13749999999999,-17.52385833125588],[-64.17705078124999,-17.52044036250588],[-64.19340820312499,-17.51336028438088],[-64.207958984375,-17.50383880000588],[-64.21958007812499,-17.49138762813088],[-64.22722167968749,-17.47493255000589],[-64.22861328124999,-17.46575286250588],[-64.228515625,-17.43538176875589],[-64.22470703124999,-17.416045831255886],[-64.21721191406249,-17.39739348750588],[-64.21225585937499,-17.37883880000588],[-64.21635742187499,-17.35979583125588],[-64.224609375,-17.34441497188088],[-64.233837890625,-17.31868255000589],[-64.23837890624999,-17.31096770625588],[-64.244384765625,-17.304229425005886],[-64.290283203125,-17.268584893755886],[-64.37578124999999,-17.17463958125589],[-64.408935546875,-17.14959075313088],[-64.41813964843749,-17.14495208125588],[-64.44482421875,-17.136748956255886],[-64.50358886718749,-17.10320403438088],[-64.51872558593749,-17.09212005000589],[-64.58173828125,-17.027373956255886],[-64.59165039062499,-17.02034270625589],[-64.60185546874999,-17.015655206255886],[-64.623779296875,-17.00847747188088],[-64.64755859374999,-16.99602630000588],[-64.74174804687499,-16.898467706255886],[-64.756298828125,-16.87434661250589],[-64.77792968749999,-16.79461028438088],[-64.780029296875,-16.775420831255886],[-64.78232421874999,-16.76643645625589],[-64.78813476562499,-16.756866143755886],[-64.80322265625,-16.73958098750589],[-64.807861328125,-16.72966887813088],[-64.80729980468749,-16.71746184688088],[-64.79521484374999,-16.69866301875588],[-64.78996582031249,-16.676299737505886],[-64.75395507812499,-16.61858489375588],[-64.751220703125,-16.61126067500588],[-64.75432128906249,-16.60173919063088],[-64.76181640624999,-16.59783294063088],[-64.77080078124999,-16.59465911250588],[-64.77849121093749,-16.58733489375588],[-64.782470703125,-16.572295831255886],[-64.780029296875,-16.556182550005886],[-64.7734375,-16.54045989375588],[-64.764892578125,-16.525909112505886],[-64.75517578124999,-16.515655206255886],[-64.73227539062499,-16.50042083125588],[-64.72324218749999,-16.49114348750588],[-64.71787109374999,-16.463409112505886],[-64.717041015625,-16.46077239375589],[-64.71518554687499,-16.458526300005886],[-64.684326171875,-16.38836028438088],[-64.68229980468749,-16.37444426875588],[-64.684814453125,-16.36467864375588],[-64.69443359374999,-16.35222747188088],[-64.69658203124999,-16.34407317500589],[-64.69401855468749,-16.33479583125589],[-64.67607421874999,-16.306182550005886],[-64.69987792968749,-16.304717706255886],[-64.69816894531249,-16.29314544063088],[-64.67607421874999,-16.265166925005886],[-64.674072265625,-16.24553801875588],[-64.676513671875,-16.22795989375588],[-64.67692871093749,-16.21028411250589],[-64.66862792968749,-16.19011809688088],[-64.67741699218749,-16.16926848750589],[-64.67392578124999,-16.15071380000589],[-64.66611328124999,-16.133819268755886],[-64.66179199218749,-16.11809661250588],[-64.66618652343749,-16.10271575313088],[-64.68535156249999,-16.07732512813088],[-64.68974609374999,-16.056670831255886],[-64.68974609374999,-16.02190520625588],[-64.68808593749999,-16.01545989375589],[-64.68461914062499,-16.01043059688088],[-64.681884765625,-16.00335051875588],[-64.68229980468749,-15.99089934688088],[-64.68881835937499,-15.970049737505889],[-64.699951171875,-15.951495050005889],[-64.71440429687499,-15.935577081255886],[-64.730712890625,-15.92253997188088],[-64.717529296875,-15.91277434688088],[-64.70402832031249,-15.911651300005886],[-64.69023437499999,-15.916045831255886],[-64.67607421874999,-15.92253997188088],[-64.67534179687499,-15.90618255000588],[-64.68120117187499,-15.89495208125588],[-64.70402832031249,-15.874834893755889],[-64.67612304687499,-15.87468840938088],[-64.66455078125,-15.872588800005886],[-64.66105957031249,-15.861163018755889]]]}},{"type":"Feature","properties":{"role":"context_only","name":"Ituxi","name_en":"Ituxi","ne_id":1159127943},"geometry":{"type":"MultiLineString","coordinates":[[[-67.577099609375,-10.115069268755889],[-67.47380371093749,-9.99089934688088],[-67.44760742187499,-9.949541925005889],[-67.4189453125,-9.91008880000588],[-67.39311523437499,-9.89226653438088],[-67.36767578125,-9.87200286250588],[-67.3234375,-9.841338800005886],[-67.2822265625,-9.78582122188088],[-67.23422851562499,-9.73162200313088],[-67.17949218749999,-9.689776300005889],[-67.13811035156249,-9.67791106563088],[-67.10263671874999,-9.65740325313088],[-67.09599609374999,-9.616729425005886],[-67.07744140624999,-9.57781340938088],[-67.05998535156249,-9.57439544063088],[-67.041748046875,-9.575713800005886],[-67.01791992187499,-9.56585051875588],[-66.99594726562499,-9.550616143755889],[-66.96005859374999,-9.53460051875588],[-66.92319335937499,-9.52141692500588],[-66.88054199218749,-9.50261809688088],[-66.83725585937499,-9.486846612505886],[-66.78466796875,-9.44939544063088],[-66.73789062499999,-9.41130950313088],[-66.71782226562499,-9.41472747188088],[-66.697265625,-9.405791925005886],[-66.664794921875,-9.35100676875588],[-66.63176269531249,-9.319366143755886],[-66.59619140625,-9.29192473750588],[-66.583251953125,-9.290557550005886],[-66.57060546874999,-9.28777434688088],[-66.57041015624999,-9.275420831255886],[-66.57304687499999,-9.26506926875588],[-66.54453124999999,-9.232745050005889],[-66.5333984375,-9.19280364375588],[-66.529052734375,-9.15129973750588],[-66.50590820312499,-9.12346770625588],[-66.508544921875,-9.11614348750588],[-66.51005859374999,-9.106963800005886],[-66.49943847656249,-9.101397393755889],[-66.48837890624999,-9.09734465938088],[-66.44956054687499,-9.07830169063088],[-66.421337890625,-9.02654387813088],[-66.37468261718749,-8.968780206255886],[-66.345458984375,-8.939971612505886],[-66.30473632812499,-8.930694268755886],[-66.259765625,-8.933135675005886],[-66.22185058593749,-8.913409112505889],[-66.19694824218749,-8.84319426875588],[-66.16105957031249,-8.804034112505889],[-66.11289062499999,-8.781768487505886],[-66.02792968749999,-8.80388762813088],[-65.940185546875,-8.797686456255889],[-65.91171874999999,-8.769366143755889],[-65.89104003906249,-8.75920989375588],[-65.880615234375,-8.73919036250588],[-65.88664550781249,-8.71868255000588],[-65.88652343749999,-8.69793059688088],[-65.85502929687499,-8.68084075313088],[-65.81853027343749,-8.66619231563088],[-65.78232421874999,-8.628741143755889],[-65.75944824218749,-8.58074309688088],[-65.751708984375,-8.560870050005889],[-65.76054687499999,-8.557452081255889],[-65.7666015625,-8.547881768755886],[-65.76188964843749,-8.523467706255886],[-65.78232421874999,-8.504717706255889],[-65.80869140624999,-8.47405364375588],[-65.796142578125,-8.432159112505886],[-65.77402343749999,-8.41521575313088],[-65.752685546875,-8.402666925005889],[-65.740478515625,-8.38250090938088],[-65.73283691406249,-8.359893487505886],[-65.69125976562499,-8.32878997188088],[-65.6611328125,-8.30315520625588],[-65.67587890624999,-8.302080987505889],[-65.68466796874999,-8.284698175005886],[-65.6748046875,-8.25505950313088],[-65.67058105468749,-8.227373956255889],[-65.67973632812499,-8.222686456255886],[-65.687255859375,-8.21550872188088],[-65.67919921875,-8.207842706255889],[-65.66855468749999,-8.21013762813088],[-65.64689941406249,-8.20671965938088],[-65.630615234375,-8.191436456255886],[-65.60498046875,-8.18499114375588],[-65.57358398437499,-8.197100518755889],[-65.568115234375,-8.17669036250588],[-65.56145019531249,-8.15618255000588],[-65.54960937499999,-8.155596612505889],[-65.54594726562499,-8.16668059688088],[-65.53544921874999,-8.162627862505886],[-65.52580566406249,-8.15813567500588],[-65.48247070312499,-8.153643487505889],[-65.44548339843749,-8.13469817500588],[-65.40771484375,-8.12200286250588],[-65.35888671875,-8.119170831255886],[-65.334716796875,-8.08660247188088],[-65.29851074218749,-8.074053643755889],[-65.29624023437499,-8.05779387813088],[-65.296875,-8.036163018755886],[-65.27939453124999,-8.023955987505886],[-65.25615234374999,-8.01824309688088],[-65.24545898437499,-7.999541925005886],[-65.23583984375,-7.979522393755886],[-65.21640624999999,-7.968096612505889],[-65.201171875,-7.95330169063088],[-65.21757812499999,-7.913604425005886],[-65.1962890625,-7.874346612505889],[-65.16538085937499,-7.841631768755889],[-65.16362304687499,-7.81707122188088],[-65.17050781249999,-7.79851653438088],[-65.1640625,-7.78045012813088],[-65.14519042968749,-7.776690362505889],[-65.10270996093749,-7.75652434688088],[-65.0673828125,-7.724932550005889],[-65.061279296875,-7.708526300005886],[-65.0439453125,-7.69402434688088],[-65.021728515625,-7.686065362505886],[-65.0078125,-7.66863372188088],[-64.98886718749999,-7.633135675005889],[-64.95756835937499,-7.610186456255889],[-64.94645996093749,-7.57903411250588],[-64.937939453125,-7.544268487505889],[-64.91923828124999,-7.52605559688088],[-64.90366210937499,-7.50652434688088],[-64.9140625,-7.47307708125588],[-64.91831054687499,-7.43743255000588],[-64.925048828125,-7.400225518755889],[-64.93427734375,-7.36516692500588],[-64.935791015625,-7.329913018755889],[-64.92070312499999,-7.319854425005886],[-64.90073242187499,-7.324248956255886],[-64.87309570312499,-7.30901458125588],[-64.840576171875,-7.28875090938088]]]}},{"type":"Feature","properties":{"role":"context_only","name":"Jiparan\u00e1","name_en":"Jiparan\u00e1","ne_id":1159128121},"geometry":{"type":"MultiLineString","coordinates":[[[-60.35856933593749,-12.743487237505889],[-60.37558593749999,-12.71477630000588],[-60.38291015624999,-12.69622161250588],[-60.3859375,-12.67791106563088],[-60.39365234374999,-12.655108331255889],[-60.41240234374999,-12.631866143755886],[-60.45476074218749,-12.59197356563088],[-60.47836914062499,-12.564288018755889],[-60.49760742187499,-12.53313567500588],[-60.546337890625,-12.421905206255886],[-60.61240234374999,-12.33928801875588],[-60.65927734374999,-12.29607512813088],[-60.66704101562499,-12.28069426875588],[-60.672119140625,-12.262041925005889],[-60.716796875,-12.18230559688088],[-60.74326171874999,-12.15227630000588],[-60.75244140625,-12.146319268755889],[-60.76708984375,-12.14080169063088],[-60.78745117187499,-12.126983331255886],[-60.80668945312499,-12.109209893755889],[-60.81787109375,-12.092315362505886],[-60.82285156249999,-12.06902434688088],[-60.82475585937499,-12.04924895625588],[-60.82919921874999,-12.03118255000588],[-60.841796875,-12.013213800005886],[-60.8564453125,-12.00212981563088],[-60.871337890625,-11.993194268755886],[-60.88427734375,-11.98137786250588],[-60.893017578125,-11.961944268755886],[-60.89487304687499,-11.939971612505886],[-60.886474609375,-11.84832122188088],[-60.88803710937499,-11.82976653438088],[-60.895751953125,-11.813018487505886],[-60.92644042968749,-11.775225518755889],[-60.93735351562499,-11.76458098750588],[-60.95097656249999,-11.75847747188088],[-61.01042480468749,-11.75261809688088],[-61.029052734375,-11.747393487505889],[-61.07854003906249,-11.70134856563088],[-61.12192382812499,-11.680694268755886],[-61.13315429687499,-11.66716887813088],[-61.14780273437499,-11.67205169063088],[-61.168701171875,-11.671221612505889],[-61.18979492187499,-11.66570403438088],[-61.20488281249999,-11.65691497188088],[-61.21484375,-11.642901300005889],[-61.22641601562499,-11.615264581255886],[-61.235595703125,-11.605010675005886],[-61.266845703125,-11.588213800005889],[-61.32177734375,-11.566436456255886],[-61.348876953125,-11.54729583125588],[-61.39799804687499,-11.486358331255886],[-61.42290039062499,-11.46379973750588],[-61.458740234375,-11.454913018755889],[-61.46748046875,-11.455889581255889],[-61.48325195312499,-11.46013762813088],[-61.49252929687499,-11.46111419063088],[-61.50400390624999,-11.459307550005889],[-61.52128906249999,-11.45061614375588],[-61.53044433593749,-11.44744231563088],[-61.54868164062499,-11.445342706255886],[-61.570068359375,-11.445342706255886],[-61.59042968749999,-11.448272393755886],[-61.60551757812499,-11.454913018755889],[-61.616455078125,-11.44695403438088],[-61.65288085937499,-11.426788018755886],[-61.66074218749999,-11.417022393755886],[-61.66855468749999,-11.39763762813088],[-61.68730468749999,-11.39544036250588],[-61.72966308593749,-11.40642669063088],[-61.83188476562499,-11.38811614375588],[-61.84916992187499,-11.37615325313088],[-61.917236328125,-11.29534270625588],[-61.93522949218749,-11.26189544063088],[-61.941357421875,-11.21526458125588],[-61.93393554687499,-11.144366143755889],[-61.937939453125,-11.13274505000588],[-61.94687499999999,-11.12371184688088],[-61.951904296875,-11.102373956255889],[-61.96306152343749,-10.93499114375588],[-61.95561523437499,-10.89324309688088],[-61.94584960937499,-10.87322356563088],[-61.91943359375,-10.835967706255886],[-61.9140625,-10.82048919063088],[-61.9140625,-10.734893487505886],[-61.90268554687499,-10.71746184688088],[-61.86699218749999,-10.695147393755889],[-61.859375,-10.68401458125588],[-61.85344238281249,-10.66741301875588],[-61.80576171874999,-10.601885675005889],[-61.80144042968749,-10.593096612505889],[-61.798583984375,-10.583526300005886],[-61.79736328125,-10.57097747188088],[-61.80278320312499,-10.53386809688088],[-61.80107421874999,-10.52629973750588],[-61.78935546874999,-10.50896575313088],[-61.78564453125,-10.48967864375588],[-61.78867187499999,-10.46892669063088],[-61.79736328125,-10.447588800005889],[-61.78891601562499,-10.43206145625588],[-61.78745117187499,-10.416045831255886],[-61.79052734375,-10.37517669063088],[-61.79638671875,-10.35613372188088],[-61.81022949218749,-10.345049737505889],[-61.82634277343749,-10.33611419063088],[-61.83891601562499,-10.32390715938088],[-61.859375,-10.259112237505889],[-61.86699218749999,-10.24431731563088],[-61.88481445312499,-10.233233331255889],[-61.90544433593749,-10.223955987505889],[-61.92143554687499,-10.21404387813088],[-61.930908203125,-10.20012786250588],[-61.939697265625,-10.178741143755886],[-61.946240234375,-10.155596612505889],[-61.94877929687499,-10.13591887813088],[-61.955322265625,-10.11492278438088],[-61.970703125,-10.101104425005886],[-61.98876953125,-10.09026458125588],[-62.00341796875,-10.07756926875588],[-62.012451171875,-10.04631926875588],[-61.99887695312499,-10.019561456255886],[-61.97905273437499,-9.991045831255889],[-61.96923828125,-9.954620050005886],[-61.968701171875,-9.811358331255889],[-61.96293945312499,-9.790069268755886],[-61.94877929687499,-9.77532317500588],[-61.941357421875,-9.782745050005886],[-61.92783203124999,-9.76946380000588],[-61.912109375,-9.742217706255886],[-61.89902343749999,-9.711944268755886],[-61.887939453125,-9.668487237505886],[-61.86137695312499,-9.63103606563088],[-61.85258789062499,-9.60466887813088],[-61.84765625,-9.549639581255889],[-61.83562011718749,-9.525713800005889],[-61.79692382812499,-9.51140715938088],[-61.76469726562499,-9.48967864375588],[-61.75639648437499,-9.481768487505889],[-61.75351562499999,-9.470049737505889],[-61.75517578124999,-9.445830987505886],[-61.74951171875,-9.43328215938088],[-61.73203124999999,-9.44866301875588],[-61.726806640625,-9.434112237505886],[-61.72966308593749,-9.388995050005889],[-61.73173828124999,-9.378936456255886],[-61.74064941406249,-9.35930755000588],[-61.74272460937499,-9.34758880000588],[-61.739990234375,-9.34148528438088],[-61.72705078125,-9.32048919063088],[-61.72282714843749,-9.30974700313088],[-61.72080078124999,-9.29021575313088],[-61.72282714843749,-9.230987237505886],[-61.71909179687499,-9.225909112505889],[-61.69150390624999,-9.203643487505886],[-61.686279296875,-9.19378020625588],[-61.68369140624999,-9.17009856563088],[-61.68124999999999,-9.159014581255889],[-61.665771484375,-9.11882903438088],[-61.66196289062499,-9.101592706255886],[-61.657177734375,-9.056670831255886],[-61.648193359375,-9.04363372188088],[-61.63701171874999,-9.034209893755886],[-61.62666015625,-9.02239348750588],[-61.59873046874999,-8.95720794063088],[-61.594482421875,-8.951983331255889],[-61.58505859374999,-8.946612237505889],[-61.57568359375,-8.93962981563088],[-61.57138671874999,-8.92962005000588],[-61.57487792968749,-8.91863372188088],[-61.58349609375,-8.908721612505886],[-61.59458007812499,-8.901690362505889],[-61.60551757812499,-8.89885833125588],[-61.61809082031249,-8.901397393755886],[-61.62749023437499,-8.90740325313088],[-61.63632812499999,-8.91448333125588],[-61.64714355468749,-8.919952081255886],[-61.65776367187499,-8.921221612505889],[-61.66874999999999,-8.920733331255889],[-61.67998046874999,-8.92229583125588],[-61.69150390624999,-8.92962005000588],[-61.69711914062499,-8.938506768755886],[-61.70500488281249,-8.96087005000588],[-61.71196289062499,-8.97112395625588],[-61.72202148437499,-8.97747161250588],[-61.73295898437499,-8.979034112505886],[-61.744580078125,-8.97918059688088],[-61.75639648437499,-8.980791925005889],[-61.76628417968749,-8.98528411250588],[-61.79052734375,-9.00188567500588],[-61.80380859374999,-9.005401300005886],[-61.81396484375,-9.00505950313088],[-61.83549804687499,-9.00188567500588],[-61.9140625,-9.00188567500588],[-61.93408203125,-8.99920012813088],[-61.95786132812499,-8.991241143755886],[-61.98124999999999,-8.97918059688088],[-62.00839843749999,-8.95818450313088],[-62.01865234374999,-8.95525481563088],[-62.04094238281249,-8.954131768755886],[-62.05412597656249,-8.95208098750588],[-62.15122070312499,-8.897002862505886],[-62.171337890625,-8.89202239375588],[-62.19426269531249,-8.89568450313088],[-62.211669921875,-8.900909112505886],[-62.228515625,-8.899932550005886],[-62.24980468749999,-8.884600518755889],[-62.2607421875,-8.868194268755886],[-62.28793945312499,-8.810088800005886],[-62.299560546875,-8.80339934688088],[-62.310302734375,-8.78679778438088],[-62.32553710937499,-8.748077081255886],[-62.33286132812499,-8.71209075313088],[-62.34165039062499,-8.70330169063088],[-62.36308593749999,-8.700225518755886],[-62.37749023437499,-8.69280364375588],[-62.434814453125,-8.645049737505886],[-62.46611328124999,-8.58294036250588],[-62.47246093749999,-8.580889581255889],[-62.47900390625,-8.57512786250588],[-62.49179687499999,-8.55608489375588],[-62.53508300781249,-8.470049737505889],[-62.54716796874999,-8.458038018755886],[-62.56201171875,-8.453155206255886],[-62.58525390624999,-8.450030206255889],[-62.60246582031249,-8.441729425005889],[-62.68173828124999,-8.37273528438088],[-62.71259765625,-8.33342864375588],[-62.72568359374999,-8.310088800005886],[-62.74326171874999,-8.227373956255889],[-62.76433105468749,-8.17888762813088],[-62.76616210937499,-8.17229583125588],[-62.76811523437499,-8.157549737505889],[-62.771240234375,-8.15154387813088],[-62.77783203125,-8.14788176875588],[-62.795166015625,-8.144854425005889],[-62.80192871093749,-8.141436456255889],[-62.81120605468749,-8.128741143755889],[-62.827099609375,-8.09807708125588],[-62.83603515624999,-8.086455987505886],[-62.877197265625,-8.043780206255889],[-62.88725585937499,-8.028155206255889]]]}},{"type":"Feature","properties":{"role":"context_only","name":"Nhamund\u00e1","name_en":"Nhamund\u00e1","ne_id":1159128141},"geometry":{"type":"MultiLineString","coordinates":[[[-60.88676757812499,-1.2644833312558887],[-60.80771484374999,-1.2914364562558802],[-60.76726074218749,-1.3002255187558802],[-60.6525390625,-1.295928643755886],[-60.63632812499999,-1.288604425005886],[-60.61662597656249,-1.2770321593808802],[-60.59379882812499,-1.2762020812558887],[-60.55034179687499,-1.2848446593808802],[-60.43027343749999,-1.2836239562558802],[-60.41337890624999,-1.2797177062558802],[-60.39951171874999,-1.2719052062558802],[-60.376220703125,-1.243682550005886],[-60.359130859375,-1.2147763000058802],[-60.33842773437499,-1.1922177062558887],[-60.303955078125,-1.183135675005886],[-60.28208007812499,-1.1853817687558887],[-60.25166015625,-1.1946591125058887],[-60.23227539062499,-1.1967098937558802],[-60.207958984375,-1.1974423156308802],[-60.19272460937499,-1.200713800005886],[-60.1826171875,-1.2089169250058802],[-60.14389648437499,-1.2648251281308802],[-60.13945312499999,-1.274932550005886],[-60.13730468749999,-1.2902157531308802],[-60.12534179687499,-1.3309872375058802],[-60.11899414062499,-1.3463680968808802],[-60.11259765624999,-1.356963800005886],[-60.10722656249999,-1.3621395812558887],[-60.10092773437499,-1.3663876281308802],[-60.09165039062499,-1.3743466125058887],[-60.06674804687499,-1.4034970031308802],[-60.06064453124999,-1.4083798156308802],[-60.03618164062499,-1.4158505187558887],[-60.021728515625,-1.4340145812558802],[-60.00229492187499,-1.4767391906308802],[-59.98686523437499,-1.4925106750058887],[-59.96249999999999,-1.5106747375058802],[-59.93662109374999,-1.5257138000058887],[-59.90544433593749,-1.5341122375058802],[-59.886474609375,-1.5438778625058802],[-59.87534179687499,-1.5462216125058887],[-59.86459960937499,-1.5426571593808802],[-59.860595703125,-1.5345028625058887],[-59.85795898437499,-1.5252255187558887],[-59.85148925781249,-1.5182430968808802],[-59.83781738281249,-1.5114071593808802],[-59.82763671875,-1.5228817687558802],[-59.78740234374999,-1.5536434875058802],[-59.77294921875,-1.5598934875058887],[-59.759033203125,-1.5618466125058887],[-59.754150390625,-1.566924737505886],[-59.75180664062499,-1.5745419250058887],[-59.74565429687499,-1.5834286437558802],[-59.73320312499999,-1.5940731750058887],[-59.7265625,-1.5966122375058802],[-59.70744628906249,-1.5940731750058887],[-59.70158691406249,-1.5919735656308802],[-59.69548339843749,-1.5887997375058802],[-59.68857421874999,-1.5880673156308802],[-59.68017578125,-1.5940731750058887],[-59.676220703125,-1.602569268755886],[-59.67416992187499,-1.6146786437558802],[-59.67302246093749,-1.6608212218808802],[-59.670166015625,-1.6700985656308802],[-59.65341796874999,-1.6912411437558887],[-59.64982910156249,-1.7006161437558802],[-59.64023437499999,-1.746123956255886],[-59.63164062499999,-1.7683895812558887],[-59.617431640625,-1.7855770812558802],[-59.59482421874999,-1.7926571593808802],[-59.55698242187499,-1.7913388000058887],[-59.54826660156249,-1.7970516906308802],[-59.5361328125,-1.8131649718808802],[-59.49516601562499,-1.8490536437558802],[-59.48837890624999,-1.857452081255886],[-59.48837890624999,-1.943389581255886],[-59.47600097656249,-1.9895809875058887],[-59.46435546875,-2.0144833312558887],[-59.45078124999999,-2.025420831255886],[-59.430859375,-2.03069426875588],[-59.3818359375,-2.0594052062558887],[-59.36484374999999,-2.07317473750588],[-59.335693359375,-2.1136044250058887],[-59.31894531249999,-2.128936456255886],[-59.293212890625,-2.135284112505886],[-59.24833984374999,-2.13372161250588],[-59.22578125,-2.13543059688088],[-59.207177734374994,-2.142120050005886],[-59.18442382812499,-2.1692684875058887],[-59.171777343749994,-2.188018487505886],[-59.166259765625,-2.20037200313088],[-59.16049804687499,-2.21868255000588],[-59.14697265625,-2.218780206255886],[-59.131103515625,-2.21233489375588],[-59.11845703124999,-2.210967706255886],[-59.08994140624999,-2.24431731563088],[-59.07597656249999,-2.25139739375588],[-59.070068359375,-2.22771575313088],[-59.06254882812499,-2.21428801875588],[-59.04436035156249,-2.2127255187558887],[-58.94853515624999,-2.24212005000588],[-58.929638671875,-2.242217706255886],[-58.906201171875,-2.23137786250588],[-58.90117187499999,-2.22576262813088],[-58.895751953125,-2.21770598750588],[-58.889599609375,-2.21209075313088],[-58.882226562499994,-2.21404387813088],[-58.86455078124999,-2.23137786250588],[-58.82260742187499,-2.2415341125058887],[-58.8134765625,-2.24553801875588],[-58.80307617187499,-2.251983331255886],[-58.78574218749999,-2.241729425005886],[-58.77092285156249,-2.24529387813088],[-58.754150390625,-2.253936456255886],[-58.73081054687499,-2.25872161250588],[-58.72246093749999,-2.26555755000588],[-58.730419921875,-2.299834893755886],[-58.72055664062499,-2.31340911250588],[-58.68222656249999,-2.31511809688088],[-58.61418457031249,-2.273955987505886],[-58.57719726562499,-2.26555755000588],[-58.56657714843749,-2.26824309688088],[-58.54770507812499,-2.27678801875588],[-58.53564453125,-2.27922942500588],[-58.52597656249999,-2.2786434875058887],[-58.51010742187499,-2.27312590938088],[-58.498046875,-2.2718075500058887],[-58.47441406249999,-2.27312590938088],[-58.45268554687499,-2.27703215938088],[-58.43222656249999,-2.28362395625588],[-58.3935546875,-2.30388762813088],[-58.341064453125,-2.3421200500058887],[-58.33012695312499,-2.35808684688088],[-58.32285156249999,-2.383330987505886],[-58.30485839843749,-2.38616301875588],[-58.282470703125,-2.3806942687558887],[-58.26188964843749,-2.38103606563088],[-58.25205078124999,-2.395538018755886],[-58.24821777343749,-2.47039153438088],[-58.24040527343749,-2.48626067500588],[-58.22832031249999,-2.5008114562558887],[-58.19980468749999,-2.52507903438088],[-58.13151855468749,-2.57341887813088],[-58.10947265624999,-2.58367278438088],[-58.06523437499999,-2.59783294063088],[-58.04277343749999,-2.6082333312558887],[-58.03496093749999,-2.60320403438088],[-58.02714843749999,-2.6009091125058887],[-57.990966796875,-2.59929778438088],[-57.93974609374999,-2.58709075313088],[-57.874267578125,-2.58709075313088],[-57.85893554687499,-2.58074309688088],[-57.83642578125,-2.5525692687558887],[-57.82646484374999,-2.5462216125058887],[-57.76157226562499,-2.5462216125058887],[-57.73193359375,-2.54045989375588],[-57.700439453125,-2.52898528438088],[-57.675537109375,-2.513213800005886],[-57.65690917968749,-2.4744442687558887],[-57.636376953124994,-2.4514950500058887],[-57.61166992187499,-2.4319638000058887],[-57.572021484375,-2.417510675005886]]]}},{"type":"Feature","properties":{"role":"context_only","name":"Itiquira","name_en":"Itiquira","ne_id":1159128147},"geometry":{"type":"MultiLineString","coordinates":[[[-53.75253906249999,-16.80022551875588],[-53.810498046875,-16.752471612505886],[-53.94125976562499,-16.67498137813088],[-53.96176757812499,-16.66985442500588],[-53.98193359375,-16.665069268755886],[-53.99772949218749,-16.65364348750589],[-54.02524414062499,-16.62224700313088],[-54.02861328124999,-16.61638762813088],[-54.034423828125,-16.61150481563088],[-54.046777343749994,-16.60784270625588],[-54.059326171875,-16.60759856563088],[-54.08073730468749,-16.61321380000588],[-54.091796875,-16.61467864375588],[-54.11669921875,-16.61272551875588],[-54.35727539062499,-16.52620208125589],[-54.485595703125,-16.49797942500588],[-54.49467773437499,-16.49382903438088],[-54.52036132812499,-16.478057550005886],[-54.53305664062499,-16.47893645625588],[-54.54184570312499,-16.48372161250589],[-54.54765624999999,-16.48870208125588],[-54.56645507812499,-16.50042083125588],[-54.57700195312499,-16.50457122188088],[-54.58642578125,-16.49885833125589],[-54.615966796875,-16.49114348750588],[-54.63188476562499,-16.489776300005886],[-54.65727539062499,-16.49114348750588],[-54.68071289062499,-16.49846770625588],[-54.69108886718749,-16.51506926875588],[-54.74943847656249,-16.54168059688088],[-54.76677246093749,-16.54631926875588],[-54.78183593749999,-16.54216887813088],[-54.79521484374999,-16.53240325313088],[-54.83759765625,-16.49251067500589],[-54.85410156249999,-16.48259856563088],[-54.87241210937499,-16.476104425005886],[-54.89714355468749,-16.47063567500588],[-54.940673828125,-16.47014739375588],[-54.97221679687499,-16.48406340938088],[-55.07182617187499,-16.57000090938088],[-55.08896484374999,-16.580108331255886],[-55.19206542968749,-16.60530364375589],[-55.20781249999999,-16.61360442500589],[-55.22299804687499,-16.625518487505886],[-55.231201171875,-16.62908294063088],[-55.25522460937499,-16.63543059688088],[-55.26025390625,-16.63884856563088],[-55.28134765624999,-16.66243255000589],[-55.29692382812499,-16.665069268755886],[-55.34335937499999,-16.66731536250589],[-55.35954589843749,-16.673370050005886],[-55.3671875,-16.67815520625588],[-55.37480468749999,-16.68147551875589],[-55.38078613281249,-16.68572356563088],[-55.38310546874999,-16.69378020625588],[-55.38510742187499,-16.69744231563088],[-55.39677734374999,-16.72454192500588],[-55.41643066406249,-16.73665130000589],[-55.43735351562499,-16.74285247188088],[-55.53095703125,-16.75335051875588],[-55.53842773437499,-16.75701262813088],[-55.54477539062499,-16.76165130000588],[-55.55502929687499,-16.76604583125588],[-55.57695312499999,-16.770538018755886],[-55.71953124999999,-16.77229583125589],[-55.7451171875,-16.76448333125589],[-55.76359863281249,-16.74993255000588],[-55.79838867187499,-16.714873956255886],[-55.815673828125,-16.70745208125588],[-55.83562011718749,-16.706573175005886],[-55.884033203125,-16.71209075313088],[-55.90439453124999,-16.71126067500589],[-55.911376953125,-16.71209075313088],[-55.91904296874999,-16.71526458125588],[-55.93339843749999,-16.72297942500589],[-55.94206542968749,-16.72454192500588],[-55.95732421874999,-16.719268487505886],[-55.966259765625,-16.708038018755886],[-55.9775390625,-16.698272393755886],[-56.00009765624999,-16.69719817500588],[-56.01530761718749,-16.70427825313088],[-56.03354492187499,-16.71819426875588],[-56.04887695312499,-16.73455169063088],[-56.05534667968749,-16.74871184688088],[-56.06381835937499,-16.76204192500589],[-56.17985839843749,-16.900420831255886],[-56.20556640625,-16.91570403438088],[-56.27458496093749,-16.92522551875588],[-56.29184570312499,-16.93342864375589],[-56.30571289062499,-16.94319426875589],[-56.51401367187499,-17.03923919063088],[-56.57902832031249,-17.05999114375588],[-56.58969726562499,-17.06721770625589]]]}},{"type":"Feature","properties":{"role":"context_only","name":"Santa","name_en":"Santa","ne_id":1159128661},"geometry":{"type":"MultiLineString","coordinates":[[[-78.6533203125,-9.00286223750588],[-78.62060546875,-8.95403411250588],[-78.60678710937499,-8.910186456255886],[-78.5966796875,-8.825225518755886],[-78.57475585937499,-8.78362395625588],[-78.537353515625,-8.755401300005886],[-78.39519042968749,-8.70769622188088],[-78.34165039062499,-8.670440362505886],[-78.31755371093749,-8.66350676875588],[-78.29248046875,-8.66057708125588],[-78.26689453124999,-8.660479425005889],[-78.24211425781249,-8.664580987505886],[-78.1923828125,-8.688311456255889],[-78.17172851562499,-8.68889739375588],[-78.123779296875,-8.669756768755889],[-78.105224609375,-8.66594817500588],[-78.015380859375,-8.673663018755889],[-77.99277343749999,-8.681670831255886],[-77.972900390625,-8.695147393755889],[-77.91123046874999,-8.760772393755886],[-77.90507812499999,-8.77263762813088],[-77.896484375,-8.79729583125588],[-77.89047851562499,-8.808916925005889],[-77.87216796874999,-8.823077081255889],[-77.84978027343749,-8.832842706255889],[-77.83310546874999,-8.84710051875588],[-77.83208007812499,-8.87444426875588],[-77.84775390624999,-8.91155364375588],[-77.85214843749999,-8.928252862505886],[-77.850537109375,-8.95208098750588],[-77.82529296874999,-9.02190520625588],[-77.70415039062499,-9.210772393755889],[-77.69987792968749,-9.22478606563088],[-77.69755859374999,-9.23821380000588],[-77.69296874999999,-9.25017669063088],[-77.68181152343749,-9.260088800005889],[-77.65874023437499,-9.27459075313088],[-77.63779296874999,-9.292022393755886],[-77.61955566406249,-9.313311456255889],[-77.60776367187499,-9.335772393755889],[-77.58891601562499,-9.386748956255886],[-77.551220703125,-9.45964934688088],[-77.54582519531249,-9.48479583125588],[-77.54755859375,-9.49431731563088],[-77.555419921875,-9.513213800005886],[-77.55693359374999,-9.52288176875588],[-77.55449218749999,-9.536944268755889],[-77.54916992187499,-9.547198175005889],[-77.531982421875,-9.567705987505889],[-77.52646484374999,-9.57854583125588],[-77.52158203124999,-9.60393645625588],[-77.51718749999999,-9.61589934688088],[-77.45695800781249,-9.73088958125588],[-77.41069335937499,-9.85027434688088],[-77.371826171875,-10.00066497188088],[-77.35563964843749,-10.038604425005886],[-77.33408203124999,-10.07366301875588],[-77.30571289062499,-10.096026300005889],[-77.28159179687499,-10.087725518755889],[-77.23698730468749,-10.028643487505889]]]}},{"type":"Feature","properties":{"role":"context_only","name":"Guapor\u00e9","name_en":"Guapor\u00e9","ne_id":1159118259},"geometry":{"type":"MultiLineString","coordinates":[[[-60.0,-14.861163018755889],[-60.02294921875,-14.829620050005886],[-60.02519531249999,-14.79094817500588],[-60.0158203125,-14.747588800005886],[-60.02775878906249,-14.704424737505889],[-60.034326171874994,-14.661455987505889],[-60.04721679687499,-14.619463800005889],[-60.08610839843749,-14.538897393755889],[-60.10112304687499,-14.49114348750588],[-60.13762207031249,-14.40300872188088],[-60.162841796875,-14.374346612505889],[-60.17172851562499,-14.351397393755889],[-60.17631835937499,-14.32683684688088],[-60.18369140624999,-14.30999114375588],[-60.19296874999999,-14.293291925005889],[-60.21770019531249,-14.264483331255889],[-60.22216796875,-14.227862237505889],[-60.244580078125,-14.211455987505886],[-60.25,-14.177764581255886],[-60.27775878906249,-14.15007903438088],[-60.28178710937499,-14.12737395625588],[-60.28857421875,-14.104327081255889],[-60.3330078125,-14.040069268755886],[-60.39726562499999,-14.008330987505886],[-60.39042968749999,-13.98162200313088],[-60.40922851562499,-13.96355559688088],[-60.40971679687499,-13.95305755000588],[-60.41276855468749,-13.94158294063088],[-60.43076171874999,-13.926299737505886],[-60.44443359374999,-13.90740325313088],[-60.45817871093749,-13.86956145625588],[-60.46489257812499,-13.829913018755889],[-60.48154296874999,-13.79461028438088],[-60.519775390625,-13.78093840938088],[-60.55510253906249,-13.77410247188088],[-60.610107421875,-13.735674737505889],[-60.64438476562499,-13.723467706255889],[-60.72128906249999,-13.670440362505886],[-60.79387207031249,-13.610870050005886],[-60.82529296874999,-13.59368255000588],[-60.85888671875,-13.580596612505886],[-60.89165039062499,-13.561846612505889],[-60.92661132812499,-13.54680755000588],[-61.00537109375,-13.53826262813088],[-61.02402343749999,-13.53215911250588],[-61.03898925781249,-13.51824309688088],[-61.04155273437499,-13.49651458125588],[-61.0419921875,-13.474444268755889],[-61.06528320312499,-13.46965911250588],[-61.09355468749999,-13.48064544063088],[-61.11289062499999,-13.48381926875588],[-61.13046874999999,-13.49138762813088],[-61.13852539062499,-13.50823333125588],[-61.15166015624999,-13.51970794063088],[-61.193798828125,-13.51799895625588],[-61.23505859375,-13.52312590938088],[-61.271484375,-13.516631768755886],[-61.30859375,-13.502471612505886],[-61.33488769531249,-13.49602630000588],[-61.36083984375,-13.49993255000588],[-61.401123046875,-13.51995208125588],[-61.44243164062499,-13.53753020625588],[-61.51933593749999,-13.54485442500588],[-61.58676757812499,-13.509307550005886],[-61.65214843749999,-13.507159112505889],[-61.71953124999999,-13.52825286250588],[-61.75390625,-13.53508880000588],[-61.82358398437499,-13.543487237505886],[-61.84929199218749,-13.528838800005886],[-61.85825195312499,-13.491045831255889],[-61.873046875,-13.45598723750588],[-61.92766113281249,-13.41545989375588],[-61.9591796875,-13.38738372188088],[-61.99504394531249,-13.365557550005889],[-62.03076171875,-13.327178643755886],[-62.05576171874999,-13.30413176875588],[-62.07846679687499,-13.277862237505886],[-62.10336914062499,-13.25579192500588],[-62.11313476562499,-13.22478606563088],[-62.11149902343749,-13.18474700313088],[-62.11826171874999,-13.14934661250588],[-62.131103515625,-13.14934661250588],[-62.14291992187499,-13.14421965938088],[-62.15625,-13.12810637813088],[-62.16826171874999,-13.12737395625588],[-62.17465820312499,-13.140655206255886],[-62.21533203125,-13.12297942500588],[-62.2599609375,-13.13054778438088],[-62.27653808593749,-13.13860442500588],[-62.294189453125,-13.14055755000588],[-62.31503906249999,-13.13860442500588],[-62.33579101562499,-13.145049737505886],[-62.378662109375,-13.136748956255886],[-62.41796875,-13.12590911250588],[-62.442578125,-13.10271575313088],[-62.46933593749999,-13.07073333125588],[-62.51425781249999,-13.06536223750588],[-62.56015624999999,-13.06462981563088],[-62.60869140624999,-13.04778411250588],[-62.64628906249999,-13.021514581255886],[-62.66171874999999,-12.981475518755886],[-62.69975585937499,-12.96648528438088],[-62.74204101562499,-12.985186456255889],[-62.76474609374999,-12.98919036250588],[-62.771240234375,-13.010284112505886],[-62.79606933593749,-12.99675872188088],[-62.817578125,-12.97844817500588],[-62.82480468749999,-12.959014581255886],[-62.8359375,-12.94378020625588],[-62.85410156249999,-12.938506768755886],[-62.86870117187499,-12.92888762813088],[-62.89250488281249,-12.90105559688088],[-62.92473144531249,-12.855498956255886],[-62.93876953124999,-12.84929778438088],[-62.960693359375,-12.852569268755886],[-62.98544921874999,-12.846026300005889],[-63.00200195312499,-12.82488372188088],[-63.00927734375,-12.798858331255886],[-63.02019042968749,-12.77312590938088],[-63.04082031249999,-12.753252862505889],[-63.05156249999999,-12.74041106563088],[-63.04802246093749,-12.72478606563088],[-63.05083007812499,-12.709502862505886],[-63.06040039062499,-12.69255950313088],[-63.08837890625,-12.64861419063088],[-63.14023437499999,-12.63543059688088],[-63.16240234374999,-12.647784112505889],[-63.17685546874999,-12.66350676875588],[-63.194726562499994,-12.668291925005889],[-63.21298828124999,-12.67498137813088],[-63.230419921875,-12.691241143755889],[-63.24968261718749,-12.701202081255886],[-63.31865234374999,-12.70183684688088],[-63.33115234374999,-12.69695403438088],[-63.36020507812499,-12.67449309688088],[-63.371826171875,-12.66985442500588],[-63.39404296875,-12.664385675005889],[-63.43217773437499,-12.63689544063088],[-63.43596191406249,-12.630205987505889],[-63.43889160156249,-12.61907317500588],[-63.44609374999999,-12.61467864375588],[-63.45500488281249,-12.611846612505886],[-63.46323242187499,-12.605010675005886],[-63.46708984374999,-12.59514739375588],[-63.46770019531249,-12.58562590938088],[-63.469482421875,-12.57561614375588],[-63.47690429687499,-12.56462981563088],[-63.48649902343749,-12.55730559688088],[-63.496826171875,-12.55315520625588],[-63.50830078125,-12.55144622188088],[-63.52099609375,-12.55095794063088],[-63.54296875,-12.547881768755886],[-63.55949707031249,-12.53972747188088],[-63.60117187499999,-12.505889581255886],[-63.65556640624999,-12.47820403438088],[-63.658447265625,-12.47527434688088],[-63.80209960937499,-12.45476653438088],[-63.815673828125,-12.457061456255886],[-63.84628906249999,-12.466827081255886],[-63.86362304687499,-12.46917083125588],[-63.86394042968749,-12.474639581255886],[-63.89755859374999,-12.51555755000588],[-63.90324707031249,-12.52532317500588],[-63.909912109375,-12.53411223750588],[-63.92197265624999,-12.544268487505889],[-63.93979492187499,-12.543975518755886],[-63.95073242187499,-12.536651300005886],[-63.96005859374999,-12.527862237505886],[-63.97314453125,-12.523760675005889],[-64.00493164062499,-12.535186456255886],[-64.02353515624999,-12.537627862505886],[-64.045166015625,-12.50896575313088],[-64.105224609375,-12.506866143755886],[-64.12060546875,-12.489580987505889],[-64.135498046875,-12.51067473750588],[-64.1455078125,-12.52019622188088],[-64.156005859375,-12.51677825313088],[-64.183837890625,-12.48772551875588],[-64.19829101562499,-12.478545831255886],[-64.21599121093749,-12.473663018755886],[-64.2373046875,-12.47527434688088],[-64.24643554687499,-12.479327081255889],[-64.257568359375,-12.49065520625588],[-64.264599609375,-12.495147393755886],[-64.26945800781249,-12.497100518755886],[-64.27897949218749,-12.49920012813088],[-64.288330078125,-12.49700286250588],[-64.29843749999999,-12.465655206255889],[-64.31340332031249,-12.461748956255889],[-64.35393066406249,-12.46917083125588],[-64.37749023437499,-12.465850518755886],[-64.396484375,-12.457061456255886],[-64.41215820312499,-12.44500090938088],[-64.42563476562499,-12.431182550005886],[-64.43310546875,-12.42083098750588],[-64.44482421875,-12.399737237505889],[-64.45322265624999,-12.39031340938088],[-64.46240234375,-12.38518645625588],[-64.484375,-12.377471612505886],[-64.49052734374999,-12.37346770625588],[-64.49321289062499,-12.35637786250588],[-64.47519531249999,-12.31633880000588],[-64.47001953124999,-12.294756768755889],[-64.46892089843749,-12.272491143755886],[-64.46977539062499,-12.26091887813088],[-64.47373046874999,-12.25310637813088],[-64.49016113281249,-12.239288018755886],[-64.49497070312499,-12.23796965938088],[-64.50957031249999,-12.235870050005886],[-64.510986328125,-12.237139581255889],[-64.51108398437499,-12.23943450313088],[-64.51225585937499,-12.24260833125588],[-64.53281249999999,-12.23211028438088],[-64.54916992187499,-12.21892669063088],[-64.5556640625,-12.21770598750588],[-64.58183593749999,-12.217315362505886],[-64.59416503906249,-12.215850518755886],[-64.641357421875,-12.19500090938088],[-64.66562499999999,-12.18084075313088],[-64.67607421874999,-12.17083098750588],[-64.67790527343749,-12.167510675005886],[-64.68662109374999,-12.159014581255889],[-64.68974609374999,-12.15374114375588],[-64.68930664062499,-12.14690520625588],[-64.68229980468749,-12.13469817500588],[-64.68229980468749,-12.126495050005886],[-64.68718261718749,-12.10979583125588],[-64.690673828125,-12.104327081255889],[-64.70712890624999,-12.105987237505886],[-64.71103515624999,-12.11174895625588],[-64.71440429687499,-12.13836028438088],[-64.717041015625,-12.146319268755889],[-64.72910156249999,-12.149737237505889],[-64.74028320312499,-12.14446380000588],[-64.74492187499999,-12.13347747188088],[-64.737548828125,-12.11956145625588],[-64.769287109375,-12.08635833125588],[-64.78125,-12.06755950313088],[-64.78593749999999,-12.04729583125588],[-64.79326171874999,-12.03240325313088],[-64.81005859375,-12.025713800005889],[-64.828369140625,-12.02214934688088],[-64.840576171875,-12.016631768755886],[-64.86284179687499,-12.024737237505889],[-64.88432617187499,-12.021319268755889],[-64.9052734375,-12.01384856563088],[-64.92587890624999,-12.00969817500588],[-64.96835937499999,-12.00774505000588],[-64.98417968749999,-12.003741143755889],[-64.99821777343749,-11.996123956255886],[-65.01018066406249,-11.984209893755889],[-65.01708984375,-11.968291925005886],[-65.015380859375,-11.95012786250588],[-65.00166015625,-11.930987237505889],[-64.99724121093749,-11.92107512813088],[-64.99887695312499,-11.908721612505886],[-65.00537109375,-11.89812590938088],[-65.01530761718749,-11.89373137813088],[-65.01872558593749,-11.89348723750588]],[[-58.77775878906249,-14.649932550005886],[-58.7833984375,-14.672198175005889],[-58.7833984375,-14.71672942500588],[-58.80559082031249,-14.73894622188088],[-58.81669921874999,-14.794463800005886],[-58.85002441406249,-14.85003020625588],[-58.85002441406249,-14.91106536250588],[-58.86337890624999,-14.964678643755889],[-58.86328125,-15.002276300005889],[-58.844677734375,-15.03582122188088],[-58.836181640625,-15.08025481563088],[-58.83891601562499,-15.12761809688088],[-58.83073730468749,-15.158721612505886],[-58.83610839843749,-15.18889739375588],[-58.86728515624999,-15.220538018755889],[-58.90415039062499,-15.245635675005886],[-58.92221679687499,-15.27581145625588],[-58.941357421875,-15.29998137813088],[-58.98129882812499,-15.299639581255889],[-59.019677734374994,-15.290069268755886],[-59.05168457031249,-15.27068450313088],[-59.08603515624999,-15.261065362505889],[-59.12851562499999,-15.25701262813088],[-59.167919921875,-15.241729425005886],[-59.19189453125,-15.21379973750588],[-59.22221679687499,-15.194366143755886],[-59.23771972656249,-15.20037200313088],[-59.25346679687499,-15.204620050005886],[-59.2775390625,-15.201983331255889],[-59.30209960937499,-15.20501067500588],[-59.37529296874999,-15.20525481563088],[-59.44914550781249,-15.21843840938088],[-59.489501953125,-15.216338800005886],[-59.52702636718749,-15.19793059688088],[-59.57072753906249,-15.19158294063088],[-59.61655273437499,-15.194366143755886],[-59.677978515625,-15.14714934688088],[-59.74008789062499,-15.124834893755889],[-59.78154296874999,-15.113311456255886],[-59.816650390625,-15.07781340938088],[-59.86418457031249,-15.05608489375588],[-59.91318359374999,-15.037627862505886],[-59.93735351562499,-15.024444268755886],[-59.955517578125,-15.00554778438088],[-59.96835937499999,-14.95769622188088],[-59.97919921875,-14.90618255000588],[-59.99992675781249,-14.861163018755889]]]}},{"type":"Feature","properties":{"role":"context_only","name":"Trombetas","name_en":"Trombetas","ne_id":1159120177},"geometry":{"type":"MultiLineString","coordinates":[[[-58.40898437499999,1.435565496869117],[-58.39287109374999,1.4393252624941084],[-58.36687011718749,1.4568545593691198],[-58.35124511718749,1.4622744812441084],[-58.33037109374999,1.4606387390566198],[-58.29916992187499,1.4455020203066198],[-58.28583984375,1.4417666687441084],[-58.21147460937499,1.434344793744117],[-58.1953125,1.4351260437441198],[-58.1806640625,1.4381045593691084],[-58.13168945312499,1.4554385437441084],[-58.04973144531249,1.457538153119117],[-58.03183593749999,1.461444403119117],[-58.01530761718749,1.4685733093691198],[-57.98935546874999,1.4867617859316198],[-57.96435546875,1.5108096374941198],[-57.93657226562499,1.5436465515566198],[-57.92954101562499,1.546405340619117],[-57.91845703125,1.5460879578066198],[-57.88408203124999,1.5382022156191084],[-57.86162109374999,1.538592840619117],[-57.85368652343749,1.5365664734316198],[-57.84794921874999,1.5328311218691084],[-57.844970703125,1.5275332703066198],[-57.84379882812499,1.5211123718691084],[-57.84355468749999,1.5141055359316198],[-57.83769531249999,1.5015322937441198],[-57.82451171874999,1.5064151062441198],[-57.80258789062499,1.523700262494117],[-57.79248046875,1.5209414734316198],[-57.78874511718749,1.5142764343691084],[-57.78679199218749,1.5071963562441084],[-57.78208007812499,1.5032412781191198],[-57.76914062499999,1.5037783874941084],[-57.76157226562499,1.5089053406191084],[-57.75493164062499,1.5147158874941198],[-57.744580078125,1.5175235046816198],[-57.67880859374999,1.523944403119117],[-57.65861816406249,1.5175235046816198],[-57.649169921875,1.509784246869117],[-57.63322753906249,1.4907901062441198],[-57.62443847656249,1.4827334656191198],[-57.61362304687499,1.4771182312441198],[-57.595458984375,1.4715518249941084],[-57.56853027343749,1.454120184369117],[-57.560791015625,1.4788272156191198],[-57.54184570312499,1.4827334656191198],[-57.53369140625,1.4612979187441084],[-57.52885742187499,1.456073309369117],[-57.517578125,1.455829168744117],[-57.50664062499999,1.4605654968691084],[-57.49736328124999,1.466327215619117],[-57.49101562499999,1.4690615906191198],[-57.4853515625,1.476581121869117],[-57.47578125,1.492450262494117],[-57.4609375,1.507098699994117],[-57.43950195312499,1.5106875671816198],[-57.42148437499999,1.501239324994117],[-57.40104980468749,1.4829776062441198],[-57.38432617187499,1.462176824994117],[-57.37285156249999,1.4356143249941198],[-57.36215820312499,1.428973699994117],[-57.349853515625,1.4235293640566198],[-57.34013671874999,1.4175967468691084],[-57.333740234375,1.4077822937441198],[-57.32475585937499,1.3848330749941198],[-57.31596679687499,1.3741397156191084],[-57.27800292968749,1.3530947937441198],[-57.24394531249999,1.339374090619117],[-57.23325195312499,1.3297061218691084],[-57.19304199218749,1.2704531921816198],[-57.180908203125,1.2652041687441198],[-57.169140625,1.2630069031191198],[-57.15903320312499,1.2576846374941084],[-57.152099609375,1.243182684369117],[-57.153564453125,1.2357852234316198],[-57.16337890624999,1.215106512494117],[-57.17216796874999,1.1878115906191198],[-57.1875,1.173846746869117],[-57.20561523437499,1.161151434369117],[-57.22038574218749,1.146991278119117],[-57.234277343749994,1.1271426453066198],[-57.23601074218749,1.118670965619117],[-57.23398437499999,1.105975653119117],[-57.22819824218749,1.0960147156191198],[-57.21049804687499,1.0811709656191084],[-57.20673828125,1.0755557312441084],[-57.19970703125,1.053241278119117],[-57.18278808593749,1.0347842468691084],[-57.14462890624999,1.0036074890566198],[-57.12412109374999,0.9762637390566198],[-57.093701171875,0.9526553406191169],[-57.08627929687499,0.9489199890566198],[-57.06486816406249,0.9459170593691084],[-57.04916992187499,0.9380069031191169],[-57.03752441406249,0.9268252624941198],[-57.02792968749999,0.9141787781191084],[-57.00358886718749,0.8620059265566198],[-56.99785156249999,0.8527285828066198],[-56.979248046875,0.8480899109316198],[-56.9677734375,0.8362490906191198],[-56.952880859375,0.8049502624941169],[-56.93059082031249,0.7732608093691198],[-56.925537109375,0.7633731140566198],[-56.92460937499999,0.7525088562441198],[-56.92636718749999,0.7285342468691169],[-56.92241210937499,0.7190127624941169],[-56.90288085937499,0.7033877624941169],[-56.894775390625,0.6951846374941084],[-56.89140624999999,0.6848819031191198],[-56.898193359375,0.6587100281191169],[-56.89763183593749,0.6472842468691198],[-56.88901367187499,0.6330752624941169],[-56.86235351562499,0.6090029968691084],[-56.85344238281249,0.5860537781191084],[-56.83940429687499,0.5774111999941169],[-56.836181640625,0.5681826843691198],[-56.836181640625,0.5237979187441084],[-56.82817382812499,0.4942080749941198],[-56.829345703125,0.4827822937441084],[-56.833740234375,0.4761904968691084],[-56.84750976562499,0.4610537781191084],[-56.85385742187499,0.4363955749941084],[-56.87065429687499,0.4003360046816198],[-56.87712402343749,0.3797549499941084],[-56.88330078125,0.3341738953066198],[-56.88945312499999,0.3120791687441198],[-56.90805664062499,0.2849795593691198],[-56.91025390624999,0.2739932312441198],[-56.90805664062499,0.2630069031191198],[-56.89306640625,0.24249909061911978],[-56.89218749999999,0.23322174686911978],[-56.89763183593749,0.21593659061910842],[-56.89763183593749,0.14362213749411978],[-56.90031738281249,0.12787506718161978],[-56.91936035156249,0.07814362186911694],[-56.946044921875,-0.09319426875588022],[-56.947021484375,-0.13948333125588874],[-56.94389648437499,-0.16438567500588874],[-56.935791015625,-0.17512786250588874],[-56.92656249999999,-0.1806942687558859],[-56.87980957031249,-0.22883880000588874],[-56.87346191406249,-0.2407528625058859],[-56.870849609375,-0.2570126281308802],[-56.86931152343749,-0.3457333312558859],[-56.87443847656249,-0.3981259093808802],[-56.87712402343749,-0.40852630000588874],[-56.89763183593749,-0.4457333312558802],[-56.89763183593749,-0.4799130187558802],[-56.89506835937499,-0.4896786437558802],[-56.88901367187499,-0.4974911437558802],[-56.88217773437499,-0.5043270812558802],[-56.87712402343749,-0.5109188781308802],[-56.86337890624999,-0.5421688781308802],[-56.85288085937499,-0.5753720031308802],[-56.847412109375,-0.6083309875058802],[-56.84819335937499,-0.6399716125058887],[-56.856689453125,-0.6691220031308802],[-56.89030761718749,-0.7262509093808802],[-56.89453125,-0.7368466125058859],[-56.94328613281249,-0.8025692687558887],[-56.96030273437499,-0.8193661437558859],[-56.99895019531249,-0.8334286437558802],[-57.01025390625,-0.8445614562558887],[-57.01425781249999,-0.8709286437558887],[-57.008544921875,-0.8951962218808802],[-57.00751953125,-0.9051083312558887],[-57.00822753906249,-0.9182919250058887],[-57.01054687499999,-0.9286434875058802],[-57.0205078125,-0.9491513000058802],[-57.02824707031249,-0.9595028625058859],[-57.047607421875,-0.9796688781308802],[-57.055908203125,-0.9906552062558802],[-57.06230468749999,-1.0035946593808802],[-57.06406249999999,-1.012725518755886],[-57.062744140625,-1.0353329406308802],[-57.05830078125,-1.059600518755886],[-57.046777343749994,-1.078643487505886],[-57.031201171875,-1.0941708312558802],[-57.01425781249999,-1.1073544250058802],[-56.99504394531249,-1.117705987505886],[-56.98686523437499,-1.1237118468808802],[-56.980126953124994,-1.1346981750058802],[-56.980419921875,-1.1708309875058802],[-56.97705078125,-1.176299737505886],[-56.968017578125,-1.1814755187558887],[-56.93466796874999,-1.207061456255886],[-56.84111328124999,-1.2631161437558802],[-56.829345703125,-1.274932550005886],[-56.82421875,-1.2787411437558802],[-56.79150390625,-1.295440362505886],[-56.78056640624999,-1.309112237505886],[-56.77158203124999,-1.3377255187558887],[-56.76450195312499,-1.350127862505886],[-56.74560546875,-1.369659112505886],[-56.72836914062499,-1.3826473937558887],[-56.707763671875,-1.3904598937558887],[-56.67851562499999,-1.3947079406308802],[-56.61865234375,-1.3861630187558802],[-56.59184570312499,-1.386260675005886],[-56.57609863281249,-1.4016903625058887]],[[-55.63615722656249,-1.9080380187558887],[-55.66032714843749,-1.872100518755886],[-55.70024414062499,-1.8616513000058887],[-55.77727050781249,-1.854034112505886],[-55.80927734375,-1.8441708312558802],[-55.83696289062499,-1.8216122375058887],[-55.877197265625,-1.7789852843808802]]]}},{"type":"Feature","properties":{"role":"context_only","name":"Jari","name_en":"Jari","ne_id":1159120361},"geometry":{"type":"MultiLineString","coordinates":[[[-54.732666015625,2.23688385624412],[-54.74667968749999,2.2005557312441084],[-54.7578125,2.18695709843162],[-54.77360839843749,2.1890811218691084],[-54.78996582031249,2.1727236999941084],[-54.79169921875,2.15326569218162],[-54.78354492187499,2.133563543744117],[-54.75407714843749,2.09271881718162],[-54.756591796875,2.07404205936912],[-54.78728027343749,2.03827545780662],[-54.79570312499999,2.01911041874412],[-54.784912109375,2.01129791874412],[-54.76848144531249,2.0023135437441084],[-54.7599609375,1.9796084656191084],[-54.76738281249999,1.916766668744117],[-54.76677246093749,1.8942324890566198],[-54.75473632812499,1.8317324890566198],[-54.753173828125,1.8082949890566198],[-54.746826171875,1.7862490906191084],[-54.731640625,1.775165106244117],[-54.713623046875,1.7711856140566198],[-54.69853515624999,1.770770574994117],[-54.57731933593749,1.7803408874941198],[-54.53403320312499,1.770770574994117],[-54.50078124999999,1.7526309265566198],[-54.48935546874999,1.750262762494117],[-54.45947265625,1.7617861999941198],[-54.44804687499999,1.763934637494117],[-54.41472167968749,1.7637881531191084],[-54.39921874999999,1.7598819031191084],[-54.38322753906249,1.750262762494117],[-54.36174316406249,1.7601992859316198],[-54.33500976562499,1.752215887494117],[-54.28696289062499,1.7229678406191198],[-54.25439453125,1.6930606140566198],[-54.24260253906249,1.6887881531191198],[-54.22812499999999,1.6853701843691198],[-54.21323242187499,1.6763369812441198],[-54.20195312499999,1.6632754578066198],[-54.1982421875,1.6478213562441084],[-54.19140625,1.6478213562441084],[-54.18779296874999,1.6647403015566198],[-54.176025390625,1.666034246869117],[-54.16083984375,1.6573428406191084],[-54.146728515625,1.6444766296816198],[-54.14042968749999,1.6314639343691084],[-54.13535156249999,1.6173037781191084],[-54.12651367187499,1.6106631531191198],[-54.10888671875,1.6205508484316198],[-54.10344238281249,1.6098086609316198],[-54.107666015625,1.6038272156191198],[-54.11411132812499,1.5976016296816198],[-54.11572265625,1.5857608093691198],[-54.11198730468749,1.5767276062441198],[-54.10629882812499,1.570331121869117],[-54.10019531249999,1.5648135437441084],[-54.09521484375,1.5584658874941084],[-54.09287109374999,1.5565127624941084],[-54.088623046875,1.5536563171816198],[-54.084228515625,1.5497500671816198],[-54.08154296875,1.5447940124941084],[-54.08349609375,1.5415713562441198],[-54.087890625,1.5355899109316198],[-54.09257812499999,1.5308291687441198],[-54.09521484375,1.5311953796816198],[-54.09294433593749,1.5215518249941198],[-54.08964843749999,1.5144717468691198],[-54.08408203124999,1.5087344421816198],[-54.07470703125,1.5032412781191198],[-54.0673828125,1.5080020203066198],[-54.06064453124999,1.5101260437441084],[-54.04399414062499,1.5106875671816198],[-54.03447265624999,1.512713934369117],[-54.01987304687499,1.521991278119117],[-54.01328124999999,1.5243594421816198],[-53.994873046875,1.522967840619117],[-53.98544921874999,1.5167178406191084],[-53.9716796875,1.4901797546816198],[-53.95744628906249,1.4957949890566198],[-53.95024414062499,1.4874942078066198],[-53.94614257812499,1.475360418744117],[-53.94125976562499,1.4690615906191198],[-53.93022460937499,1.4675967468691198],[-53.92392578124999,1.4628360046816198],[-53.92197265624999,1.4544131531191198],[-53.92387695312499,1.4417666687441084],[-53.91398925781249,1.4462344421816198],[-53.91025390624999,1.4486026062441084],[-53.8994140625,1.439960028119117],[-53.892333984375,1.429950262494117],[-53.8908203125,1.4190127624941198],[-53.89658203124999,1.4076602234316198],[-53.86308593749999,1.406268621869117],[-53.855712890625,1.4003360046816198],[-53.86240234374999,1.3871524109316198],[-53.841552734375,1.3860537781191198],[-53.83154296875,1.3899600281191198],[-53.82846679687499,1.4002139343691198],[-53.8283203125,1.4179141296816198],[-53.81901855468749,1.4186465515566198],[-53.76962890624999,1.4014346374941198],[-53.75839843749999,1.4010684265566198],[-53.751708984375,1.4019717468691084],[-53.74626464843749,1.4076602234316198],[-53.73894042968749,1.4213320984316198],[-53.73784179687499,1.4274356140566198],[-53.739501953125,1.4312686218691084],[-53.73918457031249,1.4352481140566198],[-53.73210449218749,1.4417666687441084],[-53.72373046874999,1.4441592468691198],[-53.71728515625,1.4412295593691198],[-53.71647949218749,1.4352481140566198],[-53.72526855468749,1.4280947937441084],[-53.72526855468749,1.4213320984316198],[-53.71647949218749,1.417499090619117],[-53.7060546875,1.414569403119117],[-53.69501953125,1.4132754578066198],[-53.684326171875,1.4144229187441084],[-53.684521484375,1.4193057312441084],[-53.67685546874999,1.4304873718691198],[-53.667626953124994,1.4378604187441084],[-53.66318359374999,1.4315127624941084],[-53.66489257812499,1.3889834656191198],[-53.65952148437499,1.3741397156191084],[-53.64335937499999,1.366717840619117],[-53.63437499999999,1.368426824994117],[-53.61149902343749,1.3782901062441084],[-53.6017578125,1.3803164734316198],[-53.59628906249999,1.3780459656191084],[-53.5791015625,1.3687686218691084],[-53.55290527343749,1.3620059265566198],[-53.55424804687499,1.3490664734316198],[-53.56137695312499,1.3294131531191198],[-53.560791015625,1.3045596374941084],[-53.55649414062499,1.2979190124941198],[-53.55021972656249,1.2913760437441084],[-53.54404296874999,1.282977606244117],[-53.54033203124999,1.2704531921816198],[-53.54404296874999,1.2664248718691198],[-53.55058593749999,1.2569522156191084],[-53.55283203124999,1.2475039734316198],[-53.54374999999999,1.243182684369117],[-53.522216796875,1.2476260437441198],[-53.47856445312499,1.266864324994117],[-53.457763671875,1.2704531921816198],[-53.43742675781249,1.2632510437441198],[-53.43120117187499,1.2481631531191084],[-53.42880859374999,1.229754949994117],[-53.407470703125,1.192157293744117],[-53.41874999999999,1.1844424499941084],[-53.440185546875,1.1814639343691198],[-53.457763671875,1.1748721374941198],[-53.465576171875,1.1569278015566198],[-53.46665039062499,1.1314639343691084],[-53.46245117187499,1.1063174499941084],[-53.454345703125,1.0892276062441084],[-53.44370117187499,1.0733096374941198],[-53.43986816406249,1.058612371869117],[-53.437255859375,1.0308779968691084],[-53.4248046875,0.9818057312441084],[-53.42363281249999,0.9588565124941084],[-53.41691894531249,0.9397647156191198],[-53.40122070312499,0.9262881531191169],[-53.36899414062499,0.9074160828066198],[-53.34355468749999,0.8770694031191084],[-53.3037109375,0.8147158874941169],[-53.27963867187499,0.7913272156191198],[-53.26337890625,0.7854678406191198],[-53.21721191406249,0.7750918640566198],[-53.182373046875,0.7584903015566198],[-53.1349609375,0.7553897156191169],[-53.11516113281249,0.7428653015566198],[-53.108154296875,0.7224795593691198],[-53.111328125,0.6995303406191198],[-53.12192382812499,0.6572451843691169],[-53.12875976562499,0.5716006531191198],[-53.14306640625,0.5442569031191198],[-53.14238281249999,0.5318057312441198],[-53.136962890625,0.5106875671816198],[-53.12875976562499,0.4139346374941084],[-53.12346191406249,0.3910586609316198],[-53.105419921875,0.34791901249411694],[-53.09489746093749,0.30568268436911694],[-53.079541015625,0.28761627811911694],[-53.046875,0.2569033874941198],[-53.03857421875,0.23976471561911694],[-53.02250976562499,0.18908112186910842],[-53.01743164062499,0.16120026249411978],[-53.008056640625,0.14137604374411694],[-53.00590820312499,0.12965729374411694],[-53.01596679687499,0.06403229374411978],[-53.01669921874999,0.036737371869108415],[-53.00944824218749,0.013055731244108415],[-52.98881835937499,0.003045965619108415],[-52.97832031249999,-0.004937432818380216],[-52.97172851562499,-0.023809503130891585],[-52.96428222656249,-0.06526458125588874],[-52.93864746093749,-0.15300872188088022],[-52.91357421875,-0.18938567500588022],[-52.87553710937499,-0.20247161250588874],[-52.832763671875,-0.1811825500058859],[-52.81022949218749,-0.17595794063088022],[-52.80046386718749,-0.19221770625588874],[-52.79550781249999,-0.2055966125058859],[-52.78386230468749,-0.22053801875588874],[-52.71713867187499,-0.2780087218808802],[-52.70786132812499,-0.29378020625588874],[-52.69384765625,-0.3100888000058859],[-52.690576171874994,-0.31575286250588874],[-52.690185546875,-0.3283016906308802],[-52.68840332031249,-0.3370907531308802],[-52.68427734375,-0.34456145625588874],[-52.67692871093749,-0.3532040343808802],[-52.6640625,-0.3612606750058802],[-52.64804687499999,-0.3676083312558802],[-52.63432617187499,-0.3760067687558859],[-52.62851562499999,-0.3908016906308802],[-52.62851562499999,-0.4767391906308802],[-52.63737792968749,-0.5153134093808802],[-52.63908691406249,-0.5382626281308802],[-52.632226562499994,-0.5552059875058859],[-52.628076171874994,-0.5623348937558887],[-52.61027832031249,-0.6084286437558859],[-52.59916992187499,-0.6126278625058887],[-52.573876953124994,-0.6139462218808802],[-52.55034179687499,-0.6212704406308802],[-52.53569335937499,-0.6303036437558802],[-52.52817382812499,-0.6459286437558802],[-52.52231445312499,-0.6943661437558859],[-52.507080078125,-0.7344052062558859],[-52.505615234375,-0.7572567687558802],[-52.517041015625,-0.7788388000058859],[-52.519287109375,-0.7851864562558859],[-52.518798828125,-0.7973934875058859],[-52.51372070312499,-0.8141415343808802],[-52.512451171875,-0.8227841125058859],[-52.51774902343749,-0.8651669250058802],[-52.5107421875,-0.8755184875058859],[-52.48515624999999,-0.8745419250058859],[-52.44003906249999,-0.8597958312558802],[-52.4140625,-0.8554013000058802],[-52.402587890625,-0.8637997375058859],[-52.39829101562499,-0.8698055968808802],[-52.38896484374999,-0.8772763000058887],[-52.37949218749999,-0.8864071593808802],[-52.37529296874999,-0.8978817687558802],[-52.37265624999999,-0.9254696593808802],[-52.37529296874999,-0.9354794250058802],[-52.38022460937499,-0.9419247375058859],[-52.38762207031249,-0.9489071593808802],[-52.39396972656249,-0.9580380187558859],[-52.395751953125,-0.9702450500058859],[-52.39194335937499,-0.9774716125058802],[-52.37827148437499,-0.9884579406308802],[-52.37529296874999,-0.9940731750058802],[-52.37480468749999,-1.0194638000058802],[-52.37163085937499,-1.038116143755886],[-52.363525390625,-1.052764581255886],[-52.26884765624999,-1.1316708312558887],[-52.251708984375,-1.140166925005886],[-52.228271484375,-1.1448544250058887],[-52.13779296874999,-1.1497372375058887],[-52.11777343749999,-1.1539852843808802],[-52.09782714843749,-1.1657040343808802],[-52.086181640625,-1.1852352843808802],[-52.07958984375,-1.2063778625058887],[-52.07097167968749,-1.2150204406308802],[-52.05314941406249,-1.1967098937558802],[-52.04721679687499,-1.1830380187558802],[-52.04697265624999,-1.174834893755886],[-52.04301757812499,-1.168975518755886],[-52.02587890625,-1.162627862505886],[-52.01889648437499,-1.1617977843808802],[-52.00986328124999,-1.1635067687558802],[-52.00537109375,-1.162627862505886],[-51.99711914062499,-1.1583798156308802],[-51.99504394531249,-1.1555966125058887],[-51.99382324218749,-1.151885675005886],[-51.98828125,-1.1449520812558802],[-51.97722167968749,-1.140166925005886],[-51.96489257812499,-1.1420223937558802],[-51.95488281249999,-1.1469052062558802],[-51.95073242187499,-1.1517880187558802],[-51.94523925781249,-1.1433895812558887],[-51.93278808593749,-1.1415341125058802],[-51.91899414062499,-1.144073175005886],[-51.908300781250006,-1.1580380187558887]]]}},{"type":"Feature","properties":{"role":"context_only","name":"Napo","name_en":"Napo","ne_id":1159120371},"geometry":{"type":"MultiLineString","coordinates":[[[-78.087890625,-0.7451473937558859],[-78.0615234375,-0.7646786437558859],[-78.04851074218749,-0.7775204406308802],[-78.04150390625,-0.7899716125058802],[-78.041259765625,-0.7962216125058887],[-78.04477539062499,-0.8149716125058859],[-78.0439453125,-0.8212216125058802],[-78.03818359374999,-0.8375790343808802],[-78.03752441406249,-0.8501278625058859],[-78.04057617187499,-0.8904598937558887],[-78.01909179687499,-1.0198544250058887],[-78.00473632812499,-1.0360653625058802],[-77.96259765625,-1.0590145812558802],[-77.95683593749999,-1.0646298156308802],[-77.9541015625,-1.070342706255886],[-77.948974609375,-1.0755184875058887],[-77.93583984374999,-1.0795223937558802],[-77.924072265625,-1.079620050005886],[-77.903076171875,-1.0746395812558802],[-77.88046874999999,-1.0721981750058802],[-77.86149902343749,-1.0675595031308802],[-77.83457031249999,-1.0656063781308802],[-77.83232421874999,-1.0626766906308802],[-77.83305664062499,-1.0563290343808802],[-77.82597656249999,-1.0453427062558802],[-77.80937499999999,-1.0340145812558887],[-77.78466796875,-1.022979425005886],[-77.75927734375,-1.017120050005886],[-77.74064941406249,-1.0218075500058887],[-77.73356933593749,-1.0253231750058802],[-77.71245117187499,-1.030791925005886],[-77.70622558593749,-1.0316708312558802],[-77.70126953124999,-1.0305966125058887],[-77.69182128906249,-1.025909112505886],[-77.68571777343749,-1.0248348937558802],[-77.677490234375,-1.0267880187558802],[-77.66728515624999,-1.0360653625058802],[-77.660888671875,-1.039092706255886],[-77.64121093749999,-1.0421688781308802],[-77.63242187499999,-1.041534112505886],[-77.62053222656249,-1.039092706255886],[-77.61552734374999,-1.0360653625058802],[-77.61166992187499,-1.031280206255886],[-77.60734863281249,-1.026885675005886],[-77.60068359374999,-1.0248348937558802],[-77.59375,-1.0258114562558802],[-77.58916015624999,-1.0281552062558887],[-77.5859375,-1.0305966125058887],[-77.5830078125,-1.0316708312558802],[-77.580517578125,-1.035674737505886],[-77.56962890624999,-1.0432919250058887],[-77.557861328125,-1.0477841125058802],[-77.55224609375,-1.0421688781308802],[-77.55,-1.035674737505886],[-77.54443359375,-1.028838800005886],[-77.53178710937499,-1.018584893755886],[-77.52197265625,-1.0140927062558802],[-77.5158203125,-1.0135067687558887],[-77.51083984374999,-1.0116513000058802],[-77.50444335937499,-1.0037411437558887],[-77.49394531249999,-0.9634091125058859],[-77.46054687499999,-0.9304989562558887],[-77.44980468749999,-0.9223934875058859],[-77.29160156249999,-0.8467098937558859],[-77.255126953125,-0.8339169250058802],[-77.24724121093749,-0.8296200500058859],[-77.23417968749999,-0.8129208312558802],[-77.20964355468749,-0.7646786437558859],[-77.16489257812499,-0.7228329406308802],[-77.151318359375,-0.7163388000058859],[-77.13859863281249,-0.7074520812558802],[-77.139404296875,-0.6864559875058802],[-77.148193359375,-0.6412899718808802],[-77.14165039062499,-0.6224911437558802],[-77.11850585937499,-0.5901669250058887],[-77.113427734375,-0.5761044250058802],[-77.10893554687499,-0.5537411437558859],[-77.09750976562499,-0.5403622375058887],[-77.06625976562499,-0.5252255187558887],[-77.06132812499999,-0.5245907531308802],[-77.04912109374999,-0.5262997375058802],[-77.04453124999999,-0.5252255187558887],[-77.04296875,-0.5215145812558859],[-77.0400390625,-0.5086239562558887],[-77.038330078125,-0.5047177062558887],[-77.0205078125,-0.4799130187558802],[-77.01416015625,-0.4767391906308802],[-77.00717773437499,-0.47493255000588874],[-76.99943847656249,-0.47053801875588874],[-76.9931640625,-0.4650204406308802],[-76.99052734374999,-0.4599911437558859],[-76.98552246093749,-0.4590145812558859],[-76.95981445312499,-0.4679501281308802],[-76.948974609375,-0.4699032531308802],[-76.94145507812499,-0.4633114562558802],[-76.92236328125,-0.4498837218808802],[-76.90268554687499,-0.4404598937558859],[-76.89372558593749,-0.4457333312558802],[-76.88176269531249,-0.4507138000058859],[-76.85502929687499,-0.4442684875058802],[-76.81181640624999,-0.4283993468808802],[-76.76865234374999,-0.4283993468808802],[-76.68095703124999,-0.4425595031308802],[-76.64047851562499,-0.4357235656308802],[-76.599609375,-0.4117977843808802],[-76.57587890625,-0.4052059875058802],[-76.554638671875,-0.43391692500588874],[-76.50229492187499,-0.4736630187558859],[-76.48344726562499,-0.4829403625058859],[-76.44394531249999,-0.4818661437558802],[-76.427490234375,-0.4857723937558802],[-76.42075195312499,-0.5009091125058802],[-76.41032714843749,-0.5102841125058859],[-76.38671875,-0.49934661250588874],[-76.34624023437499,-0.4699032531308802],[-76.33725585937499,-0.46614348750588874],[-76.3046875,-0.45637786250588874],[-76.2841796875,-0.4462216125058802],[-76.27451171874999,-0.44319426875588874],[-76.197265625,-0.4357235656308802],[-76.102978515625,-0.4419247375058859],[-76.09814453125,-0.4468075500058859],[-76.09238281249999,-0.4580380187558859],[-76.08749999999999,-0.4707333312558859],[-76.08366699218749,-0.4948055968808802],[-76.078125,-0.5016415343808802],[-76.05830078125,-0.5109188781308802],[-76.017333984375,-0.5404598937558802],[-75.99448242187499,-0.5533993468808802],[-75.97197265624999,-0.5586239562558859],[-75.94877929687499,-0.5602352843808802],[-75.93027343749999,-0.5641415343808802],[-75.914794921875,-0.5706356750058887],[-75.868408203125,-0.5980770812558802],[-75.79020996093749,-0.6306942687558887],[-75.71567382812499,-0.6528622375058859],[-75.66972656249999,-0.6864559875058802],[-75.61137695312499,-0.7199032531308802],[-75.59025878906249,-0.7426083312558802],[-75.54755859375,-0.8141415343808802],[-75.49150390624999,-0.8633114562558859],[-75.43671875,-0.9012997375058802],[-75.407177734375,-0.9149716125058802],[-75.37875976562499,-0.9409481750058859],[-75.36516113281249,-0.9567196593808802],[-75.359375,-0.9668270812558859],[-75.34946289062499,-0.9747860656308802],[-75.32670898437499,-0.9754208312558887],[-75.28427734374999,-0.9702450500058859],[-75.23691406249999,-0.9702450500058859],[-75.19370117187499,-0.9803036437558887],[-75.15292968749999,-1.000518487505886],[-75.11296386718749,-1.0316708312558802],[-75.05224609375,-1.0916317687558887],[-75.04062499999999,-1.1005184875058802],[-74.98881835937499,-1.176299737505886],[-74.96098632812499,-1.2025692687558802],[-74.95146484374999,-1.2172177062558802],[-74.94785156249999,-1.233916925005886],[-74.93889160156249,-1.243194268755886],[-74.83952636718749,-1.3143856750058802],[-74.82421875,-1.3322079406308802],[-74.77031249999999,-1.3538388000058887],[-74.754150390625,-1.3673641906308802],[-74.73984374999999,-1.3831356750058887],[-74.72446289062499,-1.3961727843808802],[-74.68808593749999,-1.4056942687558802],[-74.67041015625,-1.4158505187558887],[-74.65532226562499,-1.4290341125058887],[-74.646240234375,-1.4425595031308802],[-74.63510742187499,-1.4833309875058802],[-74.62998046874999,-1.570830987505886],[-74.63876953124999,-1.6432430968808802],[-74.64946289062499,-1.6776669250058802],[-74.66374511718749,-1.7097958312558887],[-74.69736328124999,-1.7649716125058887],[-74.70061035156249,-1.779815362505886],[-74.70146484374999,-1.8025692687558887],[-74.69873046875,-1.8280575500058802],[-74.69072265624999,-1.8490536437558802],[-74.67783203124999,-1.868194268755886],[-74.59746093749999,-1.9535458312558802],[-74.56425781249999,-2.01165130000588],[-74.54777832031249,-2.0296200500058887],[-74.48544921874999,-2.07000090938088],[-74.469482421875,-2.0872372375058887],[-74.45976562499999,-2.1023739562558887],[-74.44829101562499,-2.115752862505886],[-74.311767578125,-2.188995050005886],[-74.27006835937499,-2.20354583125588],[-74.20109863281249,-2.21721770625588],[-74.16752929687499,-2.23845794063088],[-74.12744140625,-2.24431731563088],[-74.11240234374999,-2.251983331255886],[-74.10588378906249,-2.26702239375588],[-74.099609375,-2.30877044063088],[-74.076904296875,-2.346709893755886],[-74.06401367187499,-2.4090145812558887],[-74.04057617187499,-2.44915130000588],[-74.00358886718749,-2.461944268755886],[-73.96098632812499,-2.45696380000588],[-73.89018554687499,-2.432647393755886],[-73.87456054687499,-2.430205987505886],[-73.85483398437499,-2.4295223937558887],[-73.83500976562499,-2.4353817687558887],[-73.81914062499999,-2.44915130000588],[-73.79648437499999,-2.47722747188088],[-73.78378906249999,-2.4871395812558887],[-73.76518554687499,-2.498565362505886],[-73.74431152343749,-2.5081356750058887],[-73.72509765625,-2.5120419250058887],[-73.65629882812499,-2.508819268755886],[-73.63884277343749,-2.5120419250058887],[-73.60063476562499,-2.5384091125058887],[-73.57724609374999,-2.576202081255886],[-73.56401367187499,-2.62102630000588],[-73.55087890624999,-2.71038176875588],[-73.54111328124999,-2.721221612505886],[-73.51904296875,-2.7249325500058887],[-73.49716796874999,-2.73406340938088],[-73.49985351562499,-2.75505950313088],[-73.52275390624999,-2.79314544063088],[-73.52800292968749,-2.81316497188088],[-73.52739257812499,-2.83245208125588],[-73.52189941406249,-2.85100676875588],[-73.51237792968749,-2.8689755187558887],[-73.49260253906249,-2.894073175005886],[-73.42033691406249,-2.95769622188088],[-73.403564453125,-2.96819426875588],[-73.37846679687499,-2.979522393755886],[-73.352783203125,-2.98577239375588],[-73.33439941406249,-2.980987237505886],[-73.31718749999999,-2.96843840938088],[-73.298095703125,-2.96233489375588],[-73.279052734375,-2.962920831255886],[-73.26206054687499,-2.97063567500588],[-73.25078124999999,-2.9837216125058887],[-73.24309082031249,-2.99724700313088],[-73.23203124999999,-3.00798919063088],[-73.191162109375,-3.0169247375058887],[-73.16923828124999,-3.028350518755886],[-73.150146484375,-3.043975518755886],[-73.13916015625,-3.060088800005886],[-73.137939453125,-3.0852841125058887],[-73.151123046875,-3.09490325313088],[-73.16936035156249,-3.0955380187558887],[-73.18352050781249,-3.09417083125588],[-73.204345703125,-3.1023739562558887],[-73.20231933593749,-3.121612237505886],[-73.19174804687499,-3.14421965938088],[-73.18701171875,-3.16253020625588],[-73.19768066406249,-3.18035247188088],[-73.21513671874999,-3.20305755000588],[-73.22612304687499,-3.22722747188088],[-73.2109375,-3.26409270625588],[-73.205322265625,-3.315459893755886],[-73.20061035156249,-3.33440520625588],[-73.1611328125,-3.376006768755886],[-73.09624023437499,-3.41814544063088],[-73.03564453125,-3.42962005000588],[-73.00883789062499,-3.37908294063088],[-73.000732421875,-3.35833098750588],[-72.98569335937499,-3.34148528438088],[-72.97788085937499,-3.32293059688088],[-72.991455078125,-3.29680755000588],[-72.99521484374999,-3.28630950313088],[-72.990234375,-3.27654387813088],[-72.98063964843749,-3.26848723750588],[-72.95073242187499,-3.25408294063088],[-72.94340820312499,-3.24724700313088],[-72.93637695312499,-3.2371395812558887],[-72.92705078124999,-3.21795012813088],[-72.92082519531249,-3.20891692500588],[-72.91264648437499,-3.20427825313088],[-72.90312499999999,-3.196807550005886],[-72.89274902343749,-3.1922177062558887],[-72.88168945312499,-3.19109465938088],[-72.87004394531249,-3.1946591125058887],[-72.86044921874999,-3.2014950500058887],[-72.844482421875,-3.21917083125588],[-72.835205078125,-3.226592706255886],[-72.81621093749999,-3.23601653438088],[-72.80778808593749,-3.241241143755886],[-72.79331054687499,-3.2586239562558887],[-72.785400390625,-3.26604583125588],[-72.77587890625,-3.2703427062558887],[-72.76384277343749,-3.27068450313088],[-72.74765624999999,-3.26091887813088],[-72.73454589843749,-3.24627044063088],[-72.721435546875,-3.23894622188088],[-72.705078125,-3.251983331255886],[-72.69663085937499,-3.26091887813088],[-72.687939453125,-3.26482512813088],[-72.66533203124999,-3.26604583125588],[-72.65415039062499,-3.26848723750588],[-72.648876953125,-3.27385833125588],[-72.64990234375,-3.281280206255886],[-72.65788574218749,-3.28972747188088],[-72.67221679687499,-3.29680755000588],[-72.68833007812499,-3.302764581255886],[-72.70195312499999,-3.311065362505886],[-72.708740234375,-3.3255184875058887],[-72.70646972656249,-3.33709075313088],[-72.67155761718749,-3.4129208312558887],[-72.66728515624999,-3.43010833125588],[-72.66569824218749,-3.44866301875588]]]}},{"type":"Feature","properties":{"role":"context_only","name":"Juru\u00e1","name_en":"Jurua","ne_id":1159120389},"geometry":{"type":"MultiLineString","coordinates":[[[-72.40178222656249,-10.08782317500588],[-72.42302246093749,-10.078155206255886],[-72.47197265624999,-10.081377862505889],[-72.49492187499999,-10.07756926875588],[-72.51018066406249,-10.064288018755889],[-72.51835937499999,-10.04461028438088],[-72.52158203124999,-10.021807550005889],[-72.522216796875,-9.99871184688088],[-72.52646484374999,-9.99358489375588],[-72.535888671875,-9.98845794063088],[-72.54526367187499,-9.981475518755886],[-72.549560546875,-9.97112395625588],[-72.54746093749999,-9.935870050005889],[-72.549560546875,-9.92669036250588],[-72.56357421874999,-9.916045831255886],[-72.58481445312499,-9.91228606563088],[-72.62834472656249,-9.913116143755886],[-72.64511718749999,-9.90300872188088],[-72.67985839843749,-9.83733489375588],[-72.68417968749999,-9.835479425005886],[-72.689208984375,-9.83562590938088],[-72.69450683593749,-9.834795831255889],[-72.69975585937499,-9.83049895625588],[-72.70371093749999,-9.822295831255886],[-72.70256347656249,-9.817901300005886],[-72.69999999999999,-9.814483331255886],[-72.69975585937499,-9.809405206255889],[-72.70427246093749,-9.78630950313088],[-72.707958984375,-9.777178643755889],[-72.71770019531249,-9.76531340938088],[-72.72495117187499,-9.76165130000588],[-72.74423828124999,-9.75579192500588],[-72.74814453124999,-9.751983331255886],[-72.75498046874999,-9.70696380000588],[-72.767822265625,-9.68645598750588],[-72.78386230468749,-9.67253997188088],[-72.797607421875,-9.65789153438088],[-72.80341796875,-9.635088800005889],[-72.80341796875,-9.59465911250588],[-72.80576171874999,-9.58269622188088],[-72.81572265624999,-9.558135675005886],[-72.81706542968749,-9.54998137813088],[-72.80615234375,-9.53875090938088],[-72.78935546874999,-9.531280206255886],[-72.778759765625,-9.52214934688088],[-72.79350585937499,-9.48552825313088],[-72.77841796874999,-9.474151300005886],[-72.74130859374999,-9.461260675005889],[-72.73886718749999,-9.45354583125588],[-72.73649902343749,-9.42888762813088],[-72.73447265624999,-9.41961028438088],[-72.73002929687499,-9.413897393755889],[-72.716796875,-9.400420831255886],[-72.71396484374999,-9.395830987505889],[-72.716552734375,-9.386748956255886],[-72.72104492187499,-9.375811456255889],[-72.72299804687499,-9.36443450313088],[-72.71770019531249,-9.35442473750588],[-72.68076171874999,-9.33147551875588],[-72.67302246093749,-9.32341887813088],[-72.66953124999999,-9.30144622188088],[-72.67734374999999,-9.27996184688088],[-72.68808593749999,-9.25872161250588],[-72.69353027343749,-9.23772551875588],[-72.69792480468749,-9.23162200313088],[-72.717041015625,-9.220049737505889],[-72.721435546875,-9.210479425005886],[-72.71867675781249,-9.19670989375588],[-72.71220703124999,-9.190459893755886],[-72.70488281249999,-9.18645598750588],[-72.69975585937499,-9.17937590938088],[-72.698486328125,-9.168291925005889],[-72.70224609374999,-9.15374114375588],[-72.69975585937499,-9.145342706255889],[-72.69296874999999,-9.139483331255889],[-72.68408203125,-9.13567473750588],[-72.67631835937499,-9.130694268755889],[-72.67302246093749,-9.121123956255886],[-72.67668457031249,-9.116045831255889],[-72.68359375,-9.11077239375588],[-72.68779296874999,-9.10369231563088],[-72.67656249999999,-9.08196380000588],[-72.67758789062499,-9.07097747188088],[-72.68408203125,-9.060088800005886],[-72.708740234375,-9.032256768755886],[-72.71713867187499,-9.01995208125588],[-72.720703125,-9.004229425005889],[-72.721435546875,-8.97771575313088],[-72.73100585937499,-8.97087981563088],[-72.78972167968749,-8.94670989375588],[-72.80546874999999,-8.91375090938088],[-72.804443359375,-8.832842706255889],[-72.81706542968749,-8.802080987505889],[-72.83090820312499,-8.793975518755886],[-72.84660644531249,-8.78777434688088],[-72.85947265624999,-8.77776458125588],[-72.86484374999999,-8.758330987505886],[-72.86020507812499,-8.734698175005889],[-72.84074707031249,-8.699541925005889],[-72.83749999999999,-8.67913176875588],[-72.84506835937499,-8.656280206255886],[-72.87248535156249,-8.618194268755886],[-72.87846679687499,-8.593584893755889],[-72.86997070312499,-8.58025481563088],[-72.85361328124999,-8.56780364375588],[-72.8427734375,-8.551788018755886],[-72.8505859375,-8.52825286250588],[-72.856689453125,-8.523955987505886],[-72.87236328124999,-8.519561456255886],[-72.87846679687499,-8.514678643755886],[-72.88298339843749,-8.50505950313088],[-72.88251953125,-8.49749114375588],[-72.87998046874999,-8.48919036250588],[-72.87846679687499,-8.47747161250588],[-72.875244140625,-8.465655206255889],[-72.861279296875,-8.447784112505886],[-72.85800781249999,-8.43621184688088],[-72.85722656249999,-8.42302825313088],[-72.854736328125,-8.412432550005889],[-72.85026855468749,-8.402666925005889],[-72.84375,-8.39177825313088],[-72.81706542968749,-8.364580987505889],[-72.78752441406249,-8.345245050005886],[-72.76396484374999,-8.323565362505889],[-72.75498046874999,-8.28875090938088],[-72.7607421875,-8.267608331255886],[-72.784423828125,-8.232256768755889],[-72.79526367187499,-8.20256926875588],[-72.82194824218749,-8.17815520625588],[-72.831298828125,-8.159014581255889],[-72.83342285156249,-8.14763762813088],[-72.83403320312499,-8.139483331255889],[-72.833251953125,-8.132647393755889],[-72.831298828125,-8.12493255000588],[-72.826416015625,-8.11516692500588],[-72.8125,-8.09832122188088],[-72.8095703125,-8.09319426875588],[-72.80341796875,-8.070342706255886],[-72.7734375,-8.03997161250588],[-72.762451171875,-8.02117278438088],[-72.76225585937499,-7.99846770625588],[-72.77207031249999,-7.98235442500588],[-72.78398437499999,-7.969561456255889],[-72.78972167968749,-7.956377862505889],[-72.78891601562499,-7.934893487505889],[-72.78642578124999,-7.918780206255889],[-72.77604980468749,-7.88469817500588],[-72.77531738281249,-7.87493255000588],[-72.77768554687499,-7.869659112505886],[-72.77739257812499,-7.86516692500588],[-72.76860351562499,-7.85735442500588],[-72.7392578125,-7.85003020625588],[-72.72514648437499,-7.84075286250588],[-72.680859375,-7.82390715938088],[-72.66618652343749,-7.816436456255886],[-72.65415039062499,-7.80315520625588],[-72.64511718749999,-7.78850676875588],[-72.65073242187499,-7.78386809688088],[-72.66069335937499,-7.772491143755886],[-72.66618652343749,-7.76799895625588],[-72.64995117187499,-7.74773528438088],[-72.64653320312499,-7.72844817500588],[-72.65292968749999,-7.708526300005886],[-72.66618652343749,-7.686065362505886],[-72.68229980468749,-7.66790130000588],[-72.69536132812499,-7.657745050005886],[-72.70068359375,-7.647979425005886],[-72.69353027343749,-7.63079192500588],[-72.67856445312499,-7.61394622188088],[-72.64006347656249,-7.58098723750588],[-72.62460937499999,-7.561358331255889],[-72.60478515624999,-7.52776458125588],[-72.593505859375,-7.517608331255886],[-72.58837890625,-7.511260675005886],[-72.58427734374999,-7.50042083125588],[-72.57109374999999,-7.504424737505886],[-72.560498046875,-7.512530206255889],[-72.542724609375,-7.53460051875588],[-72.52739257812499,-7.521026300005886],[-72.520263671875,-7.503448175005886],[-72.515625,-7.48430755000588],[-72.50791015624999,-7.466338800005886],[-72.496826171875,-7.45037200313088],[-72.48984374999999,-7.44695403438088],[-72.47783203124999,-7.445830987505886],[-72.46640624999999,-7.441241143755889],[-72.46245117187499,-7.43035247188088],[-72.4609375,-7.41765715938088],[-72.45703125,-7.408038018755889],[-72.4287109375,-7.38152434688088],[-72.41874999999999,-7.36809661250588],[-72.412353515625,-7.35027434688088],[-72.41386718749999,-7.34050872188088],[-72.41782226562499,-7.32927825313088],[-72.418212890625,-7.32000090938088],[-72.408935546875,-7.31609465938088],[-72.39934082031249,-7.313995050005886],[-72.38688964843749,-7.308428643755889],[-72.3759765625,-7.30071380000588],[-72.37138671874999,-7.29192473750588],[-72.37565917968749,-7.25505950313088],[-72.36943359374999,-7.239776300005886],[-72.34716796875,-7.23357512813088],[-72.25205078124999,-7.21917083125588],[-72.24589843749999,-7.21965911250588],[-72.23984374999999,-7.21770598750588],[-72.23112792968749,-7.20964934688088],[-72.22275390624999,-7.203643487505886],[-72.21249999999999,-7.200713800005886],[-72.17919921875,-7.19817473750588],[-72.17001953124999,-7.19475676875588],[-72.162109375,-7.189776300005889],[-72.15512695312499,-7.183623956255886],[-72.13330078125,-7.16350676875588],[-72.12436523437499,-7.158526300005889],[-72.11826171874999,-7.17644622188088],[-72.10185546874999,-7.182159112505886],[-72.082177734375,-7.17864348750588],[-72.066357421875,-7.16838958125588],[-72.04960937499999,-7.16399505000588],[-71.98779296875,-7.18523528438088],[-71.98105468749999,-7.18328215938088],[-71.96049804687499,-7.172198175005889],[-71.92387695312499,-7.165069268755886],[-71.89995117187499,-7.153643487505889],[-71.86699218749999,-7.15154387813088],[-71.85063476562499,-7.144854425005889],[-71.84208984374999,-7.13665130000588],[-71.82944335937499,-7.11785247188088],[-71.82268066406249,-7.11003997188088],[-71.81242675781249,-7.103838800005889],[-71.78911132812499,-7.094268487505886],[-71.76066894531249,-7.073077081255889],[-71.73942871093749,-7.06658294063088],[-71.693603515625,-7.062334893755889],[-71.65080566406249,-7.051299737505886],[-71.52788085937499,-6.98650481563088],[-71.487548828125,-6.972979425005889],[-71.483154296875,-6.968291925005886],[-71.47910156249999,-6.95574309688088],[-71.473876953125,-6.952471612505889],[-71.46879882812499,-6.95281340938088],[-71.46306152343749,-6.95794036250588],[-71.45646972656249,-6.95916106563088],[-71.38444824218749,-6.95916106563088],[-71.3486328125,-6.95330169063088],[-71.32861328125,-6.94597747188088],[-71.3125,-6.93499114375588],[-71.30859375,-6.92546965938088],[-71.30712890625,-6.91277434688088],[-71.30322265625,-6.90178801875588],[-71.2919921875,-6.89714934688088],[-71.26884765624999,-6.896319268755889],[-71.258544921875,-6.89446380000588],[-71.24790039062499,-6.890948175005889],[-71.21318359374999,-6.87053801875588],[-71.146240234375,-6.848467706255889],[-71.12895507812499,-6.82976653438088],[-71.10332031249999,-6.787920831255889],[-71.08793945312499,-6.771319268755889],[-71.06870117187499,-6.75847747188088],[-71.04716796874999,-6.75457122188088],[-71.01376953124999,-6.76824309688088],[-71.00327148437499,-6.76409270625588],[-70.99345703124999,-6.75725676875588],[-70.983837890625,-6.75383880000588],[-70.893310546875,-6.76897551875588],[-70.876953125,-6.781084893755889],[-70.86735839843749,-6.81853606563088],[-70.85947265624999,-6.820342706255886],[-70.84946289062499,-6.81462981563088],[-70.83237304687499,-6.79802825313088],[-70.82529296874999,-6.795733331255889],[-70.81787109375,-6.79729583125588],[-70.80913085937499,-6.801592706255889],[-70.804931640625,-6.80754973750588],[-70.802001953125,-6.81658294063088],[-70.79746093749999,-6.82512786250588],[-70.78862304687499,-6.82952239375588],[-70.78117675781249,-6.82683684688088],[-70.77055664062499,-6.81243255000588],[-70.7587890625,-6.805987237505889],[-70.75212402343749,-6.800127862505889],[-70.74472656249999,-6.79607512813088],[-70.73681640625,-6.79851653438088],[-70.72314453125,-6.81170012813088],[-70.71542968749999,-6.81755950313088],[-70.7060546875,-6.822100518755889],[-70.68881835937499,-6.82341887813088],[-70.67099609374999,-6.81682708125588],[-70.65708007812499,-6.80193450313088],[-70.64909667968749,-6.76604583125588],[-70.64250488281249,-6.758623956255889],[-70.63266601562499,-6.75481536250588],[-70.62041015624999,-6.75383880000588],[-70.60454101562499,-6.75652434688088],[-70.59970703124999,-6.76336028438088],[-70.59941406249999,-6.77239348750588],[-70.59677734374999,-6.78167083125588],[-70.57993164062499,-6.797881768755886],[-70.56064453124999,-6.80169036250588],[-70.53955078125,-6.794756768755889],[-70.50920410156249,-6.77312590938088],[-70.49057617187499,-6.76311614375588],[-70.48691406249999,-6.75750090938088],[-70.48515624999999,-6.74456145625588],[-70.47978515624999,-6.73357512813088],[-70.47104492187499,-6.72503020625588],[-70.45903320312499,-6.71965911250588],[-70.44731445312499,-6.71917083125588],[-70.42729492187499,-6.72600676875588],[-70.41806640624999,-6.727080987505886],[-70.404296875,-6.724151300005886],[-70.398876953125,-6.72014739375588],[-70.395458984375,-6.713409112505886],[-70.3876953125,-6.70256926875588],[-70.37353515625,-6.69939544063088],[-70.36540527343749,-6.718780206255886],[-70.35380859374999,-6.737823175005886],[-70.329345703125,-6.73333098750588],[-70.32878417968749,-6.760577081255889],[-70.32480468749999,-6.775909112505886],[-70.31357421874999,-6.775909112505886],[-70.29150390625,-6.75750090938088],[-70.28085937499999,-6.742510675005889],[-70.27409667968749,-6.73601653438088],[-70.26416015625,-6.73333098750588],[-70.251953125,-6.735381768755886],[-70.24350585937499,-6.73992278438088],[-70.23771972656249,-6.74456145625588],[-70.233154296875,-6.74700286250588],[-70.22153320312499,-6.747100518755886],[-70.192138671875,-6.74016692500588],[-70.19145507812499,-6.738116143755889],[-70.19174804687499,-6.733916925005886],[-70.1904296875,-6.729522393755886],[-70.185302734375,-6.727080987505886],[-70.177978515625,-6.72869231563088],[-70.16801757812499,-6.73796965938088],[-70.16171874999999,-6.74016692500588],[-70.154541015625,-6.732745050005889],[-70.15983886718749,-6.71697356563088],[-70.15830078124999,-6.70256926875588],[-70.13071289062499,-6.69915130000588],[-70.11870117187499,-6.70134856563088],[-70.11313476562499,-6.704131768755886],[-70.10947265624999,-6.707842706255889],[-70.10336914062499,-6.71282317500588],[-70.099560546875,-6.717803643755886],[-70.08740234375,-6.72942473750588],[-70.07456054687499,-6.73699309688088],[-70.06865234374999,-6.73015715938088],[-70.06494140625,-6.701983331255889],[-70.055419921875,-6.696319268755886],[-70.04228515624999,-6.70696380000588],[-70.01181640624999,-6.746123956255886],[-69.997802734375,-6.75115325313088],[-69.95598144531249,-6.74700286250588],[-69.935546875,-6.737139581255889],[-69.90903320312499,-6.69182708125588],[-69.89047851562499,-6.678741143755886],[-69.87004394531249,-6.68645598750588],[-69.84978027343749,-6.70525481563088],[-69.82944335937499,-6.71575286250588],[-69.80859375,-6.69915130000588],[-69.808837890625,-6.678741143755886],[-69.821533203125,-6.616241143755886],[-69.81914062499999,-6.60295989375588],[-69.79374999999999,-6.59441497188088],[-69.794189453125,-6.57537200313088],[-69.79843749999999,-6.55632903438088],[-69.78466796875,-6.547686456255889],[-69.68505859375,-6.55510833125588],[-69.69279785156249,-6.533038018755889],[-69.68657226562499,-6.52044036250588],[-69.670166015625,-6.51482512813088],[-69.63603515624999,-6.51262786250588],[-69.61638183593749,-6.50823333125588],[-69.606201171875,-6.507354425005886],[-69.59685058593749,-6.51262786250588],[-69.59921874999999,-6.524737237505889],[-69.60991210937499,-6.547686456255889],[-69.60478515624999,-6.56389739375588],[-69.591552734375,-6.57708098750588],[-69.57292480468749,-6.58611419063088],[-69.55156249999999,-6.58928801875588],[-69.52670898437499,-6.58342864375588],[-69.510986328125,-6.568877862505886],[-69.49755859375,-6.55095794063088],[-69.47958984374999,-6.534698175005886],[-69.44951171874999,-6.523760675005889],[-69.443603515625,-6.537139581255886],[-69.4462890625,-6.55803801875588],[-69.44199218749999,-6.568877862505886],[-69.401123046875,-6.568877862505886],[-69.39052734375,-6.57366301875588],[-69.377197265625,-6.596026300005889],[-69.36972656249999,-6.60295989375588],[-69.35205078125,-6.60027434688088],[-69.34287109374999,-6.58245208125588],[-69.33610839843749,-6.55852630000588],[-69.32568359375,-6.538116143755886],[-69.30949707031249,-6.534698175005886],[-69.2939453125,-6.55144622188088],[-69.27958984374999,-6.574248956255886],[-69.267333984375,-6.58928801875588],[-69.25798339843749,-6.593780206255886],[-69.24821777343749,-6.596221612505886],[-69.23771972656249,-6.59685637813088],[-69.22636718749999,-6.59612395625588],[-69.2080078125,-6.592315362505886],[-69.189453125,-6.585967706255886],[-69.17138671875,-6.583819268755889],[-69.13664550781249,-6.603545831255886],[-69.132080078125,-6.591338800005886],[-69.13251953125,-6.56878020625588],[-69.130126953125,-6.547686456255889],[-69.11735839843749,-6.53313567500588],[-69.09799804687499,-6.52556731563088],[-69.07666015625,-6.519854425005889],[-69.048095703125,-6.506377862505886],[-69.038037109375,-6.50798919063088],[-69.01372070312499,-6.51799895625588],[-69.01591796874999,-6.52825286250588],[-69.027099609375,-6.547686456255889],[-69.0333984375,-6.56780364375588],[-69.03203124999999,-6.57512786250588],[-69.020263671875,-6.57561614375588],[-69.01274414062499,-6.569854425005886],[-68.98271484374999,-6.538116143755886],[-68.97617187499999,-6.53557708125588],[-68.97021484375,-6.53923919063088],[-68.963818359375,-6.54485442500588],[-68.95573730468749,-6.547686456255889],[-68.944580078125,-6.54387786250588],[-68.94011230468749,-6.53460051875588],[-68.93735351562499,-6.523272393755889],[-68.93149414062499,-6.51360442500588],[-68.91777343749999,-6.506866143755886],[-68.89853515624999,-6.50261809688088],[-68.85954589843749,-6.49993255000588],[-68.84326171875,-6.49578215938088],[-68.82675781249999,-6.485870050005886],[-68.80112304687499,-6.46575286250588],[-68.77880859375,-6.453643487505886],[-68.757568359375,-6.45159270625588],[-68.73681640625,-6.45916106563088],[-68.71550292968749,-6.476397393755889],[-68.69443359374999,-6.486358331255886],[-68.67302246093749,-6.481475518755886],[-68.65141601562499,-6.471221612505886],[-68.6298828125,-6.46575286250588],[-68.61723632812499,-6.468584893755889],[-68.608642578125,-6.47478606563088],[-68.60190429687499,-6.48186614375588],[-68.59506835937499,-6.486846612505886],[-68.58232421874999,-6.49016692500588],[-68.55107421874999,-6.486846612505886],[-68.534912109375,-6.48259856563088],[-68.50693359374999,-6.463409112505886],[-68.48520507812499,-6.459014581255886],[-68.46123046874999,-6.46526458125588],[-68.44182128906249,-6.479327081255889],[-68.42636718749999,-6.493487237505889],[-68.41416015624999,-6.49993255000588],[-68.40537109374999,-6.50115325313088],[-68.38432617187499,-6.50628020625588],[-68.37321777343749,-6.507354425005886],[-68.35927734375,-6.50432708125588],[-68.350341796875,-6.496905206255889],[-68.34331054687499,-6.48772551875588],[-68.33505859374999,-6.47942473750588],[-68.32578124999999,-6.473174737505886],[-68.32023925781249,-6.47039153438088],[-68.30087890624999,-6.46575286250588],[-68.27678222656249,-6.464678643755889],[-68.26499023437499,-6.46233489375588],[-68.2599609375,-6.455596612505886],[-68.253173828125,-6.43254973750588],[-68.23666992187499,-6.43523528438088],[-68.21635742187499,-6.44548919063088],[-68.19785156249999,-6.44524505000588],[-68.19028320312499,-6.42498137813088],[-68.22509765625,-6.37981536250588],[-68.225830078125,-6.35588958125588],[-68.20957031249999,-6.342120050005889],[-68.19125976562499,-6.33562590938088],[-68.17644042968749,-6.325518487505889],[-68.17058105468749,-6.301299737505886],[-68.17661132812499,-6.278643487505889],[-68.18588867187499,-6.25603606563088],[-68.18596191406249,-6.23723723750588],[-68.16435546874999,-6.226104425005886],[-68.146484375,-6.22820403438088],[-68.13144531249999,-6.23821380000588],[-68.12070312499999,-6.252471612505886],[-68.115966796875,-6.26775481563088],[-68.099853515625,-6.23943450313088],[-68.10751953124999,-6.195635675005889],[-68.10747070312499,-6.158526300005889],[-68.06816406249999,-6.150420831255886],[-68.05698242187499,-6.15789153438088],[-68.04345703125,-6.17278411250588],[-68.031982421875,-6.18962981563088],[-68.02719726562499,-6.20232512813088],[-68.018310546875,-6.21160247188088],[-67.99882812499999,-6.198565362505889],[-67.97990722656249,-6.176299737505886],[-67.97258300781249,-6.15789153438088],[-67.981640625,-6.145538018755886],[-67.99541015624999,-6.150420831255886],[-68.008056640625,-6.15300872188088],[-68.01352539062499,-6.134112237505889],[-68.00395507812499,-6.124346612505889],[-67.8994140625,-6.088702081255889],[-67.878173828125,-6.075518487505889],[-67.868896484375,-6.05828215938088],[-67.86679687499999,-6.01628997188088],[-67.86284179687499,-5.997881768755889],[-67.85588378906249,-5.98601653438088],[-67.83928222656249,-5.97600676875588],[-67.82609863281249,-5.970538018755889],[-67.81743164062499,-5.95989348750588],[-67.81425781249999,-5.93474700313088],[-67.8154296875,-5.92327239375588],[-67.820556640625,-5.90374114375588],[-67.82177734375,-5.89348723750588],[-67.82744140624999,-5.89104583125588],[-67.85429687499999,-5.88713958125588],[-67.86271972656249,-5.883623956255889],[-67.86687011718749,-5.848955987505889],[-67.84775390624999,-5.805205987505886],[-67.76450195312499,-5.691924737505886],[-67.73796386718749,-5.645342706255889],[-67.72368164062499,-5.60784270625588],[-67.71757812499999,-5.596221612505886],[-67.68522949218749,-5.55657317500588],[-67.67758789062499,-5.533526300005889],[-67.67204589843749,-5.50628020625588],[-67.66259765625,-5.48235442500588],[-67.64316406249999,-5.469561456255889],[-67.627685546875,-5.469268487505886],[-67.61540527343749,-5.471221612505886],[-67.60405273437499,-5.46965911250588],[-67.59091796874999,-5.45891692500588],[-67.5712890625,-5.43621184688088],[-67.56113281249999,-5.43084075313088],[-67.50810546874999,-5.421416925005886],[-67.4921875,-5.41399505000588],[-67.44882812499999,-5.37688567500588],[-67.43413085937499,-5.372881768755889],[-67.35581054687499,-5.37712981563088],[-67.30502929687499,-5.35979583125588],[-67.26738281249999,-5.32341887813088],[-67.24833984374999,-5.26848723750588],[-67.253173828125,-5.25188567500588],[-67.2490234375,-5.240069268755889],[-67.24101562499999,-5.22942473750588],[-67.23405761718749,-5.21624114375588],[-67.234130859375,-5.20330169063088],[-67.24199218749999,-5.17986419063088],[-67.23784179687499,-5.16716887813088],[-67.21672363281249,-5.154815362505886],[-67.18833007812499,-5.15081145625588],[-67.16252441406249,-5.14421965938088],[-67.14892578125,-5.124541925005886],[-67.15185546875,-5.113311456255886],[-67.16606445312499,-5.086944268755886],[-67.16660156249999,-5.077178643755886],[-67.157958984375,-5.072588800005889],[-67.14519042968749,-5.07488372188088],[-67.09636230468749,-5.094073175005889],[-67.083251953125,-5.096709893755886],[-66.97282714843749,-5.107256768755889],[-66.95947265625,-5.104522393755886],[-66.95036621093749,-5.09783294063088],[-66.94194335937499,-5.08879973750588],[-66.9306640625,-5.079131768755886],[-66.89018554687499,-5.060088800005886],[-66.87900390624999,-5.05193450313088],[-66.87241210937499,-5.042510675005886],[-66.8623046875,-5.018584893755886],[-66.85546875,-4.99553801875588],[-66.85063476562499,-4.95867278438088],[-66.84345703125,-4.940948175005886],[-66.84172363281249,-4.933916925005889],[-66.84213867187499,-4.915557550005886],[-66.84042968749999,-4.90911223750588],[-66.833740234375,-4.89934661250588],[-66.81767578124999,-4.88250090938088],[-66.81381835937499,-4.87127044063088],[-66.81608886718749,-4.85588958125588],[-66.82080078125,-4.844268487505886],[-66.82011718749999,-4.83440520625588],[-66.806396484375,-4.824053643755889],[-66.78251953124999,-4.814288018755889],[-66.77304687499999,-4.807452081255889],[-66.76352539062499,-4.79412200313088],[-66.75278320312499,-4.766143487505886],[-66.73876953125,-4.71111419063088],[-66.722119140625,-4.68499114375588],[-66.71220703124999,-4.67693450313088],[-66.69023437499999,-4.665069268755886],[-66.680419921875,-4.65715911250588],[-66.673095703125,-4.646026300005886],[-66.665478515625,-4.62175872188088],[-66.66000976562499,-4.609893487505886],[-66.655029296875,-4.60369231563088],[-66.65009765625,-4.598663018755886],[-66.645751953125,-4.59319426875588],[-66.64267578124999,-4.585479425005886],[-66.642041015625,-4.57903411250588],[-66.64291992187499,-4.57439544063088],[-66.644287109375,-4.57024505000588],[-66.64445800781249,-4.56536223750588],[-66.63999023437499,-4.55046965938088],[-66.63232421875,-4.54119231563088],[-66.62265624999999,-4.53289153438088],[-66.612548828125,-4.52117278438088],[-66.593505859375,-4.489776300005886],[-66.5849609375,-4.47966887813088],[-66.56430664062499,-4.46111419063088],[-66.55454101562499,-4.450030206255889],[-66.55070800781249,-4.439288018755889],[-66.55729980468749,-4.42522551875588],[-66.57163085937499,-4.41863372188088],[-66.58798828124999,-4.41423919063088],[-66.60043945312499,-4.40691497188088],[-66.60605468749999,-4.39348723750588],[-66.60800781249999,-4.375518487505886],[-66.607421875,-4.35711028438088],[-66.60532226562499,-4.34246184688088],[-66.599365234375,-4.32830169063088],[-66.58017578124999,-4.30608489375588],[-66.5724609375,-4.29338958125588],[-66.56474609374999,-4.26311614375588],[-66.56103515625,-4.230987237505886],[-66.571044921875,-4.217120050005889],[-66.5734375,-4.201495050005889],[-66.56992187499999,-4.18523528438088],[-66.55136718749999,-4.14568450313088],[-66.53500976562499,-4.096709893755886],[-66.486083984375,-4.004229425005889],[-66.42929687499999,-3.944854425005886],[-66.41520996093749,-3.92327239375588],[-66.39267578124999,-3.8723934875058887],[-66.36235351562499,-3.8274716125058887],[-66.35483398437499,-3.80510833125588],[-66.35563964843749,-3.79412200313088],[-66.36040039062499,-3.7737606750058887],[-66.358837890625,-3.76189544063088],[-66.353271484375,-3.75042083125588],[-66.33920898437499,-3.729034112505886],[-66.334716796875,-3.71672942500588],[-66.32846679687499,-3.690459893755886],[-66.32207031249999,-3.68108489375588],[-66.30991210937499,-3.67205169063088],[-66.2861328125,-3.66179778438088],[-66.27890624999999,-3.655791925005886],[-66.27263183593749,-3.64226653438088],[-66.27006835937499,-3.62835051875588],[-66.271240234375,-3.601592706255886],[-66.27019042968749,-3.58757903438088],[-66.24912109374999,-3.54021575313088],[-66.24609375,-3.51751067500588],[-66.26262207031249,-3.495635675005886],[-66.27470703124999,-3.49114348750588],[-66.28842773437499,-3.48772551875588],[-66.29736328125,-3.4817684875058887],[-66.29497070312499,-3.4690731750058887],[-66.28515625,-3.46160247188088],[-66.258056640625,-3.45745208125588],[-66.24755859375,-3.45110442500588],[-66.25139160156249,-3.4392880187558887],[-66.249755859375,-3.42693450313088],[-66.24277343749999,-3.41692473750588],[-66.23100585937499,-3.41179778438088],[-66.220947265625,-3.4124325500058887],[-66.201416015625,-3.418975518755886],[-66.19121093749999,-3.42034270625588],[-66.18303222656249,-3.42009856563088],[-66.175537109375,-3.41912200313088],[-66.16704101562499,-3.4158505187558887],[-66.14599609375,-3.40886809688088],[-66.12834472656249,-3.3909481750058887],[-66.11630859374999,-3.364288018755886],[-66.09721679687499,-3.281768487505886],[-66.090087890625,-3.27141692500588],[-66.07666015625,-3.26482512813088],[-66.06284179687499,-3.2639950500058887],[-66.03569335937499,-3.2669247375058887],[-66.02226562499999,-3.2620419250058887],[-66.02971191406249,-3.24163176875588],[-66.03208007812499,-3.23113372188088],[-66.03134765624999,-3.22063567500588],[-66.0158203125,-3.21502044063088],[-66.002197265625,-3.20305755000588],[-65.99155273437499,-3.1878231750058887],[-65.98520507812499,-3.172393487505886],[-65.982666015625,-3.14690520625588],[-65.98876953125,-3.127959893755886],[-66.01225585937499,-3.091338800005886],[-66.01762695312499,-3.06829192500588],[-66.011474609375,-3.0467098937558887],[-65.99772949218749,-3.02727630000588],[-65.980224609375,-3.01116301875588],[-65.962158203125,-2.99944426875588],[-65.90317382812499,-2.97380950313088],[-65.88657226562499,-2.961944268755886],[-65.87216796874999,-2.9451473937558887],[-65.86752929687499,-2.92717864375588],[-65.88022460937499,-2.91228606563088],[-65.89047851562499,-2.9099911437558887],[-65.90234375,-2.90935637813088],[-65.91289062499999,-2.9065731750058887],[-65.91953124999999,-2.897491143755886],[-65.91650390625,-2.8792294250058887],[-65.90117187499999,-2.86467864375588],[-65.88251953125,-2.85271575313088],[-65.86918945312499,-2.8416317687558887],[-65.86459960937499,-2.82708098750588],[-65.86508789062499,-2.812530206255886],[-65.863037109375,-2.7986630187558887],[-65.85063476562499,-2.78630950313088],[-65.83488769531249,-2.7805966125058887],[-65.8193359375,-2.77752044063088],[-65.804638671875,-2.77239348750588],[-65.79160156249999,-2.76043059688088],[-65.78349609374999,-2.740264581255886],[-65.78374023437499,-2.71941497188088],[-65.790478515625,-2.6770809875058887],[-65.787353515625,-2.65422942500588],[-65.77727050781249,-2.63982512813088],[-65.740478515625,-2.61028411250588]]]}},{"type":"Feature","properties":{"role":"context_only","name":"Beni","name_en":"Beni","ne_id":1159121109},"geometry":{"type":"MultiLineString","coordinates":[[[-66.9951171875,-17.07893645625589],[-67.010498046875,-17.06511809688088],[-67.01530761718749,-17.046905206255886],[-67.012451171875,-17.02629973750588],[-67.00449218749999,-17.00505950313088],[-66.99951171875,-16.99700286250588],[-66.98203124999999,-16.97478606563088],[-66.97802734375,-16.963897393755886],[-66.97763671874999,-16.95476653438088],[-66.98032226562499,-16.935088800005886],[-66.978271484375,-16.91472747188088],[-66.97111816406249,-16.89729583125589],[-66.95219726562499,-16.86311614375589],[-66.932373046875,-16.83528411250589],[-66.90825195312499,-16.82390715938088],[-66.84819335937499,-16.81658294063088],[-66.82480468749999,-16.80891692500589],[-66.79833984375,-16.79534270625588],[-66.77509765625,-16.77766692500589],[-66.76157226562499,-16.757842706255886],[-66.75859374999999,-16.74114348750588],[-66.75927734375,-16.724639581255886],[-66.76677246093749,-16.67854583125589],[-66.76708984375,-16.66536223750589],[-66.76604003906249,-16.58967864375589],[-66.77495117187499,-16.56096770625588],[-66.80473632812499,-16.51008880000589],[-66.816357421875,-16.48308684688088],[-66.81772460937499,-16.458038018755886],[-66.80429687499999,-16.40740325313088],[-66.79973144531249,-16.28337981563088],[-66.80571289062499,-16.269073175005886],[-66.82683105468749,-16.242705987505886],[-66.83500976562499,-16.229522393755886],[-66.83935546875,-16.22625090938088],[-66.87070312499999,-16.215362237505886],[-66.8720703125,-16.20881926875589],[-66.87004394531249,-16.19304778438088],[-66.87216796874999,-16.17122161250589],[-66.88286132812499,-16.15422942500588],[-66.912353515625,-16.12337005000589],[-66.92766113281249,-16.09758880000588],[-66.94565429687499,-16.07537200313088],[-66.948974609375,-16.06804778438088],[-66.95004882812499,-16.05794036250589],[-66.94052734374999,-15.98430755000588],[-66.940673828125,-15.95916106563088],[-66.94426269531249,-15.935577081255886],[-66.94450683593749,-15.923858331255886],[-66.94157714843749,-15.912432550005889],[-66.93393554687499,-15.89983489375588],[-66.92607421874999,-15.89006926875588],[-66.92021484374999,-15.87957122188088],[-66.91838378906249,-15.864092706255889],[-66.9201171875,-15.857256768755889],[-66.92363281249999,-15.85369231563088],[-66.92802734374999,-15.851397393755889],[-66.93229980468749,-15.848174737505886],[-66.94418945312499,-15.830401300005889],[-66.95087890625,-15.815948175005886],[-66.95805664062499,-15.79094817500588],[-66.96762695312499,-15.779620050005889],[-66.9775390625,-15.77385833125588],[-67.01059570312499,-15.76116301875588],[-67.020751953125,-15.753252862505889],[-67.03752441406249,-15.73503997188088],[-67.04655761718749,-15.727569268755886],[-67.09384765624999,-15.70769622188088],[-67.10856933593749,-15.69915130000588],[-67.21806640624999,-15.61394622188088],[-67.31894531249999,-15.56096770625588],[-67.34172363281249,-15.556475518755889],[-67.37875976562499,-15.560577081255886],[-67.39072265624999,-15.55852630000588],[-67.40073242187499,-15.553057550005889],[-67.4072265625,-15.545733331255889],[-67.41684570312499,-15.527862237505886],[-67.42460937499999,-15.51726653438088],[-67.43271484374999,-15.51165130000588],[-67.4423828125,-15.508819268755886],[-67.45468749999999,-15.50701262813088],[-67.47397460937499,-15.497393487505889],[-67.484619140625,-15.47942473750588],[-67.491943359375,-15.45842864375588],[-67.50131835937499,-15.439483331255886],[-67.52531738281249,-15.41033294063088],[-67.53825683593749,-15.39910247188088],[-67.554443359375,-15.38836028438088],[-67.57578124999999,-15.366241143755886],[-67.573486328125,-15.34368255000588],[-67.55722656249999,-15.321319268755886],[-67.53666992187499,-15.30022551875588],[-67.51542968749999,-15.26799895625588],[-67.517822265625,-15.242510675005889],[-67.53696289062499,-15.21892669063088],[-67.56584472656249,-15.19255950313088],[-67.56950683593749,-15.188018487505886],[-67.57529296874999,-15.17888762813088],[-67.579541015625,-15.17546965938088],[-67.58500976562499,-15.174346612505886],[-67.59648437499999,-15.17571380000588],[-67.60039062499999,-15.17498137813088],[-67.60844726562499,-15.167022393755886],[-67.615966796875,-15.147491143755886],[-67.62126464843749,-15.13836028438088],[-67.62944335937499,-15.132159112505889],[-67.65966796875,-15.11956145625588],[-67.66879882812499,-15.11126067500588],[-67.68901367187499,-15.08098723750588],[-67.71770019531249,-15.058428643755889],[-67.72319335937499,-15.05022551875588],[-67.731689453125,-15.04119231563088],[-67.74570312499999,-15.03533294063088],[-67.75810546874999,-15.02752044063088],[-67.76132812499999,-15.01238372188088],[-67.75493164062499,-15.000811456255889],[-67.74296874999999,-14.99114348750588],[-67.71762695312499,-14.97600676875588],[-67.70219726562499,-14.96282317500588],[-67.69340820312499,-14.94988372188088],[-67.68901367187499,-14.935381768755889],[-67.68645019531249,-14.91692473750588],[-67.68132324218749,-14.89934661250588],[-67.6630859375,-14.86882903438088],[-67.63730468749999,-14.790069268755886],[-67.61083984375,-14.731963800005886],[-67.54472656249999,-14.62371184688088],[-67.53349609374999,-14.59124114375588],[-67.52768554687499,-14.58098723750588],[-67.52055664062499,-14.57317473750588],[-67.50473632812499,-14.559600518755886],[-67.497998046875,-14.55144622188088],[-67.48911132812499,-14.53142669063088],[-67.48808593749999,-14.511748956255886],[-67.49399414062499,-14.49260833125588],[-67.50615234374999,-14.47429778438088],[-67.52792968749999,-14.453155206255886],[-67.532470703125,-14.44304778438088],[-67.533203125,-14.43694426875588],[-67.53288574218749,-14.42449309688088],[-67.534423828125,-14.418487237505886],[-67.53696289062499,-14.415069268755886],[-67.543701171875,-14.409014581255889],[-67.54624023437499,-14.40569426875588],[-67.560791015625,-14.369170831255886],[-67.56572265624999,-14.34929778438088],[-67.56828613281249,-14.330401300005889],[-67.56450195312499,-14.31218840938088],[-67.552734375,-14.302764581255886],[-67.520751953125,-14.28875090938088],[-67.508056640625,-14.27483489375588],[-67.50371093749999,-14.25872161250588],[-67.505615234375,-14.24163176875588],[-67.515380859375,-14.20891692500588],[-67.511474609375,-14.14885833125588],[-67.52189941406249,-14.071319268755886],[-67.52304687499999,-14.05901458125588],[-67.53557128906249,-14.014483331255889],[-67.5361328125,-13.99846770625588],[-67.50932617187499,-13.88005950313088],[-67.50114746093749,-13.86541106563088],[-67.49169921875,-13.852569268755886],[-67.48283691406249,-13.836748956255889],[-67.47990722656249,-13.81682708125588],[-67.49365234375,-13.790850518755889],[-67.49277343749999,-13.77141692500588],[-67.48100585937499,-13.73088958125588],[-67.47177734374999,-13.71062590938088],[-67.4591796875,-13.69817473750588],[-67.442626953125,-13.68792083125588],[-67.430859375,-13.67498137813088],[-67.41123046874999,-13.642901300005889],[-67.36967773437499,-13.59099700313088],[-67.36118164062499,-13.574053643755889],[-67.36088867187499,-13.554522393755889],[-67.378173828125,-13.528643487505889],[-67.39487304687499,-13.437334893755889],[-67.39567871093749,-13.402666925005889],[-67.37993164062499,-13.36931731563088],[-67.33676757812499,-13.30462005000588],[-67.322265625,-13.288116143755886],[-67.28759765625,-13.26165130000588],[-67.2060546875,-13.16790130000588],[-67.2021484375,-13.158721612505886],[-67.19792480468749,-13.13884856563088],[-67.19328613281249,-13.129717706255889],[-67.185791015625,-13.123077081255886],[-67.16728515624999,-13.113799737505886],[-67.1591796875,-13.10759856563088],[-67.12004394531249,-13.03728606563088],[-67.103271484375,-13.021807550005889],[-67.08305664062499,-13.018096612505886],[-67.06621093749999,-13.020049737505886],[-67.05234374999999,-13.01604583125588],[-67.00419921874999,-12.901202081255889],[-66.94873046875,-12.670928643755886],[-66.94658203124999,-12.64544036250588],[-66.95109863281249,-12.624541925005886],[-66.966796875,-12.581573175005886],[-66.93999023437499,-12.545928643755886],[-66.92778320312499,-12.525420831255886],[-66.92709960937499,-12.50945403438088],[-66.93498535156249,-12.49407317500588],[-66.93710937499999,-12.48113372188088],[-66.93840332031249,-12.42009856563088],[-66.935791015625,-12.400420831255886],[-66.927978515625,-12.382354425005886],[-66.91313476562499,-12.360870050005886],[-66.90537109374999,-12.34172942500588],[-66.90898437499999,-12.32512786250588],[-66.91630859374999,-12.30828215938088],[-66.91943359375,-12.288897393755889],[-66.912060546875,-12.266924737505889],[-66.899169921875,-12.24529387813088],[-66.88945312499999,-12.22332122188088],[-66.89177246093749,-12.199248956255886],[-66.898876953125,-12.173858331255886],[-66.89731445312499,-12.15227630000588],[-66.88212890624999,-12.106280206255889],[-66.87753906249999,-12.06511809688088],[-66.88298339843749,-12.014971612505889],[-66.89707031249999,-11.966143487505889],[-66.91855468749999,-11.928741143755886],[-66.93315429687499,-11.911944268755889],[-66.93925781249999,-11.90667083125588],[-66.94287109375,-11.90740325313088],[-66.9484375,-11.910674737505886],[-66.95488281249999,-11.91301848750588],[-66.96147460937499,-11.910674737505886],[-66.97026367187499,-11.89373137813088],[-66.97470703124999,-11.869170831255886],[-66.97075195312499,-11.84905364375588],[-66.95427246093749,-11.84539153438088],[-66.93583984374999,-11.84734465938088],[-66.917724609375,-11.841827081255886],[-66.90141601562499,-11.83147551875588],[-66.88847656249999,-11.81829192500588],[-66.876953125,-11.795733331255889],[-66.88176269531249,-11.78191497188088],[-66.89414062499999,-11.77044036250588],[-66.9052734375,-11.75457122188088],[-66.90544433593749,-11.73552825313088],[-66.891845703125,-11.727080987505886],[-66.87236328124999,-11.72625090938088],[-66.85483398437499,-11.72918059688088],[-66.83574218749999,-11.72795989375588],[-66.822509765625,-11.715362237505886],[-66.81088867187499,-11.698760675005886],[-66.79692382812499,-11.685870050005889],[-66.77988281249999,-11.681475518755889],[-66.74560546875,-11.681670831255886],[-66.72910156249999,-11.674834893755886],[-66.71538085937499,-11.65569426875588],[-66.71396484374999,-11.63274505000588],[-66.72099609374999,-11.583526300005886],[-66.71513671874999,-11.56487395625588],[-66.69096679687499,-11.537627862505886],[-66.68779296874999,-11.518877862505889],[-66.69072265624999,-11.49358489375588],[-66.689208984375,-11.468780206255886],[-66.67912597656249,-11.44939544063088],[-66.65625,-11.440264581255889],[-66.56494140625,-11.43474700313088],[-66.49716796874999,-11.442413018755886],[-66.47148437499999,-11.43377044063088],[-66.41684570312499,-11.400909112505886],[-66.34799804687499,-11.393584893755886],[-66.31699218749999,-11.38591887813088],[-66.31186523437499,-11.365557550005889],[-66.30908203125,-11.344561456255889],[-66.25473632812499,-11.33171965938088],[-66.24326171874999,-11.313018487505886],[-66.25009765624999,-11.29900481563088],[-66.2607421875,-11.28972747188088],[-66.26787109374999,-11.277373956255886],[-66.26425781249999,-11.25408294063088],[-66.25554199218749,-11.237823175005886],[-66.218994140625,-11.193194268755889],[-66.211669921875,-11.17473723750588],[-66.21245117187499,-11.157549737505889],[-66.22080078124999,-11.12127044063088],[-66.21794433593749,-11.09783294063088],[-66.20524902343749,-11.09441497188088],[-66.187939453125,-11.099444268755889],[-66.17124023437499,-11.100909112505889],[-66.14731445312499,-11.080596612505886],[-66.14226074218749,-11.047881768755886],[-66.14145507812499,-11.01189544063088],[-66.13071289062499,-10.98186614375588],[-66.12167968749999,-10.968291925005886]]]}},{"type":"Feature","properties":{"role":"context_only","name":"Tumbes","name_en":"Tumbes","ne_id":1159121287},"geometry":{"type":"MultiLineString","coordinates":[[[-79.23820800781249,-4.346709893755886],[-79.26127929687499,-4.27898528438088],[-79.26896972656249,-4.26751067500588],[-79.29936523437499,-4.242217706255886],[-79.30712890625,-4.23235442500588],[-79.32236328124999,-4.199737237505886],[-79.34782714843749,-4.167998956255886],[-79.35454101562499,-4.156280206255886],[-79.35791015625,-4.14080169063088],[-79.35698242187499,-4.125518487505886],[-79.35161132812499,-4.094561456255889],[-79.35124511718749,-4.078936456255889],[-79.35302734375,-4.06340911250588],[-79.35686035156249,-4.048174737505889],[-79.36271972656249,-4.033526300005889],[-79.39018554687499,-4.005889581255886],[-79.42473144531249,-4.006182550005889],[-79.49658203125,-4.03362395625588],[-79.53312988281249,-4.05364348750588],[-79.604248046875,-4.159014581255889],[-79.62248535156249,-4.172198175005889],[-79.64194335937499,-4.17644622188088],[-79.68466796874999,-4.17546965938088],[-79.70109863281249,-4.178741143755886],[-79.74301757812499,-4.204424737505889],[-79.753857421875,-4.208526300005886],[-79.76425781249999,-4.209991143755886],[-79.78618164062499,-4.20989348750588],[-79.79599609374999,-4.21111419063088],[-79.82358398437499,-4.21795012813088],[-79.83208007812499,-4.218584893755889],[-79.83945312499999,-4.21746184688088],[-79.906494140625,-4.190752862505889],[-79.93095703124999,-4.187530206255886],[-80.03435058593749,-4.22258880000588],[-80.08505859374999,-4.265166925005886],[-80.10312499999999,-4.275713800005889],[-80.122802734375,-4.28118255000588],[-80.18461914062499,-4.28923919063088],[-80.195556640625,-4.29290130000588],[-80.20585937499999,-4.29802825313088],[-80.21420898437499,-4.304717706255886],[-80.22270507812499,-4.31878020625588],[-80.23295898437499,-4.35393645625588],[-80.240478515625,-4.369659112505886],[-80.25620117187499,-4.38665130000588],[-80.33305664062499,-4.44548919063088],[-80.3740234375,-4.46746184688088],[-80.47819824218749,-4.56096770625588],[-80.49895019531249,-4.591631768755889],[-80.50834960937499,-4.61223723750588],[-80.51230468749999,-4.632647393755889],[-80.52019042968749,-4.653155206255889],[-80.556640625,-4.689971612505886],[-80.567626953125,-4.70427825313088],[-80.570068359375,-4.72503020625588],[-80.56992187499999,-4.745147393755886],[-80.57456054687499,-4.760284112505886],[-80.59147949218749,-4.76628997188088],[-80.61027832031249,-4.772295831255889],[-80.62143554687499,-4.78679778438088],[-80.63583984374999,-4.821612237505889],[-80.64689941406249,-4.830401300005889],[-80.66538085937499,-4.838702081255889],[-80.68271484374999,-4.84270598750588],[-80.69047851562499,-4.838702081255889],[-80.69914550781249,-4.854815362505889],[-80.71940917968749,-4.864092706255889],[-80.742431640625,-4.86834075313088],[-80.75932617187499,-4.86931731563088],[-80.77495117187499,-4.867705987505886],[-80.817626953125,-4.856475518755886],[-80.83447265625,-4.84832122188088],[-80.85263671874999,-4.86028411250588],[-80.86826171874999,-4.86419036250588],[-80.91020507812499,-4.86248137813088],[-80.94829101562499,-4.86809661250588],[-80.96342773437499,-4.86687590938088],[-80.9716796875,-4.855791925005889],[-80.98193359375,-4.865557550005889],[-80.99082031249999,-4.865752862505886],[-80.99863281249999,-4.862627862505889],[-81.00578613281249,-4.86248137813088],[-81.0109375,-4.866729425005886],[-81.01743164062499,-4.87371184688088],[-81.0224609375,-4.880205987505889],[-81.02287597656249,-4.883135675005889],[-81.03068847656249,-4.881182550005889],[-81.03598632812499,-4.876006768755886],[-81.03898925781249,-4.868487237505889],[-81.03989257812499,-4.859209893755889],[-81.04289550781249,-4.846026300005889],[-81.04948730468749,-4.84148528438088],[-81.05644531249999,-4.84148528438088],[-81.06040039062499,-4.842120050005889],[-81.09599609374999,-4.84295012813088],[-81.12797851562499,-4.857452081255886],[-81.15878906249999,-4.87639739375588],[-81.19072265624999,-4.88982512813088]]]}},{"type":"Feature","properties":{"role":"context_only","name":"Jamanxim","name_en":"Jamanxim","ne_id":1159121723},"geometry":{"type":"MultiLineString","coordinates":[[[-54.08837890625,-14.422393487505886],[-54.10686035156249,-14.42913176875588],[-54.14726562499999,-14.45159270625588],[-54.16752929687499,-14.45647551875588],[-54.177197265625,-14.454424737505889],[-54.19760742187499,-14.44500090938088],[-54.20849609375,-14.442901300005886],[-54.21811523437499,-14.44500090938088],[-54.239990234375,-14.45427825313088],[-54.252880859375,-14.45647551875588],[-54.273876953125,-14.451495050005889],[-54.302734375,-14.42791106563088],[-54.31772460937499,-14.422393487505886],[-54.3359375,-14.42791106563088],[-54.36777343749999,-14.454131768755886],[-54.389404296875,-14.46331145625588],[-54.48100585937499,-14.47673919063088],[-54.5263671875,-14.47161223750588],[-54.56132812499999,-14.44915130000588],[-54.58867187499999,-14.39788176875588],[-54.59624023437499,-14.387530206255889],[-54.613427734374994,-14.384795831255886],[-54.64389648437499,-14.38762786250588],[-54.647216796875,-14.389971612505889],[-54.65349121093749,-14.39910247188088],[-54.65690917968749,-14.40129973750588],[-54.66142578124999,-14.40056731563088],[-54.66367187499999,-14.39812590938088],[-54.66440429687499,-14.395538018755886],[-54.66440429687499,-14.39446380000588],[-54.67255859375,-14.392120050005886],[-54.68718261718749,-14.382842706255886],[-54.69482421875,-14.38079192500588],[-54.709716796875,-14.37420012813088],[-54.72031249999999,-14.35857512813088],[-54.732666015625,-14.32561614375588],[-54.75090332031249,-14.331084893755886],[-54.77841796874999,-14.33196380000588],[-54.80356445312499,-14.32708098750588],[-54.81455078124999,-14.315948175005886],[-54.81779785156249,-14.30828215938088],[-54.82578124999999,-14.307940362505889],[-54.84531249999999,-14.312530206255886],[-54.84916992187499,-14.30657317500588],[-54.835693359375,-14.27092864375588],[-54.89750976562499,-14.22063567500588],[-54.91020507812499,-14.15496184688088],[-54.93076171874999,-14.113116143755889],[-54.94384765625,-14.093584893755889],[-54.96538085937499,-14.07634856563088],[-54.96323242187499,-14.05559661250588],[-54.95175781249999,-14.01775481563088],[-54.95158691406249,-14.00774505000588],[-54.95273437499999,-13.99651458125588],[-54.955078125,-13.98577239375588],[-54.95859374999999,-13.977373956255889],[-54.96403808593749,-13.972979425005889],[-54.98203124999999,-13.96282317500588],[-54.98588867187499,-13.95964934688088],[-54.98918457031249,-13.954131768755886],[-55.00371093749999,-13.93621184688088],[-55.00700683593749,-13.92498137813088],[-55.00944824218749,-13.911455987505889],[-55.01523437499999,-13.90276458125588],[-55.02207031249999,-13.89568450313088],[-55.02744140624999,-13.88738372188088],[-55.0380859375,-13.87810637813088],[-55.04111328124999,-13.87371184688088],[-55.01425781249999,-13.863799737505886],[-55.01230468749999,-13.834795831255889],[-55.03159179687499,-13.75896575313088],[-55.050048828125,-13.73479583125588],[-55.05419921875,-13.726592706255886],[-55.057861328125,-13.72283294063088],[-55.07187499999999,-13.689971612505886],[-55.07182617187499,-13.681963800005889],[-55.09580078124999,-13.676592706255889],[-55.195068359375,-13.616729425005886],[-55.20378417968749,-13.613311456255886],[-55.21147460937499,-13.61589934688088],[-55.21884765624999,-13.619659112505886],[-55.2267578125,-13.61980559688088],[-55.240966796875,-13.61199309688088],[-55.243896484375,-13.60418059688088],[-55.244873046875,-13.593780206255886],[-55.25341796875,-13.57830169063088],[-55.267822265625,-13.58709075313088],[-55.29008789062499,-13.589678643755889],[-55.313720703125,-13.58562590938088],[-55.332275390625,-13.57512786250588],[-55.34716796875,-13.55950286250588],[-55.353271484375,-13.55828215938088],[-55.38242187499999,-13.55852630000588],[-55.3857421875,-13.557159112505886],[-55.38364257812499,-13.55120208125588],[-55.38251953125,-13.51555755000588],[-55.38395996093749,-13.504717706255889],[-55.390625,-13.49700286250588],[-55.40341796874999,-13.49602630000588],[-55.42534179687499,-13.50945403438088],[-55.43461914062499,-13.50750090938088],[-55.441162109375,-13.49700286250588],[-55.44389648437499,-13.475909112505889],[-55.44858398437499,-13.46648528438088],[-55.46176757812499,-13.459991143755886],[-55.471826171874994,-13.46697356563088],[-55.47966308593749,-13.478057550005886],[-55.48618164062499,-13.483916925005886],[-55.50644531249999,-13.475909112505889],[-55.51279296874999,-13.455889581255889],[-55.515380859375,-13.43181731563088],[-55.52434082031249,-13.41155364375588],[-55.543212890625,-13.397295831255889],[-55.58305664062499,-13.37420012813088],[-55.59604492187499,-13.360381768755886],[-55.59648437499999,-13.35466887813088],[-55.58935546875,-13.34514739375588],[-55.58920898437499,-13.33928801875588],[-55.592041015625,-13.335967706255886],[-55.60092773437499,-13.32878997188088],[-55.60283203124999,-13.32561614375588],[-55.601806640625,-13.315264581255889],[-55.59702148437499,-13.294268487505889],[-55.59604492187499,-13.281280206255886],[-55.60190429687499,-13.266436456255889],[-55.61638183593749,-13.258330987505886],[-55.651318359375,-13.250518487505886],[-55.68010253906249,-13.23552825313088],[-55.69902343749999,-13.211455987505886],[-55.711181640625,-13.17962005000588],[-55.72429199218749,-13.11956145625588],[-55.73154296874999,-13.098663018755886],[-55.74228515624999,-13.07903411250588],[-55.770751953125,-13.043487237505886],[-55.78305664062499,-13.009307550005886],[-55.794677734375,-12.996612237505886],[-55.81601562499999,-12.98674895625588],[-55.82255859374999,-12.98235442500588],[-55.82861328125,-12.97600676875588],[-55.83896484374999,-12.960479425005886],[-55.904541015625,-12.88738372188088],[-55.90983886718749,-12.871416925005889],[-55.91289062499999,-12.85344817500588],[-55.91943359375,-12.83879973750588],[-55.93491210937499,-12.832842706255889],[-55.94877929687499,-12.823565362505889],[-55.94938964843749,-12.80169036250588],[-55.93369140624999,-12.734893487505886],[-55.927734375,-12.718584893755889],[-55.91953124999999,-12.705108331255886],[-55.907958984375,-12.69133880000588],[-55.90288085937499,-12.672881768755886],[-55.91008300781249,-12.651202081255889],[-55.94125976562499,-12.605498956255886],[-55.94775390625,-12.592120050005889],[-55.95126953124999,-12.576202081255886],[-55.95231933593749,-12.55437590938088],[-55.95817871093749,-12.53362395625588],[-55.95988769531249,-12.522002862505886],[-55.95573730468749,-12.516924737505889],[-55.94580078125,-12.519073175005886],[-55.93408203125,-12.52337005000588],[-55.922119140625,-12.52605559688088],[-55.911376953125,-12.523760675005889],[-55.90781249999999,-12.48479583125588],[-55.89990234375,-12.466143487505889],[-55.83935546875,-12.482745050005889],[-55.83134765624999,-12.48748137813088],[-55.81577148437499,-12.516924737505889],[-55.79802246093749,-12.52581145625588],[-55.782470703125,-12.521807550005889],[-55.771484375,-12.50774505000588],[-55.767333984375,-12.486163018755889],[-55.75859374999999,-12.46526458125588],[-55.73837890624999,-12.45525481563088],[-55.71538085937499,-12.447784112505886],[-55.698486328125,-12.43499114375588],[-55.69580078125,-12.410479425005889],[-55.71086425781249,-12.38933684688088],[-55.72998046875,-12.369659112505886],[-55.73942871093749,-12.34929778438088],[-55.731640625,-12.290069268755886],[-55.73320312499999,-12.27044036250588],[-55.73784179687499,-12.25066497188088],[-55.743359375,-12.234893487505886],[-55.75151367187499,-12.22063567500588],[-55.76425781249999,-12.20501067500588],[-55.76318359375,-12.20037200313088],[-55.767333984375,-12.16399505000588],[-55.76433105468749,-12.15325286250588],[-55.753076171874994,-12.13591887813088],[-55.75371093749999,-12.126495050005886],[-55.761474609375,-12.119170831255886],[-55.78276367187499,-12.112139581255889],[-55.787841796875,-12.105987237505886],[-55.784619140625,-12.094561456255889],[-55.765625,-12.07390715938088],[-55.76115722656249,-12.06096770625588],[-55.76523437499999,-12.04045989375588],[-55.7646484375,-12.03045012813088],[-55.74895019531249,-12.00896575313088],[-55.74724121093749,-11.998565362505886],[-55.75371093749999,-11.975616143755886],[-55.75944824218749,-11.961260675005889],[-55.767333984375,-11.94768645625588],[-55.77646484374999,-11.93816497188088],[-55.79606933593749,-11.92498137813088],[-55.80522460937499,-11.917022393755886],[-55.81005859375,-11.908721612505886],[-55.81328124999999,-11.89788176875588],[-55.81640625,-11.857452081255886],[-55.7892578125,-11.81267669063088],[-55.74057617187499,-11.682452081255889],[-55.736328125,-11.66497161250588],[-55.73320312499999,-11.622881768755889],[-55.72998046875,-11.61345794063088],[-55.72197265624999,-11.612334893755886],[-55.7119140625,-11.61296965938088],[-55.70219726562499,-11.60881926875588],[-55.69482421875,-11.598174737505886],[-55.69316406249999,-11.588213800005889],[-55.69345703124999,-11.577471612505889],[-55.69223632812499,-11.564776300005889],[-55.68376464843749,-11.541827081255889],[-55.67106933593749,-11.522784112505889],[-55.64042968749999,-11.49212005000588],[-55.63583984374999,-11.48406340938088],[-55.63090820312499,-11.460772393755889],[-55.61997070312499,-11.437823175005889],[-55.61857910156249,-11.42571380000588],[-55.61865234375,-11.41497161250588],[-55.61650390624999,-11.40642669063088],[-55.6044921875,-11.398272393755889],[-55.55576171874999,-11.37664153438088],[-55.538037109375,-11.372393487505889],[-55.53276367187499,-11.36907317500588],[-55.52702636718749,-11.36174895625588],[-55.51982421874999,-11.354522393755886],[-55.51035156249999,-11.35125090938088],[-55.48837890624999,-11.35051848750588],[-55.47978515624999,-11.34856536250588],[-55.47250976562499,-11.345049737505889],[-55.46616210937499,-11.33269622188088],[-55.45468749999999,-11.292315362505889],[-55.44858398437499,-11.28362395625588],[-55.43881835937499,-11.278350518755886],[-55.41057128906249,-11.252471612505886],[-55.39677734374999,-11.24260833125588],[-55.354736328125,-11.224444268755889],[-55.34067382812499,-11.209991143755886],[-55.33530273437499,-11.18425872188088],[-55.34042968749999,-11.16106536250588],[-55.35344238281249,-11.144561456255886],[-55.37126464843749,-11.13323333125588],[-55.41118164062499,-11.120440362505889],[-55.45439453124999,-11.11321380000588],[-55.47624511718749,-11.11223723750588],[-55.50058593749999,-11.11565520625588],[-55.51523437499999,-11.120635675005886],[-55.52817382812499,-11.119659112505886],[-55.547607421875,-11.10540130000588],[-55.56748046874999,-11.08709075313088],[-55.57958984375,-11.07927825313088],[-55.593701171875,-11.077666925005886],[-55.660888671875,-11.078155206255886],[-55.67368164062499,-11.081573175005886],[-55.68173828124999,-11.089385675005886],[-55.68876953124999,-11.098467706255889],[-55.698486328125,-11.10540130000588],[-55.71660156249999,-11.109209893755889],[-55.78410644531249,-11.11223723750588],[-55.82001953125,-11.100909112505889],[-55.84099121093749,-11.11028411250588],[-55.84929199218749,-11.11223723750588],[-55.866455078125,-11.102862237505889],[-55.87236328124999,-11.08538176875588],[-55.87102050781249,-11.04021575313088],[-55.876220703125,-11.03118255000588],[-55.88774414062499,-11.02971770625588],[-55.89926757812499,-11.02996184688088],[-55.904541015625,-11.026690362505889],[-55.935302734375,-10.94988372188088],[-55.94809570312499,-10.928545831255889],[-55.96249999999999,-10.909991143755889],[-55.9677734375,-10.888213800005886],[-55.958984375,-10.86101653438088],[-55.93474121093749,-10.814288018755889],[-55.9306640625,-10.79998137813088],[-55.922607421875,-10.72673919063088],[-55.917919921875,-10.71331145625588],[-55.91015625,-10.70037200313088],[-55.86918945312499,-10.66399505000588],[-55.860595703125,-10.65349700313088],[-55.84562988281249,-10.63445403438088],[-55.83847656249999,-10.617022393755889],[-55.83781738281249,-10.599932550005889],[-55.84257812499999,-10.581866143755889],[-55.84995117187499,-10.56536223750588],[-55.90788574218749,-10.483916925005886],[-55.91154785156249,-10.467803643755886],[-55.91220703124999,-10.41179778438088],[-55.909326171874994,-10.39373137813088],[-55.90275878906249,-10.37712981563088],[-55.892578125,-10.36272551875588],[-55.86748046874999,-10.337237237505889],[-55.85507812499999,-10.32097747188088],[-55.83740234375,-10.28630950313088],[-55.82597656249999,-10.26946380000588],[-55.7998046875,-10.252764581255889],[-55.767578125,-10.24944426875588],[-55.70263671875,-10.256670831255889],[-55.66923828124999,-10.25457122188088],[-55.638916015625,-10.244170831255886],[-55.61328125,-10.225127862505886],[-55.59428710937499,-10.19719817500588],[-55.545654296875,-10.052080987505889],[-55.5419921875,-10.03093840938088],[-55.54240722656249,-10.02019622188088],[-55.545361328125,-10.01189544063088],[-55.55615234375,-9.994463800005889],[-55.55991210937499,-9.98528411250588],[-55.56608886718749,-9.956377862505889],[-55.574951171875,-9.93938567500588],[-55.587158203125,-9.923858331255886],[-55.60136718749999,-9.91057708125588],[-55.65512695312499,-9.876006768755886],[-55.672119140625,-9.86174895625588],[-55.686767578125,-9.843780206255886],[-55.699658203125,-9.817217706255889],[-55.7060546875,-9.81072356563088],[-55.71293945312499,-9.80803801875588],[-55.728515625,-9.80657317500588],[-55.73583984375,-9.805010675005889],[-55.74895019531249,-9.798858331255886],[-55.77543945312499,-9.78069426875588],[-55.82048339843749,-9.73357512813088],[-55.88754882812499,-9.68499114375588],[-55.91196289062499,-9.65935637813088],[-55.92124023437499,-9.652666925005889],[-55.92949218749999,-9.64983489375588],[-55.99658203125,-9.637530206255889],[-56.01123046875,-9.636748956255886],[-56.06987304687499,-9.643584893755886],[-56.10361328124999,-9.64299895625588],[-56.17998046874999,-9.628448175005886],[-56.28793945312499,-9.582549737505886],[-56.323486328125,-9.56072356563088],[-56.38566894531249,-9.50164153438088],[-56.42119140624999,-9.48113372188088],[-56.480419921875,-9.46917083125588],[-56.55209960937499,-9.441924737505886],[-56.58579101562499,-9.416338800005889],[-56.60551757812499,-9.407256768755886],[-56.69072265624999,-9.38128020625588],[-56.70988769531249,-9.38030364375588],[-56.75126953124999,-9.39714934688088],[-56.769677734374994,-9.39910247188088],[-56.785400390625,-9.392120050005886],[-56.79638671875,-9.37371184688088],[-56.82268066406249,-9.29705169063088],[-56.84384765624999,-9.260577081255889],[-56.873046875,-9.23772551875588],[-56.90739746093749,-9.228838800005889],[-57.01425781249999,-9.223955987505889],[-57.04582519531249,-9.21697356563088],[-57.06022949218749,-9.203936456255889],[-57.06503906249999,-9.18279387813088],[-57.07011718749999,-9.13713958125588],[-57.09228515625,-9.06560637813088],[-57.096826171874994,-9.05657317500588],[-57.107177734375,-9.045440362505886],[-57.14836425781249,-9.01213958125588],[-57.17758789062499,-8.980010675005886],[-57.19487304687499,-8.967608331255889],[-57.22038574218749,-8.96038176875588],[-57.27482910156249,-8.95525481563088],[-57.302197265625,-8.94915130000588],[-57.32512207031249,-8.93694426875588],[-57.33256835937499,-8.929522393755889],[-57.34514160156249,-8.91179778438088],[-57.442626953125,-8.81121184688088],[-57.47568359374999,-8.78435637813088],[-57.493408203125,-8.77507903438088],[-57.51311035156249,-8.77044036250588],[-57.55363769531249,-8.765655206255886],[-57.582763671875,-8.75286223750588],[-57.5958984375,-8.72918059688088],[-57.601318359375,-8.668780206255889],[-57.60307617187499,-8.66008880000588],[-57.62265624999999,-8.618194268755886],[-57.64267578124999,-8.587725518755889],[-57.648681640625,-8.569366143755886],[-57.65483398437499,-8.528155206255889],[-57.65708007812499,-8.46648528438088],[-57.66960449218749,-8.42815520625588],[-57.67197265624999,-8.407061456255889],[-57.66552734375,-8.341631768755889],[-57.666015625,-8.294952081255886],[-57.656982421875,-8.27581145625588],[-57.644677734374994,-8.25798919063088],[-57.63413085937499,-8.236846612505886],[-57.633544921875,-8.222002862505889],[-57.63945312499999,-8.20720794063088],[-57.65690917968749,-8.180010675005889],[-57.668701171875,-8.16570403438088],[-57.69736328124999,-8.145049737505886],[-57.710693359375,-8.132647393755889],[-57.748046875,-8.06975676875588],[-57.75664062499999,-8.059112237505886],[-57.7861328125,-8.03020598750588],[-57.79345703125,-8.01677825313088],[-57.79716796874999,-7.989776300005886],[-57.801220703125,-7.97551848750588],[-57.806396484375,-7.966338800005886],[-57.8193359375,-7.950225518755886],[-57.83354492187499,-7.92644622188088],[-57.83662109375,-7.918291925005889],[-57.83774414062499,-7.909991143755889],[-57.83610839843749,-7.90105559688088],[-57.82902832031249,-7.884307550005886],[-57.82670898437499,-7.87542083125588],[-57.82890624999999,-7.856280206255889],[-57.83837890625,-7.84221770625588],[-57.85107421875,-7.82976653438088],[-57.86279296875,-7.81487395625588],[-57.86979980468749,-7.79876067500588],[-57.88981933593749,-7.715850518755886],[-57.92001953124999,-7.65471770625588],[-57.93095703124999,-7.639190362505886],[-57.9697265625,-7.60125090938088],[-57.97819824218749,-7.584502862505886],[-57.98710937499999,-7.52190520625588],[-57.99423828124999,-7.50212981563088],[-58.003173828125,-7.48845794063088],[-58.03466796875,-7.454913018755889],[-58.04453124999999,-7.43938567500588],[-58.05795898437499,-7.404327081255886],[-58.06865234374999,-7.38884856563088],[-58.084716796875,-7.375811456255889],[-58.12016601562499,-7.35369231563088],[-58.13623046875,-7.340166925005889]]]}},{"type":"Feature","properties":{"role":"context_only","name":"","name_en":"","ne_id":1159121739},"geometry":{"type":"MultiLineString","coordinates":[[[-60.40410156249999,-14.68303801875588],[-60.39877929687499,-14.65935637813088],[-60.38583984374999,-14.644073175005886],[-60.36997070312499,-14.63030364375588],[-60.35563964843749,-14.611651300005889],[-60.35002441406249,-14.59099700313088],[-60.353759765625,-14.57439544063088],[-60.36997070312499,-14.542803643755889],[-60.33916015624999,-14.532549737505889],[-60.34458007812499,-14.49089934688088],[-60.37736816406249,-14.41985442500588],[-60.392041015625,-14.356963800005886],[-60.40068359374999,-14.340655206255889],[-60.45500488281249,-14.29656340938088],[-60.465087890625,-14.27825286250588],[-60.46635742187499,-14.25090911250588],[-60.46274414062499,-14.22380950313088],[-60.463134765625,-14.198272393755886],[-60.47641601562499,-14.17595794063088],[-60.47966308593749,-14.16253020625588],[-60.47844238281249,-14.139971612505889],[-60.47421874999999,-14.11712005000588],[-60.468994140625,-14.103545831255886],[-60.462158203125,-14.09856536250588],[-60.43798828125,-14.091827081255886],[-60.420166015625,-14.07683684688088],[-60.41015625,-14.05510833125588],[-60.39726562499999,-14.008330987505886]]]}},{"type":"Feature","properties":{"role":"context_only","name":"Iriri","name_en":"Iriri","ne_id":1159121779},"geometry":{"type":"MultiLineString","coordinates":[[[-54.67119140624999,-9.275713800005889],[-54.67973632812499,-9.28948333125588],[-54.68369140624999,-9.306670831255886],[-54.68491210937499,-9.37249114375588],[-54.682080078125,-9.39177825313088],[-54.67197265624999,-9.406768487505886],[-54.65009765625,-9.41961028438088],[-54.581787109375,-9.43279387813088],[-54.564453125,-9.443877862505886],[-54.556396484375,-9.460772393755889],[-54.54374999999999,-9.505889581255886],[-54.53403320312499,-9.522002862505886],[-54.52531738281249,-9.52752044063088],[-54.519677734374994,-9.52654387813088],[-54.51425781249999,-9.523272393755889],[-54.506103515625,-9.522002862505886],[-54.49504394531249,-9.52483489375588],[-54.46916503906249,-9.53630950313088],[-54.447509765625,-9.540557550005886],[-54.345458984375,-9.61248137813088],[-54.33173828125,-9.61760833125588],[-54.30864257812499,-9.62151458125588],[-54.296630859375,-9.631377862505886],[-54.28012695312499,-9.659209893755886],[-54.26311035156249,-9.676299737505886],[-54.25517578124999,-9.680205987505886],[-54.25,-9.675811456255886],[-54.24619140624999,-9.668975518755886],[-54.24228515624999,-9.66545989375588],[-54.22758789062499,-9.668780206255889],[-54.21574707031249,-9.67424895625588],[-54.20444335937499,-9.67522551875588],[-54.19140625,-9.66545989375588],[-54.18291015624999,-9.67083098750588],[-54.16083984375,-9.67717864375588],[-54.15043945312499,-9.686553643755886],[-54.14140624999999,-9.68084075313088],[-54.117138671875,-9.681182550005886],[-54.10576171874999,-9.676299737505886],[-54.08798828124999,-9.660186456255886],[-54.07841796874999,-9.65813567500588],[-54.06791992187499,-9.66545989375588],[-54.055908203125,-9.66253020625588],[-54.04716796874999,-9.663409112505889],[-54.039306640625,-9.66277434688088],[-54.030029296875,-9.655791925005886],[-54.02177734374999,-9.64519622188088],[-54.0185546875,-9.637530206255889],[-54.01328124999999,-9.61760833125588],[-53.978515625,-9.53630950313088],[-53.97998046875,-9.53997161250588],[-53.98046875,-9.543487237505886],[-53.98193359375,-9.54680755000588],[-53.98593749999999,-9.54998137813088],[-53.9853515625,-9.54119231563088],[-53.982861328125,-9.53435637813088],[-53.97832031249999,-9.528350518755886],[-53.9716796875,-9.522002862505886],[-53.96484375,-9.52947356563088],[-53.96445312499999,-9.518389581255889],[-53.96835937499999,-9.510284112505886],[-53.97578125,-9.50481536250588],[-53.98593749999999,-9.50164153438088],[-53.97050781249999,-9.48137786250588],[-53.95976562499999,-9.46062590938088],[-53.94438476562499,-9.41961028438088],[-53.95371093749999,-9.390166925005886],[-53.940673828125,-9.36956145625588],[-53.91582031249999,-9.35491301875588],[-53.87358398437499,-9.33635833125588],[-53.86638183593749,-9.330596612505886],[-53.84848632812499,-9.29998137813088],[-53.84116210937499,-9.292998956255886],[-53.830517578125,-9.28923919063088],[-53.81401367187499,-9.28923919063088],[-53.81328124999999,-9.27312590938088],[-53.76123046875,-9.244659112505886],[-53.7451171875,-9.227862237505889],[-53.73894042968749,-9.227862237505889],[-53.72746582031249,-9.230791925005889],[-53.71782226562499,-9.21941497188088],[-53.70419921874999,-9.19304778438088],[-53.69877929687499,-9.189971612505886],[-53.68686523437499,-9.18694426875588],[-53.680908203125,-9.18279387813088],[-53.67612304687499,-9.176104425005889],[-53.67138671875,-9.162432550005889],[-53.65886230468749,-9.145830987505889],[-53.64013671875,-9.114288018755886],[-53.63652343749999,-9.100616143755886],[-53.63364257812499,-9.093584893755889],[-53.62004394531249,-9.07683684688088],[-53.61540527343749,-9.06951262813088],[-53.61333007812499,-9.061065362505886],[-53.61142578124999,-9.04436614375588],[-53.60856933593749,-9.03606536250588],[-53.627685546875,-9.032549737505889],[-53.623291015625,-9.020049737505886],[-53.58073730468749,-8.977569268755886],[-53.567626953125,-8.96038176875588],[-53.53349609374999,-8.93303801875588],[-53.52934570312499,-8.93059661250588],[-53.52336425781249,-8.92839934688088],[-53.517333984375,-8.925323175005886],[-53.51298828124999,-8.919952081255886],[-53.51298828124999,-8.914385675005889],[-53.51513671875,-8.90715911250588],[-53.51774902343749,-8.90105559688088],[-53.51923828125,-8.89885833125588],[-53.51318359375,-8.889678643755886],[-53.50908203124999,-8.88665130000588],[-53.50334472656249,-8.884600518755889],[-53.47202148437499,-8.86589934688088],[-53.46030273437499,-8.86394622188088],[-53.42363281249999,-8.87102630000588],[-53.43107910156249,-8.86467864375588],[-53.42050781249999,-8.855987237505886],[-53.41386718749999,-8.84514739375588],[-53.410400390625,-8.83196380000588],[-53.409326171874994,-8.81633880000588],[-53.40625,-8.818389581255886],[-53.40537109374999,-8.81853606563088],[-53.40312499999999,-8.82317473750588],[-53.36662597656249,-8.77800872188088],[-53.36215820312499,-8.765166925005886],[-53.3662109375,-8.74407317500588],[-53.39633789062499,-8.692217706255889],[-53.4267578125,-8.65422942500588],[-53.43107910156249,-8.64153411250588],[-53.444091796875,-8.56243255000588],[-53.44970703125,-8.54583098750588],[-53.458251953125,-8.53337981563088],[-53.48198242187499,-8.511260675005886],[-53.49423828124999,-8.49578215938088],[-53.49755859375,-8.48162200313088],[-53.49870605468749,-8.447100518755889],[-53.506591796875,-8.43328215938088],[-53.51823730468749,-8.420440362505886],[-53.52446289062499,-8.406280206255886],[-53.51054687499999,-8.37273528438088],[-53.51298828124999,-8.316729425005889],[-53.496826171875,-8.27654387813088],[-53.4912109375,-8.254717706255889],[-53.49931640624999,-8.22039153438088],[-53.49736328124999,-8.193877862505886],[-53.49204101562499,-8.167510675005886],[-53.48569335937499,-8.15154387813088],[-53.471826171874994,-8.14202239375588],[-53.42343749999999,-8.121416925005889],[-53.40625,-8.117510675005889],[-53.39697265625,-8.110186456255889],[-53.36088867187499,-8.07244231563088],[-53.34912109375,-8.05535247188088],[-53.34228515625,-8.01091887813088],[-53.26914062499999,-7.927569268755889],[-53.25449218749999,-7.89568450313088],[-53.25351562499999,-7.860674737505889],[-53.26889648437499,-7.824541925005889],[-53.314208984375,-7.774737237505889],[-53.326904296875,-7.756377862505886],[-53.41147460937499,-7.51799895625588],[-53.426025390625,-7.48919036250588],[-53.44467773437499,-7.46331145625588],[-53.47836914062499,-7.427569268755889],[-53.49406738281249,-7.402666925005889],[-53.50541992187499,-7.392413018755889],[-53.551513671875,-7.37297942500588],[-53.565576171874994,-7.36272551875588],[-53.57609863281249,-7.348663018755886],[-53.59099121093749,-7.316241143755889],[-53.60063476562499,-7.301299737505886],[-53.6513671875,-7.258819268755886],[-53.66635742187499,-7.24212005000588],[-53.67465820312499,-7.22722747188088],[-53.6796875,-7.21209075313088],[-53.6845703125,-7.17937590938088],[-53.69072265624999,-7.161944268755889],[-53.70280761718749,-7.152178643755889],[-53.735107421875,-7.138506768755889],[-53.78154296874999,-7.10442473750588],[-53.79833984375,-7.09563567500588],[-53.81523437499999,-7.09197356563088],[-53.82846679687499,-7.09050872188088],[-53.83676757812499,-7.084307550005889],[-53.83842773437499,-7.06633880000588],[-53.8095703125,-6.93523528438088],[-53.81193847656249,-6.88787200313088],[-53.86118164062499,-6.752276300005889],[-53.88322753906249,-6.71331145625588],[-53.93535156249999,-6.64226653438088],[-53.95439453124999,-6.601885675005889],[-53.97031249999999,-6.545928643755886],[-53.97502441406249,-6.53362395625588],[-53.9833984375,-6.47649505000588],[-53.99326171874999,-6.444659112505889],[-54.0078125,-6.41204192500588],[-54.0392578125,-6.30559661250588],[-54.04924316406249,-6.20647551875588],[-54.067138671875,-6.131377862505886],[-54.07504882812499,-6.055205987505886],[-54.0849609375,-6.026397393755886],[-54.10246582031249,-6.004229425005889],[-54.11572265625,-5.996612237505886],[-54.14555664062499,-5.98650481563088],[-54.15952148437499,-5.97966887813088],[-54.17221679687499,-5.969561456255889],[-54.18242187499999,-5.957354425005889],[-54.18994140625,-5.943389581255886],[-54.19443359374999,-5.927764581255886],[-54.19572753906249,-5.895342706255889],[-54.18815917968749,-5.83049895625588],[-54.19011230468749,-5.79778411250588],[-54.20988769531249,-5.71819426875588],[-54.21586914062499,-5.707842706255889],[-54.23203124999999,-5.68987395625588],[-54.238427734374994,-5.67986419063088],[-54.25737304687499,-5.60662200313088],[-54.27763671874999,-5.565752862505889],[-54.28012695312499,-5.55462005000588],[-54.280517578125,-5.533038018755889],[-54.281494140625,-5.525909112505886],[-54.29868164062499,-5.482940362505886],[-54.30551757812499,-5.44304778438088],[-54.31645507812499,-5.422686456255889],[-54.34843749999999,-5.38323333125588],[-54.36601562499999,-5.346709893755886],[-54.38706054687499,-5.25945403438088],[-54.40366210937499,-5.218780206255886],[-54.42626953125,-5.19060637813088],[-54.43498535156249,-5.17522551875588],[-54.44003906249999,-5.133819268755886],[-54.4443359375,-5.11687590938088],[-54.45061035156249,-5.102080987505886],[-54.45830078124999,-5.08904387813088],[-54.49936523437499,-5.044268487505889],[-54.506103515625,-5.030108331255889],[-54.51042480468749,-5.00896575313088],[-54.52109374999999,-4.99675872188088],[-54.54770507812499,-4.97918059688088],[-54.571533203125,-4.936553643755886],[-54.56416015625,-4.89763762813088],[-54.53813476562499,-4.86516692500588],[-54.506103515625,-4.842120050005889],[-54.46240234375,-4.81780364375588],[-54.441650390625,-4.80339934688088],[-54.400634765625,-4.76433684688088],[-54.38315429687499,-4.75237395625588],[-54.34221191406249,-4.732256768755889],[-54.312939453125,-4.714873956255886],[-54.30126953125,-4.711748956255889],[-54.28935546874999,-4.712920831255886],[-54.27841796874999,-4.71770598750588],[-54.26933593749999,-4.722979425005889],[-54.26311035156249,-4.725420831255889],[-54.25419921874999,-4.727569268755886],[-54.234130859375,-4.736846612505886],[-54.18632812499999,-4.74553801875588],[-54.17778320312499,-4.745928643755889],[-54.15629882812499,-4.734209893755889],[-54.145751953125,-4.715166925005889],[-54.13837890625,-4.69353606563088],[-54.12626953124999,-4.673858331255886],[-54.122314453125,-4.66545989375588],[-54.12119140624999,-4.655303643755886],[-54.11923828124999,-4.647002862505886],[-54.11259765624999,-4.64348723750588],[-54.1064453125,-4.64226653438088],[-54.10344238281249,-4.639678643755886],[-54.1015625,-4.63713958125588],[-54.0986328125,-4.636065362505889],[-54.09238281249999,-4.63860442500588],[-54.08203125,-4.648955987505886],[-54.07470703125,-4.64959075313088],[-54.06120605468749,-4.643096612505886],[-54.05302734374999,-4.63445403438088],[-54.038818359375,-4.613116143755889],[-54.02880859375,-4.60442473750588],[-53.99448242187499,-4.584307550005889],[-53.98771972656249,-4.576983331255889],[-53.97714843749999,-4.56096770625588],[-53.9697265625,-4.55364348750588],[-53.96171874999999,-4.54900481563088],[-53.94467773437499,-4.541827081255889],[-53.9365234375,-4.53704192500588],[-53.92998046874999,-4.531280206255886],[-53.918212890625,-4.518096612505886],[-53.91166992187499,-4.512237237505886],[-53.89453125,-4.503252862505889],[-53.85722656249999,-4.49187590938088],[-53.84033203125,-4.48406340938088],[-53.83349609375,-4.47771575313088],[-53.82145996093749,-4.46282317500588],[-53.812744140625,-4.45671965938088],[-53.79184570312499,-4.452471612505889],[-53.769287109375,-4.45574309688088],[-53.74755859375,-4.46404387813088],[-53.70878906249999,-4.486163018755889],[-53.69450683593749,-4.487139581255889],[-53.680908203125,-4.479522393755886],[-53.61479492187499,-4.42913176875588],[-53.59765625,-4.419463800005886],[-53.57561035156249,-4.413116143755886],[-53.53125,-4.411944268755889],[-53.50847167968749,-4.40862395625588],[-53.48154296874999,-4.390655206255886],[-53.47265625,-4.363116143755889],[-53.46835937499999,-4.332354425005889],[-53.45524902343749,-4.30486419063088],[-53.445068359375,-4.29631926875588],[-53.42229003906249,-4.28142669063088],[-53.41362304687499,-4.271514581255886],[-53.40830078124999,-4.259307550005886],[-53.400390625,-4.23137786250588],[-53.39445800781249,-4.218291925005886],[-53.37614746093749,-4.19085051875588],[-53.368896484375,-4.17644622188088],[-53.364501953125,-4.16008880000588],[-53.36069335937499,-4.13567473750588],[-53.35654296874999,-4.12542083125588],[-53.34868164062499,-4.112627862505889],[-53.30681152343749,-4.063995050005886],[-53.25351562499999,-4.024248956255889],[-53.19296874999999,-3.99773528438088],[-53.129150390625,-3.988799737505886],[-53.03354492187499,-3.99285247188088],[-53.001708984375,-3.98943450313088],[-52.97265625,-3.9788388000058887],[-52.94809570312499,-3.96135833125588],[-52.88339843749999,-3.90178801875588],[-52.86113281249999,-3.887237237505886],[-52.83676757812499,-3.87957122188088],[-52.810791015625,-3.88298919063088],[-52.78159179687499,-3.89739348750588],[-52.76953125,-3.89959075313088],[-52.73710937499999,-3.8953427062558887],[-52.70087890625,-3.89470794063088],[-52.67448730468749,-3.88762786250588],[-52.63395996093749,-3.86028411250588],[-52.60869140624999,-3.85515715938088]]]}},{"type":"Feature","properties":{"role":"context_only","name":"Amapari","name_en":"Amapari","ne_id":1159121829},"geometry":{"type":"MultiLineString","coordinates":[[[-52.19711914062499,2.44293854374412],[-52.20541992187499,2.42511627811912],[-52.21611328124999,2.37726471561912],[-52.21762695312499,2.35700104374412],[-52.21440429687499,2.34247467655662],[-52.19028320312499,2.298358465619117],[-52.15263671874999,2.1939639343691084],[-52.119873046875,2.128192449994117],[-52.11174316406249,2.0911807312441084],[-52.1083984375,2.00348541874412],[-52.11459960937499,1.9181582703066198],[-52.11679687499999,1.9080752624941084],[-52.12666015625,1.8878848328066198],[-52.128857421875,1.877215887494117],[-52.124267578125,1.8685244812441084],[-52.09409179687499,1.839618231244117],[-52.057080078125,1.7700869812441198],[-52.042236328125,1.7318057312441084],[-52.03264160156249,1.6956240906191198],[-52.02587890625,1.6239688171816198],[-52.0205078125,1.6056582703066198],[-51.99702148437498,1.5750674499941084],[-51.99169921875,1.5550479187441084],[-51.99853515625,1.4901797546816198],[-51.99853515625,1.4554385437441084],[-52.00083007812499,1.446551824994117],[-52.00473632812499,1.4368350281191198],[-52.00639648437499,1.4270694031191198],[-51.99335937499998,1.3997256531191198],[-52.00009765624999,1.3834170593691084],[-52.02587890625,1.353045965619117],[-52.03378906249999,1.335956121869117],[-52.038330078125,1.3174502624941198],[-52.03496093749999,1.3030459656191198],[-52.01904296875,1.298358465619117],[-52.01904296875,1.2915713562441198],[-52.037353515625,1.2733828796816198],[-52.03532714843749,1.2510440124941198],[-52.02255859374999,1.2291934265566198],[-52.00847167968749,1.212420965619117],[-52.00244140625,1.1981143249941084],[-52.00712890624999,1.169696356244117],[-52.001953125,1.1571719421816198],[-51.995214843750006,1.1456973328066198],[-51.991943359375,1.130145574994117],[-51.99284667968749,1.1136416687441084],[-51.99853515625,1.0997988953066198],[-51.97490234374999,1.0944278015566198],[-51.965185546875006,1.090838934369117],[-51.95751953125,1.0855166687441198],[-51.937255859375,1.1024111999941084],[-51.927099609375006,1.1058291687441084],[-51.92277832031249,1.0963809265566198],[-51.91704101562499,1.0879580749941198],[-51.89013671875,1.0781924499941198],[-51.8818359375,1.0650088562441198],[-51.873876953125006,1.0691592468691198],[-51.85832519531249,1.068133856244117],[-51.84765625,1.0718447937441198],[-51.837500000000006,1.0603701843691198],[-51.82609863281249,1.0442569031191198],[-51.816748046875006,1.0274111999941198],[-51.8095703125,1.004657293744117],[-51.801123046875006,1.0089053406191084],[-51.79008789062499,1.0181826843691084],[-51.77880859375,1.0240420593691084],[-51.76872558593749,1.021502996869117],[-51.747900390625006,1.0070254578066198],[-51.74125976562499,1.0036074890566198],[-51.7275390625,1.0077578796816198],[-51.714599609375,1.014667059369117],[-51.70390624999999,1.0159854187441084],[-51.696875000000006,1.0036074890566198],[-51.690039062500006,1.0036074890566198],[-51.676367187500006,1.0377139343691084],[-51.669775390625006,1.0228213562441084],[-51.66887207031249,1.0047549499941084],[-51.665771484375,0.9895205749941169],[-51.633642578125006,0.9756045593691169],[-51.60954589843749,0.9572207703066198],[-51.59062499999999,0.9345889343691169],[-51.587011718750006,0.9141787781191084],[-51.59423828125,0.9070498718691198],[-51.613623046875006,0.9032656921816198],[-51.62114257812499,0.8937442078066198],[-51.61796874999999,0.8911807312441198],[-51.604736328125,0.8664004578066198],[-51.604589843750006,0.8542666687441169],[-51.576757812500006,0.7727236999941169],[-51.57683105468749,0.7654971374941084],[-51.5751953125,0.7592959656191169],[-51.566503906250006,0.7503115906191198],[-51.55913085937499,0.7470156921816198],[-51.53752441406249,0.7432803406191084],[-51.52897949218749,0.7428653015566198],[-51.513427734375,0.7457217468691084],[-51.49724121093749,0.7505069031191169],[-51.47905273437499,0.7514102234316198],[-51.457275390625,0.7428653015566198],[-51.45134277343749,0.7365176453066198],[-51.44189453125,0.7200381531191198],[-51.436132812500006,0.7155947937441169],[-51.42963867187498,0.7169863953066198],[-51.409423828125,0.7268252624941169],[-51.37651367187499,0.7359072937441198],[-51.36381835937499,0.7517276062441169],[-51.355810546875006,0.7700869812441198],[-51.347412109375,0.7844912781191198],[-51.30009765624999,0.8089053406191198],[-51.292822265625006,0.8220401062441169],[-51.289306640625,0.8396182312441169],[-51.2802734375,0.8585879578066198],[-51.26801757812498,0.8737979187441169],[-51.25493164062499,0.8800723328066198],[-51.23286132812498,0.8726260437441198],[-51.21904296874999,0.8561465515566198],[-51.20947265625,0.8396670593691198],[-51.19999999999999,0.8322207703066198],[-51.17919921875,0.8359561218691169],[-51.164306640625,0.8417422546816198],[-51.150244140625006,0.8419863953066198],[-51.10734863281249,0.8079287781191198],[-51.095068359375006,0.8071475281191169],[-51.08500976562499,0.8180606140566198],[-51.06689453125,0.8322207703066198],[-51.044531250000006,0.8399600281191084],[-51.031347656250006,0.8416690124941084],[-51.02214355468749,0.8489444031191198],[-50.99113769531249,0.9141787781191084],[-50.98796386718749,0.9189639343691169],[-50.980566406250006,0.9239444031191084],[-50.9775390625,0.9278506531191084],[-50.9775390625,0.9336123718691169],[-50.98505859374998,0.9434268249941198],[-50.984277343749994,0.9489199890566198],[-50.964208984375006,0.9658389343691169],[-50.9267578125,0.9679629578066198],[-50.908544921875006,0.9830996765566198],[-50.870214843750006,0.9466494812441084],[-50.84941406249999,0.9362246765566198],[-50.84033203125,0.9523379578066198],[-50.83574218749999,0.9735049499941084],[-50.82421875,0.9926211609316198],[-50.808691406250006,1.0077578796816198],[-50.79252929687499,1.0172793640566198],[-50.73356933593749,1.0338809265566198],[-50.7236328125,1.0411319031191084],[-50.712988281250006,1.0455264343691084],[-50.64301757812498,1.0282656921816198],[-50.63623046875,1.0252627624941084],[-50.63200683593749,1.0267276062441084],[-50.62744140625,1.0377139343691084],[-50.637060546875006,1.0587832703066198],[-50.64140624999999,1.0725772156191198],[-50.637939453125,1.078631903119117],[-50.55974121093749,1.0929629578066198],[-50.54511718749998,1.0935733093691198],[-50.53955078125,1.0923526062441198],[-50.53544921874999,1.0878360046816198],[-50.525000000000006,1.078631903119117],[-50.52055664062499,1.0725772156191198],[-50.5087890625,1.0609072937441084],[-50.49650878906249,1.0573184265566198],[-50.490820312500006,1.0752627624941198],[-50.48749999999998,1.0939395203066198],[-50.467871093750006,1.1449649109316198],[-50.45673828124998,1.1605899109316198],[-50.434326171875,1.1671817078066198],[-50.413818359375,1.156756903119117],[-50.392431640625006,1.1413028015566198],[-50.36735839843749,1.133319403119117],[-50.340576171875,1.1410586609316198],[-50.334082031250006,1.1613223328066198],[-50.340087890625,1.215838934369117],[-50.33173828124998,1.2429873718691198],[-50.31267089843749,1.2599551453066198],[-50.286865234375,1.2701358093691084],[-50.25810546874999,1.2772891296816198],[-50.17167968749999,1.2865664734316198],[-50.15507812499999,1.298358465619117],[-50.132910156250006,1.2638613953066198],[-50.13496093749998,1.2271670593691084],[-50.12797851562499,1.2002627624941198],[-50.079345703125,1.1953799499941198],[-49.997412109375006,1.2090518249941198],[-49.9765625,1.2176455749941084],[-49.9365234375,1.2442080749941198],[-49.91552734375,1.250018621869117]]]}},{"type":"Feature","properties":{"role":"context_only","name":"Putumayo","name_en":"Putumayo","ne_id":1159121879},"geometry":{"type":"MultiLineString","coordinates":[[[-76.866455078125,1.3052432312441198],[-76.86320800781249,1.295917059369117],[-76.8544921875,1.2841250671816198],[-76.852783203125,1.2772891296816198],[-76.85498046875,1.2656924499941198],[-76.85966796874999,1.258075262494117],[-76.86430664062499,1.2523867859316198],[-76.866455078125,1.2468936218691198],[-76.86923828124999,1.2252139343691084],[-76.87680664062499,1.2091738953066198],[-76.887939453125,1.197284246869117],[-76.90117187499999,1.1878604187441084],[-76.918701171875,1.1807803406191084],[-76.96086425781249,1.1690127624941198],[-76.97966308593749,1.157489324994117],[-76.99350585937499,1.1365420593691198],[-76.98813476562499,1.1207949890566198],[-76.97275390624999,1.1090029968691084],[-76.95639648437499,1.0997988953066198],[-76.933349609375,1.0819766296816198],[-76.91020507812499,1.0572451843691084],[-76.88933105468749,1.0278994812441198],[-76.861572265625,0.9727725281191084],[-76.857177734375,0.9660098328066198],[-76.8341796875,0.9390322937441198],[-76.78508300781249,0.8966006531191084],[-76.71220703124999,0.8039004578066198],[-76.67734374999999,0.7710635437441198],[-76.64389648437499,0.7571475281191198],[-76.63525390625,0.7483584656191198],[-76.60629882812499,0.6950869812441169],[-76.57976074218749,0.6762149109316198],[-76.56943359374999,0.6636416687441198],[-76.565380859375,0.6438662781191198],[-76.560546875,0.5750674499941084],[-76.55209960937499,0.5416934265566198],[-76.53745117187499,0.5163028015566198],[-76.50390625,0.49708893436911694],[-76.50229492187499,0.4940127624941084],[-76.50151367187499,0.4892031921816198],[-76.49931640624999,0.4848086609316198],[-76.493359375,0.4827822937441084],[-76.486572265625,0.48414948124411694],[-76.48291015625,0.48610260624411694],[-76.47934570312499,0.4854190124941198],[-76.47258300781249,0.4790713562441198],[-76.45810546874999,0.4699160828066198],[-76.44467773437499,0.4663760437441198],[-76.43767089843749,0.4616153015566198],[-76.44248046874999,0.4486758484316198],[-76.43613281249999,0.4407901062441084],[-76.43339843749999,0.4345156921816198],[-76.433349609375,0.42848541874411694],[-76.43505859375,0.4207217468691198],[-76.443359375,0.42555573124411694],[-76.448974609375,0.4275576843691198],[-76.45463867187499,0.4262149109316198],[-76.46298828124999,0.4207217468691198],[-76.452392578125,0.4138858093691198],[-76.43876953124999,0.4079043640566198],[-76.42343749999999,0.4032656921816198],[-76.40771484375,0.4002139343691198],[-76.38608398437499,0.40162994999411694],[-76.375439453125,0.4036319031191198],[-76.36613769531249,0.4070986999941084],[-76.34130859375,0.4367129578066198],[-76.33574218749999,0.44191315311911694],[-76.330517578125,0.4450137390566198],[-76.31235351562499,0.4586123718691084],[-76.30126953125,0.4617373718691198],[-76.291259765625,0.4573428406191198],[-76.26372070312499,0.4281680359316198],[-76.244384765625,0.4155947937441198],[-76.22446289062499,0.4069278015566198],[-76.202880859375,0.40187409061911694],[-76.17841796875,0.4002139343691198],[-76.15659179687499,0.40138580936911694],[-76.145458984375,0.4005069031191084],[-76.13706054687499,0.3967959656191198],[-76.131103515625,0.3862979187441198],[-76.12548828125,0.3598086609316198],[-76.120361328125,0.3518740906191198],[-76.10205078125,0.35280182499411694],[-76.07675781249999,0.3609561218691084],[-76.05424804687499,0.36378815311911694],[-76.04460449218749,0.3487490906191084],[-76.04033203124999,0.3368594421816198],[-75.97324218749999,0.2520205749941198],[-75.96826171875,0.23952057499411694],[-75.96372070312499,0.22016022343161978],[-75.95273437499999,0.20412018436911694],[-75.92790527343749,0.18109772343161978],[-75.867138671875,0.14362213749411978],[-75.85874023437499,0.12990143436911694],[-75.818603515625,0.10021393436910842],[-75.79052734375,0.08454010624411978],[-75.77397460937499,0.07794830936911978],[-75.754638671875,0.07318756718161978],[-75.732421875,0.07130768436911694],[-75.70939941406249,0.07355377811911978],[-75.666259765625,0.08336823124410842],[-75.64738769531249,0.08556549686910842],[-75.62753906249999,0.07912018436911694],[-75.61166992187499,0.06488678593161978],[-75.59897460937499,0.050482489056619784],[-75.58872070312499,0.04396393436911694],[-75.57089843749999,0.038202215619108415],[-75.523876953125,-0.0038388000058802163],[-75.46574707031249,-0.039605401568380216],[-75.441650390625,-0.047979425005891585],[-75.42216796874999,-0.0620419250058859],[-75.3662109375,-0.07268645625588022],[-75.30266113281249,-0.09587981563088022],[-75.28427734374999,-0.10681731563089158],[-75.26909179687499,-0.1015927062558859],[-75.25334472656249,-0.0893856750058859],[-75.24091796875,-0.07463958125588022],[-75.23588867187499,-0.06184661250588874],[-75.23247070312499,-0.042535089068380216],[-75.22282714843749,-0.03220794063088306],[-75.20756835937499,-0.028936456255891585],[-75.18742675781249,-0.031133721880891585],[-75.14243164062499,-0.043340753130891585],[-75.12138671874999,-0.053887628130880216],[-75.10239257812499,-0.06897551875589158],[-75.06303710937499,-0.12297942500588022],[-75.051513671875,-0.13420989375588022],[-75.04301757812499,-0.13713958125588022],[-75.02548828124999,-0.13762786250588022],[-75.01616210937499,-0.14031340938088022],[-75.00986328124999,-0.1450497375058859],[-74.968994140625,-0.1894833312558859],[-74.95566406249999,-0.19988372188088022],[-74.93417968749999,-0.20930755000588874],[-74.90009765625,-0.21672942500588022],[-74.883544921875,-0.22258880000588022],[-74.87353515625,-0.22185637813088022],[-74.86215820312499,-0.2129208312558859],[-74.83725585937499,-0.17317473750588874],[-74.825439453125,-0.17034270625588022],[-74.80449218749999,-0.18879973750588874],[-74.79020996093749,-0.20891692500588022],[-74.75603027343749,-0.27815520625588874],[-74.78354492187499,-0.2990048156308802],[-74.79143066406249,-0.3124325500058802],[-74.77373046874999,-0.3185360656308802],[-74.763427734375,-0.31965911250588874],[-74.74374999999999,-0.3247372375058859],[-74.71892089843749,-0.3270809875058802],[-74.712646484375,-0.3301083312558859],[-74.70842285156249,-0.3345028625058859],[-74.70146484374999,-0.33967864375588874],[-74.69638671874999,-0.3444149718808802],[-74.693359375,-0.3495419250058802],[-74.68730468749999,-0.3532040343808802],[-74.67351074218749,-0.3539364562558802],[-74.66845703125,-0.3514950500058802],[-74.66215820312499,-0.3466122375058802],[-74.65390624999999,-0.3417294250058802],[-74.64306640625,-0.33967864375588874],[-74.633544921875,-0.3471981750058859],[-74.605224609375,-0.39485442500588874],[-74.56315917968749,-0.43928801875588874],[-74.537109375,-0.45979583125588874],[-74.47641601562499,-0.4962704406308802],[-74.46452636718749,-0.5066708312558887],[-74.45126953124999,-0.5214169250058802],[-74.442626953125,-0.5354794250058887],[-74.43730468749999,-0.5376278625058859],[-74.42368164062499,-0.5382626281308802],[-74.41874999999999,-0.5425106750058859],[-74.41660156249999,-0.5524227843808802],[-74.41538085937499,-0.5639950500058859],[-74.41342773437499,-0.5729305968808802],[-74.36564941406249,-0.6761044250058887],[-74.36801757812499,-0.6830380187558802],[-74.38090820312499,-0.6941708312558887],[-74.38554687499999,-0.7026669250058859],[-74.38583984374999,-0.7218563781308802],[-74.37900390624999,-0.7363583312558859],[-74.34506835937499,-0.7738583312558802],[-74.33837890625,-0.7783505187558859],[-74.32861328125,-0.7812802062558859],[-74.311279296875,-0.7817684875058859],[-74.30356445312499,-0.7851864562558859],[-74.31137695312499,-0.8012997375058859],[-74.30551757812499,-0.8129208312558802],[-74.29533691406249,-0.8235653625058887],[-74.28989257812499,-0.8361141906308802],[-74.2958984375,-0.8471981750058859],[-74.309814453125,-0.8471981750058859],[-74.325927734375,-0.8444149718808802],[-74.33837890625,-0.8467098937558859],[-74.34521484375,-0.8584286437558859],[-74.339111328125,-0.8676083312558802],[-74.31416015625,-0.8842098937558802],[-74.30412597656249,-0.8976376281308802],[-74.28989257812499,-0.9429013000058859],[-74.267578125,-0.9721005187558802],[-74.240966796875,-0.9866513000058887],[-74.18132324218749,-0.9974911437558802],[-74.120361328125,-1.0208309875058887],[-74.09311523437499,-1.0199520812558802],[-74.07763671875,-0.9906552062558802],[-74.06621093749999,-1.0013973937558802],[-74.04282226562499,-1.0709774718808802],[-74.03793945312499,-1.0795223937558802],[-74.02988281249999,-1.0862606750058887],[-74.017578125,-1.091338800005886],[-74.01181640624999,-1.089873956255886],[-74.00664062499999,-1.0847958312558887],[-73.99570312499999,-1.0795223937558802],[-73.992138671875,-1.0751278625058802],[-73.98857421874999,-1.0687802062558802],[-73.98349609374999,-1.0660946593808802],[-73.97526855468749,-1.073272393755886],[-73.97412109375,-1.0814755187558802],[-73.98344726562499,-1.0990536437558802],[-73.98203124999999,-1.1073544250058802],[-73.96835937499999,-1.1146786437558802],[-73.93718261718749,-1.1075985656308802],[-73.920654296875,-1.1136044250058887],[-73.91484374999999,-1.1228817687558887],[-73.89951171874999,-1.162627862505886],[-73.88151855468749,-1.1907528625058887],[-73.871826171875,-1.201202081255886],[-73.85791015625,-1.2103817687558802],[-73.83122558593749,-1.219756768755886],[-73.81523437499999,-1.223174737505886],[-73.80332031249999,-1.2234677062558887],[-73.78662109375,-1.2141903625058887],[-73.7705078125,-1.1887997375058887],[-73.75554199218749,-1.183135675005886],[-73.74711914062499,-1.2011044250058802],[-73.733154296875,-1.216338800005886],[-73.71416015624999,-1.2269833312558802],[-73.69096679687499,-1.2308895812558802],[-73.67985839843749,-1.2340634093808802],[-73.660888671875,-1.2482235656308802],[-73.63737792968749,-1.2550595031308802],[-73.63212890624999,-1.2639950500058887],[-73.62956542968749,-1.274932550005886],[-73.622314453125,-1.2904598937558802],[-73.62080078125,-1.3014462218808802],[-73.61894531249999,-1.3059872375058887],[-73.614990234375,-1.3068173156308802],[-73.60166015624999,-1.3051083312558802],[-73.597900390625,-1.3059872375058887],[-73.5947265625,-1.3131649718808802],[-73.59282226562499,-1.3216122375058887],[-73.59165039062499,-1.3431942687558802],[-73.58969726562499,-1.350127862505886],[-73.58500976562499,-1.3582333312558887],[-73.579345703125,-1.3646786437558802],[-73.56364746093749,-1.3720028625058802],[-73.56853027343749,-1.3825009093808802],[-73.584228515625,-1.4016903625058887],[-73.57499999999999,-1.4166805968808802],[-73.53789062499999,-1.434112237505886],[-73.52670898437499,-1.4515927062558802],[-73.50566406249999,-1.4671200500058887],[-73.49790039062499,-1.4778622375058887],[-73.49602050781249,-1.4877255187558802],[-73.49619140624999,-1.4983700500058887],[-73.494873046875,-1.5114071593808802],[-73.48427734375,-1.5531552062558802],[-73.48527832031249,-1.572295831255886],[-73.50957031249999,-1.5867489562558887],[-73.51823730468749,-1.6018856750058887],[-73.52958984374999,-1.6349423156308802],[-73.53173828125,-1.6736630187558887],[-73.51171875,-1.6984188781308802],[-73.447021484375,-1.7379696593808802],[-73.445556640625,-1.741729425005886],[-73.44230957031249,-1.7550595031308802],[-73.44084472656249,-1.7584774718808802],[-73.43620605468749,-1.759307550005886],[-73.42521972656249,-1.7579891906308802],[-73.41098632812499,-1.7596005187558887],[-73.39995117187499,-1.7589657531308802],[-73.38779296874999,-1.7606747375058802],[-73.37534179687499,-1.7687313781308802],[-73.351318359375,-1.790557550005886],[-73.341064453125,-1.7919247375058802],[-73.33342285156249,-1.7809384093808802],[-73.31730957031249,-1.7653134093808802],[-73.302001953125,-1.7633602843808802],[-73.26848144531249,-1.7721493468808802],[-73.26206054687499,-1.7687313781308802],[-73.25798339843749,-1.742217706255886],[-73.247802734375,-1.742217706255886],[-73.22111816406249,-1.7721493468808802],[-73.21142578125,-1.7791317687558887],[-73.2021484375,-1.7831356750058802],[-73.193798828125,-1.7885067687558802],[-73.18701171875,-1.7994930968808802],[-73.19443359374999,-1.8367489562558887],[-73.18916015625,-1.8505184875058802],[-73.165478515625,-1.8782528625058887],[-73.15966796875,-1.895049737505886],[-73.16191406249999,-1.9042294250058802],[-73.17197265624999,-1.9293759093808802],[-73.17333984375,-1.943389581255886],[-73.16948242187499,-1.9591610656308802],[-73.16276855468749,-1.9723446593808802],[-73.14536132812499,-1.998077081255886],[-73.13859863281249,-2.016631768755886],[-73.13310546874999,-2.03972747188088],[-73.12534179687499,-2.060577081255886],[-73.11186523437499,-2.07317473750588],[-73.141357421875,-2.121612237505886],[-73.15068359374999,-2.14348723750588],[-73.18701171875,-2.17620208125588],[-73.196044921875,-2.187041925005886],[-73.19931640624999,-2.1936825500058887],[-73.20061035156249,-2.20354583125588],[-73.19853515624999,-2.213409112505886],[-73.18916015625,-2.228545831255886],[-73.18701171875,-2.23455169063088],[-73.183837890625,-2.2395809875058887],[-73.17021484374999,-2.24993255000588],[-73.16708984374999,-2.25530364375588],[-73.16220703124999,-2.285186456255886],[-73.15966796875,-2.29290130000588],[-73.14323730468749,-2.30388762813088],[-73.09965820312499,-2.3147763000058887],[-73.0908203125,-2.32366301875588],[-73.08457031249999,-2.3450497375058887],[-73.07145996093749,-2.333038018755886],[-73.05961914062499,-2.31047942500588],[-73.05722656249999,-2.29973723750588],[-72.98833007812499,-2.33757903438088],[-72.98505859375,-2.34319426875588],[-72.97050781249999,-2.35588958125588],[-72.95361328125,-2.4021786437558887],[-72.94401855468749,-2.41887786250588],[-72.93613281249999,-2.42522551875588],[-72.92692871093749,-2.4251278625058887],[-72.884521484375,-2.41668059688088],[-72.87070312499999,-2.41155364375588],[-72.858837890625,-2.4002255187558887],[-72.83024902343749,-2.39006926875588],[-72.805419921875,-2.37761809688088],[-72.78874511718749,-2.38347747188088],[-72.762451171875,-2.4021786437558887],[-72.75981445312499,-2.38982512813088],[-72.75498046874999,-2.380401300005886],[-72.74687499999999,-2.3733700500058887],[-72.73447265624999,-2.36736419063088],[-72.7294921875,-2.374541925005886],[-72.72539062499999,-2.38323333125588],[-72.72250976562499,-2.393584893755886],[-72.71909179687499,-2.4197567687558887],[-72.71318359374999,-2.42205169063088],[-72.69663085937499,-2.41643645625588],[-72.68393554687499,-2.4046200500058887],[-72.65756835937499,-2.35003020625588],[-72.64511718749999,-2.33391692500588],[-72.626708984375,-2.3367489562558887],[-72.609130859375,-2.346221612505886],[-72.56376953124999,-2.382842706255886],[-72.544921875,-2.38884856563088],[-72.4423828125,-2.40496184688088],[-72.43344726562499,-2.41277434688088],[-72.42827148437499,-2.424834893755886],[-72.4150390625,-2.43694426875588],[-72.39731445312499,-2.446319268755886],[-72.378857421875,-2.4505184875058887],[-72.35637207031249,-2.448760675005886],[-72.31640625,-2.43816497188088],[-72.293212890625,-2.43572356563088],[-72.284619140625,-2.43303801875588],[-72.28178710937499,-2.4261044250058887],[-72.28256835937499,-2.4055966125058887],[-72.27744140624999,-2.40129973750588],[-72.25175781249999,-2.39617278438088],[-72.24169921875,-2.3953427062558887],[-72.177197265625,-2.410186456255886],[-72.16220703124999,-2.4055966125058887],[-72.1181640625,-2.35491301875588],[-72.09018554687499,-2.33074309688088],[-72.062255859375,-2.319854425005886],[-72.02971191406249,-2.319366143755886],[-71.967041015625,-2.3284481750058887],[-71.94938964843749,-2.3240536437558887],[-71.93710937499999,-2.31170012813088],[-71.93254394531249,-2.28948333125588],[-71.92514648437499,-2.28167083125588],[-71.8779296875,-2.24504973750588],[-71.841796875,-2.189971612505886],[-71.83696289062499,-2.17962005000588],[-71.82683105468749,-2.17888762813088],[-71.76865234374999,-2.142120050005886],[-71.74687499999999,-2.1321591125058887],[-71.7392578125,-2.1375302062558887],[-71.74077148437499,-2.17278411250588],[-71.73222656249999,-2.1897763000058887],[-71.71281738281249,-2.18670012813088],[-71.67929687499999,-2.16936614375588],[-71.65568847656249,-2.17351653438088],[-71.635986328125,-2.18547942500588],[-71.61735839843749,-2.199737237505886],[-71.59677734374999,-2.210967706255886],[-71.53911132812499,-2.222686456255886],[-71.52788085937499,-2.23137786250588],[-71.52304687499999,-2.2503231750058887],[-71.52177734374999,-2.29192473750588],[-71.51481933593749,-2.307159112505886],[-71.49887695312499,-2.314971612505886],[-71.4912109375,-2.30315520625588],[-71.48129882812499,-2.26555755000588],[-71.46738281249999,-2.25139739375588],[-71.457275390625,-2.254913018755886],[-71.439697265625,-2.28606536250588],[-71.416015625,-2.3162411437558887],[-71.41245117187499,-2.3264950500058887],[-71.41513671874999,-2.33489348750588],[-71.428955078125,-2.34734465938088],[-71.43291015624999,-2.35491301875588],[-71.421630859375,-2.37590911250588],[-71.38779296874999,-2.368682550005886],[-71.31621093749999,-2.33391692500588],[-71.30839843749999,-2.347686456255886],[-71.28984374999999,-2.343291925005886],[-71.26889648437499,-2.33220794063088],[-71.254150390625,-2.3264950500058887],[-71.24321289062499,-2.32903411250588],[-71.231201171875,-2.337920831255886],[-71.22062988281249,-2.34124114375588],[-71.20981445312499,-2.3391903625058887],[-71.19101562499999,-2.32439544063088],[-71.16269531249999,-2.30999114375588],[-71.1435546875,-2.262725518755886],[-71.12070312499999,-2.251983331255886],[-71.09294433593749,-2.24700286250588],[-71.079833984375,-2.24749114375588],[-71.054638671875,-2.2625302062558887],[-71.04216308593749,-2.265166925005886],[-71.03044433593749,-2.26384856563088],[-71.02141113281249,-2.25872161250588],[-71.03056640624999,-2.233428643755886],[-71.03271484375,-2.21062590938088],[-71.022216796875,-2.1966122375058887],[-70.99345703124999,-2.197295831255886],[-70.95102539062499,-2.21526458125588],[-70.926025390625,-2.22014739375588],[-70.90532226562499,-2.210967706255886],[-70.875,-2.22942473750588],[-70.82316894531249,-2.284698175005886],[-70.78862304687499,-2.307159112505886],[-70.75175781249999,-2.320342706255886],[-70.73325195312499,-2.324737237505886],[-70.70737304687499,-2.328155206255886],[-70.70219726562499,-2.333038018755886],[-70.69980468749999,-2.34099700313088],[-70.69975585937499,-2.3699520812558887],[-70.69597167968749,-2.37200286250588],[-70.66447753906249,-2.39812590938088],[-70.65825195312499,-2.4090145812558887],[-70.656982421875,-2.41912200313088],[-70.656982421875,-2.4329403625058887],[-70.65512695312499,-2.44524505000588],[-70.64836425781249,-2.4505184875058887],[-70.60710449218749,-2.4505184875058887],[-70.59941406249999,-2.44646575313088],[-70.59848632812499,-2.43694426875588],[-70.599365234375,-2.4256161437558887],[-70.59677734374999,-2.41643645625588],[-70.579345703125,-2.405303643755886],[-70.56625976562499,-2.41350676875588],[-70.55400390624999,-2.42791106563088],[-70.53850097656249,-2.43572356563088],[-70.5216796875,-2.4378231750058887],[-70.50273437499999,-2.4436825500058887],[-70.48520507812499,-2.45232512813088],[-70.47270507812499,-2.462920831255886],[-70.46684570312499,-2.47380950313088],[-70.46330566406249,-2.48406340938088],[-70.45781249999999,-2.49260833125588],[-70.446044921875,-2.4983700500058887],[-70.435546875,-2.49749114375588],[-70.412109375,-2.48723723750588],[-70.40097656249999,-2.4846981750058887],[-70.37956542968749,-2.484405206255886],[-70.35825195312499,-2.48674895625588],[-70.345703125,-2.49651458125588],[-70.35043945312499,-2.51824309688088],[-70.35532226562499,-2.52141692500588],[-70.372314453125,-2.527862237505886],[-70.37712402343749,-2.5325497375058887],[-70.37651367187499,-2.54094817500588],[-70.37163085937499,-2.5501278625058887],[-70.36533203124999,-2.5574520812558887],[-70.3603515625,-2.5603817687558887],[-70.33586425781249,-2.553741143755886],[-70.31577148437499,-2.54168059688088],[-70.296630859375,-2.53533294063088],[-70.27470703124999,-2.5462216125058887],[-70.26220703125,-2.56462981563088],[-70.24809570312499,-2.60711028438088],[-70.23686523437499,-2.62493255000588],[-70.21826171875,-2.63201262813088],[-70.20166015625,-2.6243466125058887],[-70.18461914062499,-2.61931731563088],[-70.16484374999999,-2.63494231563088],[-70.161865234375,-2.6448544250058887],[-70.16220703124999,-2.6551083312558887],[-70.16044921874999,-2.66375090938088],[-70.15117187499999,-2.668975518755886],[-70.14262695312499,-2.6668270812558887],[-70.13720703125,-2.6585263000058887],[-70.13266601562499,-2.6477841125058887],[-70.12700195312499,-2.63860442500588],[-70.10649414062499,-2.625030206255886],[-70.095703125,-2.632354425005886],[-70.08286132812499,-2.67644622188088],[-70.07651367187499,-2.6912411437558887],[-70.06816406249999,-2.70330169063088],[-70.05673828124999,-2.71233489375588],[-70.04130859374999,-2.71746184688088],[-69.93889160156249,-2.668975518755886],[-69.92521972656249,-2.685088800005886],[-69.92143554687499,-2.72356536250588],[-69.90788574218749,-2.73113372188088],[-69.889892578125,-2.72869231563088],[-69.86093749999999,-2.7161434875058887],[-69.84270019531249,-2.71062590938088],[-69.79729003906249,-2.7073544250058887],[-69.76352539062499,-2.718291925005886],[-69.74374999999999,-2.74602630000588],[-69.74028320312499,-2.79314544063088],[-69.74667968749999,-2.838409112505886],[-69.742138671875,-2.859893487505886],[-69.722900390625,-2.8689755187558887],[-69.70126953124999,-2.867705987505886],[-69.68999023437499,-2.8684872375058887],[-69.68193359374999,-2.87200286250588],[-69.67814941406249,-2.881866143755886],[-69.68115234375,-2.906768487505886],[-69.67880859374999,-2.91668059688088],[-69.67221679687499,-2.92034270625588],[-69.65234375,-2.920928643755886],[-69.64340820312499,-2.922881768755886],[-69.63779296874999,-2.92742278438088],[-69.62509765624999,-2.94060637813088],[-69.62016601562499,-2.943389581255886],[-69.61491699218749,-2.9456356750058887],[-69.61005859375,-2.9505184875058887],[-69.60332031249999,-2.9554013000058887],[-69.59257812499999,-2.95769622188088],[-69.58251953125,-2.95354583125588],[-69.57170410156249,-2.943877862505886],[-69.50175781249999,-2.84807708125588],[-69.472900390625,-2.8362606750058887],[-69.45166015625,-2.87517669063088],[-69.45256347656249,-2.89324309688088],[-69.46281738281249,-2.935577081255886],[-69.46249999999999,-2.946807550005886],[-69.44011230468749,-2.95452239375588],[-69.41879882812499,-2.940459893755886],[-69.39804687499999,-2.9187802062558887],[-69.377197265625,-2.90300872188088],[-69.35588378906249,-2.90105559688088],[-69.339111328125,-2.9085263000058887],[-69.32499999999999,-2.91814544063088],[-69.30576171874999,-2.9251278625058887],[-69.29233398437499,-2.9344052062558887],[-69.28410644531249,-2.936553643755886],[-69.21713867187499,-2.9378231750058887],[-69.20761718749999,-2.94109465938088],[-69.1984375,-2.950225518755886],[-69.1947265625,-2.96209075313088],[-69.19731445312499,-2.98699309688088],[-69.19501953125,-2.9949520812558887],[-69.174072265625,-3.0061825500058887],[-69.15903320312499,-3.00115325313088],[-69.13322753906249,-2.973174737505886],[-69.131103515625,-2.96868255000588],[-69.12761230468749,-2.96526458125588],[-69.11962890625,-2.96379973750588],[-69.109375,-2.9671200500058887],[-69.09428710937499,-2.98113372188088],[-69.07700195312499,-2.9876278625058887],[-69.06005859375,-3.00212981563088],[-69.051025390625,-3.005401300005886],[-69.016845703125,-3.005401300005886],[-69.00424804687499,-3.000030206255886],[-68.98715820312499,-2.976104425005886],[-68.97250976562499,-2.97063567500588],[-68.953369140625,-2.97698333125588],[-68.94719238281249,-2.991241143755886],[-68.945068359375,-3.00725676875588],[-68.937744140625,-3.01848723750588],[-68.9201171875,-3.020049737505886],[-68.90234375,-3.01116301875588],[-68.888671875,-2.9964169250058887],[-68.87680664062499,-2.96697356563088],[-68.86137695312499,-2.96013762813088],[-68.84228515625,-2.9578427062558887],[-68.82475585937499,-2.95769622188088],[-68.808349609375,-2.950225518755886],[-68.79960937499999,-2.932647393755886],[-68.79755859375,-2.91228606563088],[-68.80112304687499,-2.89617278438088],[-68.81103515625,-2.886748956255886],[-68.83725585937499,-2.88152434688088],[-68.849609375,-2.87517669063088],[-68.83530273437499,-2.8621395812558887],[-68.81845703124999,-2.86907317500588],[-68.79301757812499,-2.8748348937558887],[-68.76726074218749,-2.87664153438088],[-68.74968261718749,-2.87200286250588],[-68.73486328125,-2.86052825313088],[-68.72587890624999,-2.8562802062558887],[-68.71550292968749,-2.85466887813088],[-68.70476074218749,-2.8582333312558887],[-68.70068359375,-2.86638762813088],[-68.69792480468749,-2.8758114562558887],[-68.691357421875,-2.88250090938088],[-68.67661132812499,-2.88567473750588],[-68.670654296875,-2.88103606563088],[-68.66669921875,-2.873565362505886],[-68.65781249999999,-2.8689755187558887],[-68.64531249999999,-2.870147393755886],[-68.63330078125,-2.87590911250588],[-68.60458984374999,-2.89885833125588],[-68.59335937499999,-2.90349700313088],[-68.581787109375,-2.90447356563088],[-68.57182617187499,-2.89959075313088],[-68.5615234375,-2.88933684688088],[-68.555419921875,-2.88591887813088],[-68.53369140625,-2.888702081255886],[-68.50444335937499,-2.89592864375588],[-68.49272460937499,-2.89617278438088],[-68.48247070312499,-2.8933895812558887],[-68.467041015625,-2.88445403438088],[-68.45512695312499,-2.88250090938088],[-68.44394531249999,-2.8880184875058887],[-68.42534179687499,-2.91130950313088],[-68.41416015624999,-2.91668059688088],[-68.40439453124999,-2.9143856750058887],[-68.39926757812499,-2.90886809688088],[-68.39560546874999,-2.9021786437558887],[-68.38037109375,-2.8846005187558887],[-68.37387695312499,-2.88274505000588],[-68.36235351562499,-2.888702081255886],[-68.35600585937499,-2.8968075500058887],[-68.34929199218749,-2.90984465938088],[-68.343994140625,-2.923370050005886],[-68.33920898437499,-2.94304778438088],[-68.33286132812499,-2.95012786250588],[-68.31828613281249,-2.9607723937558887],[-68.310791015625,-2.96892669063088],[-68.29931640625,-2.98650481563088],[-68.28281249999999,-3.022979425005886],[-68.27397460937499,-3.029815362505886],[-68.25620117187499,-3.03215911250588],[-68.239501953125,-3.03118255000588],[-68.22543945312499,-3.028350518755886],[-68.19785156249999,-3.01848723750588],[-68.165283203125,-3.014190362505886],[-68.144287109375,-3.02605559688088],[-68.14169921874999,-3.047881768755886],[-68.16435546874999,-3.07366301875588],[-68.15097656249999,-3.08440520625588],[-68.134521484375,-3.0882138000058887],[-68.098876953125,-3.087432550005886],[-68.06486816406249,-3.09710051875588],[-68.028076171875,-3.11443450313088],[-67.98784179687499,-3.12127044063088],[-67.93173828124999,-3.09392669063088]]]}},{"type":"Feature","properties":{"role":"context_only","name":"Huallaga","name_en":"Huallaga","ne_id":1159121893},"geometry":{"type":"MultiLineString","coordinates":[[[-76.59433593749999,-10.57000090938088],[-76.59287109374999,-10.548663018755889],[-76.58549804687499,-10.52556731563088],[-76.57373046875,-10.504229425005889],[-76.55908203125,-10.48845794063088],[-76.54130859374999,-10.479327081255889],[-76.50273437499999,-10.468291925005886],[-76.48583984375,-10.45745208125588],[-76.48088378906249,-10.451006768755889],[-76.47404785156249,-10.436846612505889],[-76.46933593749999,-10.43035247188088],[-76.46208496093749,-10.42400481563088],[-76.43857421874999,-10.40862395625588],[-76.42529296875,-10.393584893755886],[-76.4072265625,-10.347491143755889],[-76.39731445312499,-10.33416106563088],[-76.35922851562499,-10.305987237505889],[-76.34990234374999,-10.29363372188088],[-76.3359375,-10.267120050005886],[-76.32700195312499,-10.255401300005886],[-76.313720703125,-10.245928643755889],[-76.26816406249999,-10.224932550005889],[-76.24741210937499,-10.20354583125588],[-76.21713867187499,-10.150225518755889],[-76.19938964843749,-10.12590911250588],[-76.18320312499999,-10.108233331255889],[-76.17485351562499,-10.09246184688088],[-76.17685546874999,-10.07463958125588],[-76.19189453125,-10.05095794063088],[-76.19780273437499,-10.045733331255889],[-76.20297851562499,-10.04338958125588],[-76.20744628906249,-10.03972747188088],[-76.21123046874999,-10.03020598750588],[-76.212158203125,-10.02019622188088],[-76.2099609375,-9.999346612505889],[-76.21062011718749,-9.988799737505886],[-76.21477050781249,-9.97698333125588],[-76.22661132812499,-9.95403411250588],[-76.23088378906249,-9.94207122188088],[-76.23320312499999,-9.91912200313088],[-76.22919921875,-9.89934661250588],[-76.21923828125,-9.881182550005889],[-76.20346679687499,-9.86370208125588],[-76.17905273437499,-9.84343840938088],[-76.15087890625,-9.82610442500588],[-76.12041015624999,-9.813995050005886],[-76.06967773437499,-9.805010675005889],[-76.05283203124999,-9.794268487505889],[-76.02353515624999,-9.769073175005886],[-75.98637695312499,-9.74871184688088],[-75.91806640624999,-9.72551848750588],[-75.85234374999999,-9.68377044063088],[-75.833251953125,-9.66643645625588],[-75.82487792968749,-9.648955987505886],[-75.82768554687499,-9.628741143755889],[-75.835400390625,-9.606475518755886],[-75.84660644531249,-9.585772393755889],[-75.86020507812499,-9.57024505000588],[-75.880859375,-9.558916925005889],[-75.90227050781249,-9.55193450313088],[-75.922119140625,-9.541827081255889],[-75.93803710937499,-9.52092864375588],[-75.946533203125,-9.49236419063088],[-75.94951171874999,-9.367022393755889],[-75.95280761718749,-9.34465911250588],[-75.96030273437499,-9.324248956255886],[-75.98193359375,-9.28093840938088],[-75.98295898437499,-9.262725518755886],[-75.98137207031249,-9.243487237505889],[-75.9826171875,-9.21941497188088],[-75.99040527343749,-9.195635675005889],[-76.00424804687499,-9.171709893755889],[-76.03745117187499,-9.13054778438088],[-76.06308593749999,-9.109698175005889],[-76.09147949218749,-9.09148528438088],[-76.11662597656249,-9.070635675005889],[-76.132568359375,-9.041338800005889],[-76.13774414062499,-9.000323175005889],[-76.12939453125,-8.90715911250588],[-76.115234375,-8.835284112505889],[-76.11674804687499,-8.80852630000588],[-76.13029785156249,-8.78582122188088],[-76.160400390625,-8.766924737505889],[-76.18461914062499,-8.76409270625588],[-76.23051757812499,-8.77214934688088],[-76.24992675781249,-8.76213958125588],[-76.26164550781249,-8.73894622188088],[-76.26572265624999,-8.709795831255889],[-76.26604003906249,-8.65300872188088],[-76.26889648437499,-8.62981536250588],[-76.28264160156249,-8.583526300005886],[-76.29240722656249,-8.56243255000588],[-76.320556640625,-8.515459893755889],[-76.32573242187499,-8.49700286250588],[-76.33061523437499,-8.44402434688088],[-76.33676757812499,-8.425616143755889],[-76.35776367187499,-8.39519622188088],[-76.36313476562499,-8.38518645625588],[-76.36564941406249,-8.33391692500588],[-76.37060546875,-8.307940362505889],[-76.38725585937499,-8.29558684688088],[-76.40146484374999,-8.29949309688088],[-76.412060546875,-8.306475518755889],[-76.41850585937499,-8.30535247188088],[-76.42075195312499,-8.28533294063088],[-76.42626953125,-8.27727630000588],[-76.45053710937499,-8.26311614375588],[-76.45610351562499,-8.251299737505889],[-76.45947265625,-8.23113372188088],[-76.4677734375,-8.232256768755889],[-76.47861328124999,-8.242022393755889],[-76.48959960937499,-8.24773528438088],[-76.50456542968749,-8.23015715938088],[-76.51572265624999,-8.22795989375588],[-76.5244140625,-8.24773528438088],[-76.53476562499999,-8.23650481563088],[-76.53361816406249,-8.220245050005886],[-76.52783203125,-8.201495050005889],[-76.5244140625,-8.18230559688088],[-76.52509765625,-8.158721612505886],[-76.52800292968749,-8.142413018755889],[-76.5341796875,-8.129717706255889],[-76.68686523437499,-7.98381926875588],[-76.71259765625,-7.94793059688088],[-76.73344726562499,-7.906084893755889],[-76.744140625,-7.86419036250588],[-76.742919921875,-7.85637786250588],[-76.73691406249999,-7.834502862505886],[-76.73666992187499,-7.823272393755886],[-76.74106445312499,-7.812530206255886],[-76.75439453125,-7.79534270625588],[-76.75717773437499,-7.78508880000588],[-76.75717773437499,-7.713409112505886],[-76.76425781249999,-7.68547942500588],[-76.7900390625,-7.632354425005886],[-76.79819335937499,-7.604522393755886],[-76.79257812499999,-7.57244231563088],[-76.77231445312499,-7.548174737505889],[-76.74716796874999,-7.52532317500588],[-76.7275390625,-7.49797942500588]],[[-75.614013671875,-5.07488372188088],[-75.63754882812499,-5.086455987505886],[-75.6748046875,-5.063995050005886],[-75.694580078125,-5.061846612505889],[-75.70988769531249,-5.07488372188088],[-75.712890625,-5.09295012813088],[-75.704345703125,-5.108916925005886],[-75.68491210937499,-5.115752862505886],[-75.65617675781249,-5.119952081255889],[-75.65654296874999,-5.130205987505889],[-75.68833007812499,-5.156768487505886],[-75.69663085937499,-5.166827081255889],[-75.70737304687499,-5.183428643755889],[-75.71567382812499,-5.19085051875588],[-75.72404785156249,-5.19109465938088],[-75.73300781249999,-5.187334893755889],[-75.74008789062499,-5.18792083125588],[-75.74296874999999,-5.201495050005889],[-75.74174804687499,-5.215362237505886],[-75.740478515625,-5.22161223750588],[-75.7431640625,-5.22625090938088],[-75.75351562499999,-5.235870050005886],[-75.75603027343749,-5.24334075313088],[-75.75725097656249,-5.276885675005886],[-75.76530761718749,-5.28923919063088],[-75.784423828125,-5.295245050005889],[-75.82487792968749,-5.30071380000588],[-75.85966796874999,-5.314971612505886],[-75.86826171874999,-5.32293059688088],[-75.87004394531249,-5.326983331255889],[-75.86845703124999,-5.33074309688088],[-75.867138671875,-5.338702081255889],[-75.84873046874999,-5.35320403438088],[-75.84538574218749,-5.35906340938088],[-75.84416503906249,-5.36736419063088],[-75.84042968749999,-5.373077081255886],[-75.83408203124999,-5.37615325313088],[-75.82487792968749,-5.376495050005886],[-75.83330078124999,-5.39128997188088],[-75.876708984375,-5.44158294063088],[-75.88623046875,-5.448077081255889],[-75.89501953125,-5.451690362505886],[-75.90244140624999,-5.45623137813088],[-75.90805664062499,-5.46526458125588],[-75.90629882812499,-5.47161223750588],[-75.89958496093749,-5.47722747188088],[-75.89348144531249,-5.48381926875588],[-75.893798828125,-5.49309661250588],[-75.90422363281249,-5.495635675005886],[-75.92033691406249,-5.490069268755889],[-75.93510742187499,-5.49041106563088],[-75.94157714843749,-5.510284112505886],[-75.94157714843749,-5.57195403438088],[-75.949951171875,-5.587237237505889],[-75.98715820312499,-5.59978606563088],[-75.99619140624999,-5.616729425005886],[-75.978515625,-5.637725518755886],[-75.975341796875,-5.65154387813088],[-75.99309082031249,-5.65764739375588],[-76.01347656249999,-5.67058684688088],[-76.03085937499999,-5.70061614375588],[-76.04038085937499,-5.734698175005889],[-76.03715820312499,-5.760088800005889],[-76.07275390625,-5.78215911250588],[-76.103515625,-5.776202081255889],[-76.13383789062499,-5.76213958125588],[-76.16813964843749,-5.760088800005889],[-76.18359375,-5.76921965938088],[-76.193603515625,-5.78460051875588],[-76.19768066406249,-5.80315520625588],[-76.19541015624999,-5.822100518755889],[-76.185546875,-5.841143487505889],[-76.17326660156249,-5.844561456255889],[-76.12285156249999,-5.820342706255886],[-76.10629882812499,-5.81804778438088],[-76.094970703125,-5.826006768755889],[-76.09238281249999,-5.84880950313088],[-76.09868164062499,-5.859405206255886],[-76.10869140624999,-5.86931731563088],[-76.11235351562499,-5.880889581255886],[-76.099853515625,-5.89666106563088],[-76.09189453124999,-5.89983489375588],[-76.07243652343749,-5.90154387813088],[-76.06511230468749,-5.904131768755889],[-76.06040039062499,-5.909209893755886],[-76.04404296874999,-5.95134856563088],[-76.04643554687499,-5.961748956255889],[-76.05478515624999,-5.97234465938088],[-76.06511230468749,-5.99285247188088],[-76.04106445312499,-5.99138762813088],[-76.03208007812499,-5.996123956255886],[-76.02592773437499,-6.00628020625588],[-76.010498046875,-6.020830987505889],[-75.993896484375,-6.02727630000588],[-75.977294921875,-6.027178643755889],[-75.94902343749999,-6.020830987505889],[-75.91635742187499,-6.01799895625588],[-75.89763183593749,-6.022002862505886],[-75.88632812499999,-6.03435637813088],[-75.89006347656249,-6.04558684688088],[-75.90190429687499,-6.05291106563088],[-75.909619140625,-6.063018487505886],[-75.900634765625,-6.08220794063088],[-75.92570800781249,-6.093780206255886],[-75.93442382812499,-6.10979583125588],[-75.92802734374999,-6.127471612505886],[-75.90805664062499,-6.14421965938088],[-75.86533203124999,-6.164092706255886],[-75.85283203124999,-6.17156340938088],[-75.82177734375,-6.211944268755886],[-75.79484863281249,-6.208330987505889],[-75.79135742187499,-6.21306731563088],[-75.790771484375,-6.22991301875588],[-75.78642578124999,-6.24163176875588],[-75.776123046875,-6.25872161250588],[-75.76384277343749,-6.27410247188088],[-75.75351562499999,-6.280791925005886],[-75.74064941406249,-6.282061456255889],[-75.72592773437499,-6.28557708125588],[-75.7138671875,-6.29094817500588],[-75.70878906249999,-6.297881768755886],[-75.71245117187499,-6.308428643755889],[-75.71904296874999,-6.31780364375588],[-75.72226562499999,-6.32830169063088],[-75.71567382812499,-6.342315362505886],[-75.74248046874999,-6.345245050005886],[-75.75166015625,-6.35881926875588],[-75.75473632812499,-6.377959893755886],[-75.763427734375,-6.397491143755886],[-75.77446289062499,-6.40252044063088],[-75.79069824218749,-6.405791925005886],[-75.80546874999999,-6.41082122188088],[-75.81625976562499,-6.430498956255889],[-75.82675781249999,-6.433135675005886],[-75.84912109375,-6.431670831255886],[-75.873779296875,-6.435381768755889],[-75.89226074218749,-6.446319268755886],[-75.90397949218749,-6.46477630000588],[-75.90935058593749,-6.500030206255886],[-75.93034667968749,-6.544756768755889],[-75.935791015625,-6.55217864375588],[-75.94482421875,-6.557647393755886],[-75.956787109375,-6.56023528438088],[-75.97031249999999,-6.560577081255886],[-76.06650390624999,-6.543291925005889],[-76.07666015625,-6.545733331255889],[-76.08847656249999,-6.554229425005886],[-76.118408203125,-6.586260675005889],[-76.140380859375,-6.60418059688088],[-76.16594238281249,-6.619170831255886],[-76.19304199218749,-6.62590911250588],[-76.21958007812499,-6.618682550005886],[-76.23820800781249,-6.609405206255886],[-76.26010742187499,-6.60295989375588],[-76.282177734375,-6.602373956255889],[-76.30087890624999,-6.61101653438088],[-76.30839843749999,-6.62151458125588],[-76.31145019531249,-6.63372161250588],[-76.314208984375,-6.67449309688088],[-76.3134765625,-6.682159112505886],[-76.31096191406249,-6.689288018755889],[-76.30522460937499,-6.696612237505889],[-76.298828125,-6.701690362505886],[-76.29374999999999,-6.70720794063088],[-76.29169921875,-6.71624114375588],[-76.29313964843749,-6.739580987505889],[-76.2978515625,-6.761260675005886],[-76.30229492187499,-6.77141692500588],[-76.31523437499999,-6.79265715938088],[-76.31894531249999,-6.801592706255889],[-76.31816406249999,-6.83342864375588],[-76.32060546874999,-6.853838800005889],[-76.328857421875,-6.863116143755889],[-76.329833984375,-6.867510675005889],[-76.32402343749999,-6.88909270625588],[-76.322998046875,-6.89666106563088],[-76.33749999999999,-6.916338800005889],[-76.39018554687499,-6.942217706255889],[-76.409912109375,-6.96038176875588],[-76.42546386718749,-6.996416925005889],[-76.433837890625,-7.00774505000588],[-76.44492187499999,-7.01775481563088],[-76.4833984375,-7.04119231563088],[-76.512939453125,-7.05193450313088],[-76.57382812499999,-7.05950286250588],[-76.60336914062499,-7.06804778438088],[-76.66049804687499,-7.11052825313088],[-76.67832031249999,-7.11687590938088],[-76.69296874999999,-7.124053643755886],[-76.707958984375,-7.141143487505886],[-76.72026367187499,-7.16130950313088],[-76.72709960937499,-7.17766692500588],[-76.728515625,-7.18767669063088],[-76.72802734375,-7.19793059688088],[-76.72216796875,-7.229815362505889],[-76.72258300781249,-7.253741143755889],[-76.720947265625,-7.26555755000588],[-76.71762695312499,-7.276690362505889],[-76.71306152343749,-7.28728606563088],[-76.70451660156249,-7.29851653438088],[-76.68369140624999,-7.318389581255886],[-76.67521972656249,-7.32976653438088],[-76.66391601562499,-7.35369231563088],[-76.65512695312499,-7.38152434688088],[-76.65092773437499,-7.409991143755889],[-76.65390624999999,-7.43621184688088],[-76.66557617187499,-7.45403411250588],[-76.70175781249999,-7.472198175005886],[-76.72001953124999,-7.492998956255889]]]}},{"type":"Feature","properties":{"role":"context_only","name":"","name_en":"","ne_id":1159123049},"geometry":{"type":"MultiLineString","coordinates":[[[-67.22526855468749,-18.12908294063088],[-67.26249999999999,-18.10823333125589],[-67.29550781249999,-18.07698333125589],[-67.322509765625,-18.04094817500588],[-67.34130859375,-18.00569426875589],[-67.36210937499999,-17.949248956255886],[-67.375244140625,-17.923858331255886],[-67.42880859374999,-17.86882903438088],[-67.4404296875,-17.85051848750588],[-67.488525390625,-17.705596612505886],[-67.494140625,-17.69622161250588],[-67.498291015625,-17.69329192500588],[-67.508056640625,-17.68962981563088],[-67.511962890625,-17.68596770625588],[-67.51376953124999,-17.68035247188088],[-67.5126953125,-17.66863372188088],[-67.51328124999999,-17.66301848750588],[-67.52499999999999,-17.628448175005886],[-67.52690429687499,-17.62517669063088],[-67.53061523437499,-17.60686614375588],[-67.54082031249999,-17.597686456255886],[-67.57470703125,-17.587920831255886],[-67.589111328125,-17.58171965938088],[-67.62248535156249,-17.560577081255886],[-67.66440429687499,-17.55208098750589],[-67.677734375,-17.54631926875588],[-67.713623046875,-17.56121184688088],[-67.772216796875,-17.56038176875589],[-67.875732421875,-17.54631926875588],[-67.94914550781249,-17.52727630000588],[-67.97983398437499,-17.51165130000588],[-67.992431640625,-17.48860442500589],[-68.00205078124999,-17.474639581255886],[-68.02402343749999,-17.47112395625588],[-68.04826660156249,-17.47429778438088],[-68.064453125,-17.481475518755886],[-68.085205078125,-17.48796965938088],[-68.109130859375,-17.48040130000588],[-68.15009765625,-17.45696380000588],[-68.204345703125,-17.48811614375589],[-68.222412109375,-17.49236419063088],[-68.39372558593749,-17.478057550005886],[-68.41538085937499,-17.48128020625589],[-68.45517578124999,-17.49309661250588],[-68.47905273437499,-17.49236419063088],[-68.49589843749999,-17.48713958125589],[-68.53984374999999,-17.46614348750589],[-68.557861328125,-17.45378997188088],[-68.56181640624999,-17.44622161250588],[-68.562744140625,-17.43489348750589],[-68.56157226562499,-17.41326262813088],[-68.56416015625,-17.40374114375588],[-68.58208007812499,-17.36882903438088],[-68.614013671875,-17.32903411250588],[-68.62548828125,-17.30549895625589],[-68.61264648437499,-17.26262786250588],[-68.62163085937499,-17.245635675005886],[-68.63725585937499,-17.23284270625588],[-68.68034667968749,-17.20818450313088],[-68.691357421875,-17.203643487505886],[-68.73369140624999,-17.19172942500589],[-68.74594726562499,-17.18391692500589],[-68.75927734375,-17.16194426875589],[-68.76938476562499,-17.13460051875589],[-68.78422851562499,-17.11126067500588],[-68.811767578125,-17.10125090938088],[-68.82700195312499,-17.09295012813088],[-68.841259765625,-17.07258880000589],[-68.8517578125,-17.04680755000588],[-68.85581054687499,-17.022491143755886],[-68.85239257812499,-17.01140715938088],[-68.84409179687499,-17.00139739375588],[-68.83391113281249,-16.994170831255886],[-68.80864257812499,-16.98713958125589],[-68.796337890625,-16.97698333125588],[-68.78532714843749,-16.96565520625589],[-68.77324218749999,-16.95735442500589],[-68.78305664062499,-16.94085051875588],[-68.82163085937499,-16.90266692500589],[-68.8408203125,-16.86541106563088],[-68.849609375,-16.855498956255886],[-68.86101074218749,-16.848663018755886],[-68.937744140625,-16.81389739375588],[-68.96513671874999,-16.80535247188088],[-68.97250976562499,-16.80022551875588],[-68.98154296874999,-16.78386809688088],[-68.97885742187499,-16.77019622188088],[-68.97124023437499,-16.75618255000589],[-68.96567382812499,-16.73821380000588],[-68.96787109374999,-16.72600676875588],[-68.98613281249999,-16.69036223750588],[-68.99418945312499,-16.65803801875589],[-69.00009765624999,-16.64631926875589],[-69.035888671875,-16.59797942500589],[-69.04086914062499,-16.58137786250589],[-69.03842773437499,-16.55012786250589]]]}},{"type":"Feature","properties":{"role":"context_only","name":"Branco","name_en":"Branco","ne_id":1159116319},"geometry":{"type":"MultiLineString","coordinates":[[[-63.7802734375,2.84638092655662],[-63.76811523437499,2.86933014530662],[-63.7666015625,2.877460028119117],[-63.68388671874999,3.021258856244117],[-63.67783203124999,3.052508856244117],[-63.68906249999999,3.084735418744117],[-63.71337890625,3.1038760437441084],[-63.740966796875,3.119647528119117],[-63.76206054687499,3.141864324994117],[-63.76689453124999,3.161395574994117],[-63.75751953125,3.2271670593691084],[-63.76066894531249,3.25287506718162],[-63.76884765624999,3.26984284061912],[-63.79160156249999,3.29889557499412],[-63.78654785156249,3.30902741093162],[-63.78476562499999,3.339862371869117],[-63.77280273437499,3.373553778119117],[-63.76708984375,3.40302155155662],[-63.75908203124999,3.4141787781191084],[-63.75375976562499,3.4268740906191084],[-63.75751953125,3.449725653119117],[-63.76645507812499,3.4664248718691084],[-63.78745117187499,3.49591705936912],[-63.79160156249999,3.514911199994117],[-63.78618164062499,3.54328034061912],[-63.772705078125,3.55841705936912],[-63.75493164062499,3.56976959843162],[-63.73698730468749,3.58685944218162],[-63.73405761718749,3.5953311218691084],[-63.73210449218749,3.61847565311912],[-63.730126953124994,3.62787506718162],[-63.72404785156249,3.63751862186912],[-63.71733398437499,3.64459869999412],[-63.7119140625,3.652850653119117],[-63.70964355468749,3.66571686405662],[-63.705322265625,3.680194403119117],[-63.69467773437499,3.6944522156191084],[-63.668701171875,3.71723053593162],[-63.640527343749994,3.733417059369117],[-63.62639160156249,3.74371979374412],[-63.62028808593749,3.75446198124412],[-63.614990234375,3.75910065311912],[-63.60302734375,3.75250885624412],[-63.58305664062499,3.73773834843162],[-63.57211914062499,3.73529694218162],[-63.56772460937499,3.72894928593162],[-63.56503906249999,3.72003815311912],[-63.558837890625,3.70978424686912],[-63.54582519531249,3.7003115906191084],[-63.505615234375,3.68012116093162],[-63.49399414062499,3.676288153119117],[-63.48857421874999,3.67194244999412],[-63.48344726562499,3.66229889530662],[-63.47666015624999,3.65265534061912],[-63.46635742187499,3.6483096374941084],[-63.45756835937499,3.64630768436912],[-63.45068359375,3.64130280155662],[-63.43596191406249,3.62787506718162],[-63.42124023437499,3.6204776062441084],[-63.40446777343749,3.61640045780662],[-63.36362304687499,3.61420319218162],[-63.34165039062499,3.60919830936912],[-63.317626953125,3.59174225468162],[-63.298779296875,3.59430573124412],[-63.27890624999999,3.60687897343162],[-63.27104492187499,3.6226748718691084],[-63.27084960937499,3.66571686405662],[-63.262939453125,3.675799871869117],[-63.24394531249999,3.68195221561912],[-63.22136230468749,3.68439362186912],[-63.20256347656249,3.68305084843162],[-63.18754882812499,3.67365143436912],[-63.17197265624999,3.65546295780662],[-63.15976562499999,3.634784246869117],[-63.15478515625,3.617938543744117],[-63.15756835937499,3.596210028119117],[-63.16806640624999,3.5570010437441084],[-63.16782226562499,3.539081121869117],[-63.156201171875,3.50800202030662],[-63.14682617187499,3.4915713562441084],[-63.137451171875,3.48444244999412],[-63.12761230468749,3.47870514530662],[-63.08349609375,3.4366397156191084],[-63.040478515625,3.416034246869117],[-63.03061523437499,3.39850494999412],[-63.0263671875,3.388446356244117],[-63.01611328125,3.373309637494117],[-63.00375976562499,3.3594912781191084],[-62.993408203125,3.35346100468162],[-62.98251953124999,3.350360418744117],[-62.9736328125,3.34284088749412],[-62.96525878906249,3.33380768436912],[-62.95615234374999,3.32623932499412],[-62.92075195312499,3.31317780155662],[-62.8388671875,3.2579287781191084],[-62.79960937499999,3.24762604374412],[-62.71696777343749,3.24188873905662],[-62.68803710937499,3.2305850281191084],[-62.65654296874999,3.2381533874941084],[-62.61406249999999,3.2332705749941084],[-62.53842773437499,3.2100772156191084],[-62.53312988281249,3.207294012494117],[-62.517333984375,3.19647858280662],[-62.5126953125,3.19574616093162],[-62.50126953124999,3.1973819031191084],[-62.49687499999999,3.19647858280662],[-62.486083984375,3.1859072937441084],[-62.47348632812499,3.16168854374412],[-62.4658203125,3.15143463749412],[-62.44694824218749,3.13898346561912],[-62.42924804687499,3.13605377811912],[-62.38701171874999,3.141864324994117],[-62.36455078124999,3.141864324994117],[-62.30161132812499,3.1343936218691084],[-62.29057617187499,3.13654205936912],[-62.27294921875,3.1458682312441084],[-62.26718749999999,3.1480654968691084],[-62.256298828125,3.14691803593162],[-62.24082031249999,3.142352606244117],[-62.22929687499999,3.141864324994117],[-62.19223632812499,3.15131256718162],[-62.16350097656249,3.170917059369117],[-62.08286132812499,3.2525576843691084],[-62.068603515625,3.2579287781191084],[-62.027587890625,3.2579287781191084],[-62.01677246093749,3.25604889530662],[-61.98227539062499,3.2442569031191084],[-61.961669921875,3.2427920593691084],[-61.93937988281249,3.2452334656191084],[-61.92138671875,3.25495026249412],[-61.90507812499999,3.300067449994117],[-61.88388671874999,3.3004092468691084],[-61.83891601562499,3.28522369999412],[-61.82548828124999,3.2945498718691084],[-61.80534667968749,3.33161041874412],[-61.78740234374999,3.339862371869117],[-61.70859374999999,3.3336123718691084],[-61.68754882812499,3.33466217655662],[-61.64975585937499,3.34479401249412],[-61.62973632812499,3.3472842468691084],[-61.60209960937499,3.3472842468691084],[-61.59531249999999,3.34369537968162],[-61.574462890625,3.32623932499412],[-61.56455078124999,3.3199404968691084],[-61.54533691406249,3.315692449994117],[-61.51787109374999,3.31439850468162],[-61.49326171874999,3.32013580936912],[-61.482666015625,3.33673737186912],[-61.47958984374999,3.34308502811912],[-61.47153320312499,3.3480166687441084],[-61.45988769531249,3.351825262494117],[-61.44614257812499,3.35468170780662],[-61.37614746093749,3.366717840619117],[-61.36655273437499,3.36713287968162],[-61.355126953124994,3.36615631718162],[-61.33383789062499,3.36188385624412],[-61.32187499999999,3.3609561218691084],[-61.262939453125,3.4080752624941084],[-61.24365234375,3.43610260624412],[-61.22978515624999,3.4459170593691084],[-61.20488281249999,3.449725653119117],[-61.18156738281249,3.44818756718162],[-61.119580078125,3.436053778119117],[-60.99260253906249,3.442889715619117],[-60.98007812499999,3.4456729187441084],[-60.95891113281249,3.459002996869117],[-60.94760742187499,3.46332428593162],[-60.93613281249999,3.463641668744117],[-60.90727539062499,3.456561590619117],[-60.89641113281249,3.45697662968162],[-60.869384765625,3.46332428593162],[-60.71142578125,3.47699616093162],[-60.690673828125,3.47162506718162],[-60.67221679687499,3.459247137494117],[-60.64599609375,3.436053778119117],[-60.60478515624999,3.41730377811912],[-60.59062499999999,3.4036807312441084],[-60.58513183593749,3.37799713749412],[-60.58330078124999,3.3558291687441084],[-60.57451171874999,3.313495184369117],[-60.57048339843749,3.27130768436912],[-60.57145996093749,3.20673248905662],[-60.567138671875,3.18561432499412],[-60.556396484375,3.1710147156191084],[-60.54296875,3.15802643436912],[-60.530517578125,3.141864324994117],[-60.5099609375,3.09723541874412],[-60.5029296875,3.05951569218162],[-60.5078125,3.0218447937441084],[-60.54111328124999,2.93793366093162],[-60.56113281249999,2.907489324994117],[-60.58603515624999,2.880877996869117],[-60.61865234375,2.85321686405662],[-60.646728515625,2.8231143249941084],[-60.71484375,2.7098330749941084],[-60.79443359375,2.60883209843162],[-60.81040039062499,2.57208893436912],[-60.82358398437499,2.48383209843162],[-60.82470703125,2.40070221561912],[-60.81901855468749,2.356708074994117],[-60.819580078125,2.33539459843162],[-60.82841796874999,2.32623932499412],[-60.84189453124999,2.32111237186912],[-60.87846679687499,2.29266998905662],[-60.893017578125,2.277850653119117],[-60.91782226562499,2.234881903119117],[-60.930859375,2.21979401249412],[-60.99907226562499,2.16571686405662],[-61.01645507812499,2.14752838749412],[-61.02592773437499,2.13031647343162],[-61.041259765625,2.08185455936912],[-61.04379882812499,2.06183502811912],[-61.03959960937499,2.04938385624412],[-60.96923828125,1.9677188171816198],[-60.96127929687499,1.9556826843691084],[-60.96220703124999,1.9354922546816198],[-60.972900390625,1.9173037781191198],[-61.00224609374999,1.8880557312441084],[-61.01896972656249,1.8748721374941084],[-61.07114257812499,1.853290106244117],[-61.09067382812499,1.8395449890566198],[-61.10898437499999,1.822284246869117],[-61.11582031249999,1.8121279968691084],[-61.12436523437499,1.7894229187441084],[-61.130126953125,1.7813174499941198],[-61.137451171875,1.7667910828066198],[-61.14047851562499,1.7473819031191198],[-61.14501953125,1.7302920593691198],[-61.1640625,1.7176455749941084],[-61.188720703125,1.6929385437441198],[-61.19401855468749,1.6853701843691198],[-61.1984375,1.6737735046816198],[-61.21757812499999,1.6503360046816198],[-61.23991699218749,1.585223699994117],[-61.249267578125,1.5721377624941084],[-61.24960937499999,1.551044012494117],[-61.262939453125,1.4935977234316198],[-61.27719726562499,1.3288028015566198],[-61.2822265625,1.3075625671816198],[-61.31816406249999,1.2506045593691084],[-61.33627929687499,1.2105166687441198],[-61.34248046875,1.1895205749941198],[-61.34482421874999,1.171161199994117],[-61.34213867187499,1.149432684369117],[-61.33195800781249,1.108172918744117],[-61.331787109375,1.0855166687441198],[-61.33749999999999,1.0687930359316198],[-61.35532226562499,1.0386416687441198],[-61.359130859375,1.0206240906191084],[-61.36040039062499,0.9754092468691198],[-61.36442871093749,0.9547793640566198],[-61.372802734375,0.9346377624941198],[-61.47519531249999,0.7844912781191198],[-61.59873046874999,0.6472842468691198],[-61.60776367187499,0.6289736999941198],[-61.61442871093749,0.6064639343691169],[-61.61845703124999,0.5829531921816198],[-61.61979980468749,0.5616397156191084],[-61.62412109374999,0.5447451843691198],[-61.63535156249999,0.5299746765566198],[-61.704345703125,0.4754580749941084],[-61.72080078124999,0.4557559265566198],[-61.71909179687499,0.4381045593691084],[-61.709228515625,0.4183291687441084],[-61.71171874999999,0.3967959656191198],[-61.74602050781249,0.3275088562441084],[-61.75327148437499,0.3077334656191084],[-61.75639648437499,0.2872988953066198],[-61.7529296875,0.22760651249411978],[-61.75639648437499,0.20844147343161978],[-61.76860351562499,0.17755768436911978],[-61.77060546874999,0.16749909061911694],[-61.76860351562499,0.15827057499411978],[-61.75864257812499,0.13292877811910842],[-61.75639648437499,0.12282135624411694],[-61.75595703124999,0.08563873905661978],[-61.75986328124999,0.07294342655661978],[-61.77060546874999,0.05763580936911694],[-61.79204101562499,0.042547918744119784],[-61.79736328125,0.037176824994119784],[-61.80388183593749,0.007684637494108415],[-61.80820312499999,-0.000372003130891585],[-61.81381835937499,-0.016412042193380216],[-61.81779785156249,-0.17170989375588874],[-61.822021484375,-0.19207122188088022],[-61.84086914062499,-0.2348934875058859],[-61.84575195312499,-0.25764739375588874],[-61.847412109375,-0.31526458125588874],[-61.85087890624999,-0.33919036250588874],[-61.859375,-0.3668759093808802],[-61.83701171874999,-0.39338958125588874],[-61.81967773437499,-0.4200985656308802],[-61.810302734375,-0.4512020812558859],[-61.81162109374999,-0.5761044250058802],[-61.81396484375,-0.5968563781308802],[-61.82016601562499,-0.6141903625058802],[-61.86967773437499,-0.7026669250058859],[-61.87070312499999,-0.7137997375058802],[-61.859375,-0.7851864562558859],[-61.86430664062499,-0.8036434875058802],[-61.88266601562499,-0.8422177062558802],[-61.88671875,-0.8637997375058859],[-61.87875976562499,-0.9227841125058802],[-61.88046874999999,-0.9429013000058859],[-61.884521484375,-0.9622372375058887],[-61.88671875,-0.9872372375058802],[-61.88457031249999,-1.000030206255886],[-61.87517089843749,-1.0179013000058887],[-61.873046875,-1.0282528625058802],[-61.87119140624999,-1.064971612505886],[-61.873046875,-1.0795223937558802],[-61.87875976562499,-1.0997860656308802],[-61.881103515625,-1.113799737505886],[-61.88046874999999,-1.128448175005886],[-61.85595703125,-1.2050106750058802],[-61.85258789062499,-1.233916925005886],[-61.85581054687499,-1.2584774718808802],[-61.86411132812499,-1.280791925005886],[-61.89250488281249,-1.3366024718808802],[-61.89697265625,-1.3544247375058802],[-61.897705078125,-1.3679989562558887],[-61.89689941406249,-1.3724911437558802],[-61.89494628906249,-1.3761532531308802]]]}},{"type":"Feature","properties":{"role":"context_only","name":"Pur\u00fas","name_en":"Purus","ne_id":1159116331},"geometry":{"type":"MultiLineString","coordinates":[[[-72.426025390625,-10.844756768755886],[-72.38818359375,-10.901885675005886],[-72.35888671875,-10.924834893755886],[-72.32358398437499,-10.927276300005886],[-72.31308593749999,-10.921416925005886],[-72.29736328125,-10.904815362505886],[-72.28947753906249,-10.89934661250588],[-72.27915039062499,-10.895538018755886],[-72.27531738281249,-10.896026300005886],[-72.27250976562499,-10.90081145625588],[-72.26523437499999,-10.909991143755889],[-72.25034179687499,-10.91350676875588],[-72.23203124999999,-10.90496184688088],[-72.21232910156249,-10.89275481563088],[-72.19328613281249,-10.88567473750588],[-72.18149414062499,-10.88640715938088],[-72.16093749999999,-10.89226653438088],[-72.15166015624999,-10.89324309688088],[-72.141845703125,-10.889678643755886],[-72.12939453125,-10.88372161250588],[-72.11699218749999,-10.879717706255889],[-72.10727539062499,-10.88225676875588],[-72.09965820312499,-10.88689544063088],[-72.08696289062499,-10.89202239375588],[-72.07499999999999,-10.894073175005886],[-72.06975097656249,-10.889483331255889],[-72.06560058593749,-10.87883880000588],[-72.05595703124999,-10.876495050005886],[-72.03623046874999,-10.87883880000588],[-71.97734374999999,-10.860870050005886],[-71.96391601562499,-10.858428643755886],[-71.95068359375,-10.854034112505886],[-71.912109375,-10.82366301875588],[-71.88164062499999,-10.80120208125588],[-71.86669921875,-10.792803643755889],[-71.84750976562499,-10.78948333125588],[-71.84165039062499,-10.784698175005886],[-71.837646484375,-10.77361419063088],[-71.83676757812499,-10.761260675005886],[-71.84482421874999,-10.743682550005886],[-71.84165039062499,-10.73479583125588],[-71.83530273437499,-10.726885675005889],[-71.83012695312499,-10.72185637813088],[-71.81650390624999,-10.71599700313088],[-71.79582519531249,-10.71087005000588],[-71.77695312499999,-10.703448175005889],[-71.76865234374999,-10.69109465938088],[-71.764404296875,-10.68254973750588],[-71.75400390624999,-10.68230559688088],[-71.73081054687499,-10.68767669063088],[-71.71867675781249,-10.683623956255886],[-71.68613281249999,-10.65349700313088],[-71.666748046875,-10.64690520625588],[-71.6416015625,-10.64226653438088],[-71.61972656249999,-10.63543059688088],[-71.61040039062499,-10.62224700313088],[-71.60307617187499,-10.60295989375588],[-71.58505859374999,-10.599932550005889],[-71.54216308593749,-10.605791925005889],[-71.47758789062499,-10.605791925005889],[-71.46354980468749,-10.60027434688088],[-71.448486328125,-10.587920831255886],[-71.42607421874999,-10.564288018755889],[-71.3916015625,-10.53923919063088],[-71.37607421874999,-10.52312590938088],[-71.377685546875,-10.50896575313088],[-71.35385742187499,-10.488116143755889],[-71.296142578125,-10.46672942500588],[-71.25773925781249,-10.442901300005886],[-71.24565429687499,-10.440264581255889],[-71.23698730468749,-10.43425872188088],[-71.233642578125,-10.41643645625588],[-71.228271484375,-10.40276458125588],[-71.21469726562499,-10.397295831255889],[-71.1796875,-10.39226653438088],[-71.13925781249999,-10.37810637813088],[-71.131298828125,-10.37175872188088],[-71.128173828125,-10.35125090938088],[-71.13583984374999,-10.334795831255889],[-71.14641113281249,-10.320635675005889],[-71.15170898437499,-10.306963800005889],[-71.14604492187499,-10.301788018755886],[-71.1328125,-10.29876067500588],[-71.10703124999999,-10.296709893755889],[-71.09580078124999,-10.290557550005886],[-71.05888671874999,-10.26043059688088],[-71.04868164062499,-10.24822356563088],[-71.05681152343749,-10.22893645625588],[-71.059326171875,-10.208819268755889],[-71.05234374999999,-10.193194268755889],[-71.031982421875,-10.186846612505889],[-71.023193359375,-10.149248956255889],[-71.022216796875,-10.12346770625588],[-71.031982421875,-10.11174895625588],[-71.03715820312499,-10.100127862505886],[-71.03056640624999,-10.07463958125588],[-71.014599609375,-10.03655364375588],[-70.983154296875,-10.005694268755889],[-70.98076171874999,-9.990264581255886],[-71.00090332031249,-9.97454192500588],[-70.96831054687499,-9.95037200313088],[-70.95622558593749,-9.94719817500588],[-70.93149414062499,-9.946612237505889],[-70.92099609374999,-9.94280364375588],[-70.91154785156249,-9.93352630000588],[-70.92075195312499,-9.910479425005889],[-70.91074218749999,-9.88909270625588],[-70.87797851562499,-9.858428643755886],[-70.85947265624999,-9.834307550005889],[-70.853515625,-9.83049895625588],[-70.79721679687499,-9.812041925005886],[-70.78867187499999,-9.805987237505889],[-70.78354492187499,-9.795928643755886],[-70.78117675781249,-9.76116301875588],[-70.77783203125,-9.756866143755886],[-70.76962890624999,-9.757842706255886],[-70.75449218749999,-9.755401300005886],[-70.73325195312499,-9.743975518755889],[-70.7138671875,-9.725616143755886],[-70.70615234374999,-9.705108331255886],[-70.7197265625,-9.686553643755886],[-70.7021484375,-9.63005950313088],[-70.68999023437499,-9.60540130000588],[-70.67192382812499,-9.60466887813088],[-70.65935058593749,-9.58147551875588],[-70.64404296875,-9.56926848750588],[-70.623046875,-9.56438567500588],[-70.59345703125,-9.56365325313088],[-70.58823242187499,-9.565459893755886],[-70.574658203125,-9.567705987505889],[-70.56523437499999,-9.565264581255889],[-70.578857421875,-9.54168059688088],[-70.576904296875,-9.52898528438088],[-70.56865234374999,-9.519073175005886],[-70.555908203125,-9.51580169063088],[-70.55791015624999,-9.51238372188088],[-70.560546875,-9.50481536250588],[-70.56267089843749,-9.50164153438088],[-70.54399414062499,-9.49334075313088],[-70.5390625,-9.48088958125588],[-70.53642578124999,-9.46428801875588],[-70.52451171874999,-9.443877862505886],[-70.50400390624999,-9.41765715938088],[-70.50058593749999,-9.41619231563088],[-70.493408203125,-9.407061456255889],[-70.48862304687499,-9.39788176875588],[-70.48691406249999,-9.385577081255889],[-70.49272460937499,-9.373565362505886],[-70.50200195312499,-9.367217706255886],[-70.505615234375,-9.361651300005889],[-70.49443359374999,-9.351397393755889],[-70.48398437499999,-9.350616143755886],[-70.472412109375,-9.354815362505889],[-70.46293945312499,-9.35637786250588],[-70.45903320312499,-9.34758880000588],[-70.45590820312499,-9.337237237505889],[-70.44223632812499,-9.31658294063088],[-70.43510742187499,-9.29387786250588],[-70.42656249999999,-9.30217864375588],[-70.41904296874999,-9.31682708125588],[-70.41806640624999,-9.32341887813088],[-70.40185546875,-9.32586028438088],[-70.38632812499999,-9.31804778438088],[-70.37480468749999,-9.30169036250588],[-70.37028808593749,-9.279131768755889],[-70.3623046875,-9.25652434688088],[-70.34318847656249,-9.24822356563088],[-70.320556640625,-9.244170831255886],[-70.302001953125,-9.23406340938088],[-70.29990234374999,-9.21965911250588],[-70.30046386718749,-9.175127862505889],[-70.287353515625,-9.16155364375588],[-70.28793945312499,-9.152178643755889],[-70.286865234375,-9.14275481563088],[-70.27783203125,-9.138506768755889],[-70.26750488281249,-9.141143487505886],[-70.25791015624999,-9.14690520625588],[-70.24699707031249,-9.15178801875588],[-70.233154296875,-9.152178643755889],[-70.22519531249999,-9.14763762813088],[-70.216259765625,-9.138995050005889],[-70.20883789062499,-9.128936456255886],[-70.205810546875,-9.121123956255886],[-70.198486328125,-9.117217706255886],[-70.16220703124999,-9.114288018755886],[-70.14775390624999,-9.107452081255886],[-70.13237304687499,-9.090850518755886],[-70.122998046875,-9.084307550005889],[-70.1123046875,-9.08318450313088],[-70.09282226562499,-9.083819268755889],[-70.07797851562499,-9.08074309688088],[-70.05478515624999,-9.06658294063088],[-70.03789062499999,-9.06340911250588],[-69.99545898437499,-9.07024505000588],[-69.97983398437499,-9.06951262813088],[-69.97221679687499,-9.066436456255886],[-69.96391601562499,-9.05828215938088],[-69.95598144531249,-9.05657317500588],[-69.9453125,-9.058916925005889],[-69.94248046874999,-9.064483331255886],[-69.942138671875,-9.071123956255889],[-69.93889160156249,-9.07634856563088],[-69.9140625,-9.08806731563088],[-69.88364257812499,-9.09758880000588],[-69.86166992187499,-9.09392669063088],[-69.85546875,-9.09880950313088],[-69.86313476562499,-9.117998956255889],[-69.84726562499999,-9.10662200313088],[-69.81462402343749,-9.064971612505886],[-69.80859375,-9.052764581255886],[-69.79941406249999,-9.04705169063088],[-69.75297851562499,-9.04607512813088],[-69.73344726562499,-9.04290130000588],[-69.72734374999999,-9.036651300005886],[-69.72465820312499,-9.028838800005886],[-69.719482421875,-9.022979425005886],[-69.70615234374999,-9.022979425005886],[-69.70371093749999,-9.02727630000588],[-69.69980468749999,-9.036163018755886],[-69.69467773437499,-9.04509856563088],[-69.6884765625,-9.049151300005889],[-69.67148437499999,-9.05242278438088],[-69.66196289062499,-9.05193450313088],[-69.65771484375,-9.04607512813088],[-69.65268554687499,-9.04045989375588],[-69.64140624999999,-9.03972747188088],[-69.62358398437499,-9.04290130000588],[-69.61992187499999,-9.04851653438088],[-69.61704101562499,-9.05754973750588],[-69.61215820312499,-9.06438567500588],[-69.60246582031249,-9.06340911250588],[-69.59904785156249,-9.056963800005889],[-69.59660644531249,-9.03435637813088],[-69.59257812499999,-9.02605559688088],[-69.57182617187499,-8.993487237505889],[-69.56523437499999,-8.988311456255886],[-69.5439453125,-8.99041106563088],[-69.49016113281249,-9.007354425005886],[-69.46762695312499,-9.008819268755886],[-69.44858398437499,-8.99822356563088],[-69.43864746093749,-8.95720794063088],[-69.43491210937499,-8.950518487505889],[-69.41069335937499,-8.93303801875588],[-69.38151855468749,-8.898760675005889],[-69.36972656249999,-8.89202239375588],[-69.34782714843749,-8.88811614375588],[-69.33122558593749,-8.88762786250588],[-69.316650390625,-8.88250090938088],[-69.30083007812499,-8.86467864375588],[-69.28525390624999,-8.83684661250588],[-69.27458496093749,-8.828643487505886],[-69.253662109375,-8.82317473750588],[-69.2158203125,-8.82317473750588],[-69.1953125,-8.816729425005889],[-69.18540039062499,-8.81633880000588],[-69.197021484375,-8.800127862505889],[-69.19384765625,-8.79265715938088],[-69.18212890625,-8.78753020625588],[-69.15556640624999,-8.77166106563088],[-69.11337890624999,-8.75750090938088],[-69.09941406249999,-8.75481536250588],[-69.09208984374999,-8.756377862505886],[-69.07724609374999,-8.76213958125588],[-69.068115234375,-8.761748956255886],[-69.06201171875,-8.75896575313088],[-69.0537109375,-8.751299737505889],[-69.047607421875,-8.748077081255886],[-69.02998046875,-8.74309661250588],[-69.012451171875,-8.74089934688088],[-68.99545898437499,-8.74407317500588],[-68.97929687499999,-8.75481536250588],[-68.97119140625,-8.740264581255886],[-68.96416015624999,-8.72356536250588],[-68.954345703125,-8.71404387813088],[-68.937744140625,-8.720733331255886],[-68.9267578125,-8.70745208125588],[-68.91740722656249,-8.71306731563088],[-68.90422363281249,-8.74065520625588],[-68.89414062499999,-8.73040130000588],[-68.88754882812499,-8.728057550005886],[-68.85551757812499,-8.73943450313088],[-68.84697265624999,-8.743682550005886],[-68.84213867187499,-8.748077081255886],[-68.84262695312499,-8.757842706255886],[-68.85595703125,-8.77263762813088],[-68.85581054687499,-8.78215911250588],[-68.84721679687499,-8.791534112505886],[-68.83579101562499,-8.794268487505889],[-68.82407226562499,-8.79094817500588],[-68.81479492187499,-8.78215911250588],[-68.79765624999999,-8.803057550005889],[-68.78061523437499,-8.785479425005889],[-68.764404296875,-8.75847747188088],[-68.74968261718749,-8.75139739375588],[-68.74248046874999,-8.765166925005886],[-68.74365234375,-8.79705169063088],[-68.73974609375,-8.810088800005886],[-68.72746582031249,-8.81707122188088],[-68.69272460937499,-8.82244231563088],[-68.67827148437499,-8.830596612505886],[-68.66801757812499,-8.82317473750588],[-68.66032714843749,-8.83001067500588],[-68.650390625,-8.857940362505886],[-68.65009765625,-8.865752862505886],[-68.6533203125,-8.870440362505889],[-68.65507812499999,-8.875030206255886],[-68.650390625,-8.88396575313088],[-68.64531249999999,-8.88518645625588],[-68.61992187499999,-8.88396575313088],[-68.61752929687499,-8.89006926875588],[-68.59506835937499,-8.92620208125588],[-68.596923828125,-8.93132903438088],[-68.60703124999999,-8.947100518755889],[-68.609375,-8.954131768755886],[-68.607177734375,-8.96087005000588],[-68.59733886718749,-8.97576262813088],[-68.59506835937499,-8.98455169063088],[-68.59685058593749,-9.001788018755889],[-68.59897460937499,-9.01140715938088],[-68.59672851562499,-9.01970794063088],[-68.58549804687499,-9.03264739375588],[-68.56982421875,-9.043291925005889],[-68.560498046875,-9.04045989375588],[-68.54794921874999,-9.022979425005886],[-68.52084960937499,-9.01116301875588],[-68.49560546875,-9.01311614375588],[-68.472412109375,-9.02654387813088],[-68.45170898437499,-9.049151300005889],[-68.45732421874999,-9.05120208125588],[-68.461669921875,-9.054717706255886],[-68.46440429687499,-9.05974700313088],[-68.46538085937499,-9.066436456255886],[-68.46372070312499,-9.07512786250588],[-68.4591796875,-9.076202081255886],[-68.45244140624999,-9.07488372188088],[-68.4443359375,-9.07634856563088],[-68.43107910156249,-9.081377862505889],[-68.41660156249999,-9.084014581255886],[-68.40422363281249,-9.084795831255889],[-68.39707031249999,-9.083819268755889],[-68.39165039062499,-9.07903411250588],[-68.390869140625,-9.06682708125588],[-68.38657226562499,-9.05999114375588],[-68.37700195312499,-9.055694268755886],[-68.36979980468749,-9.059600518755886],[-68.36333007812499,-9.066241143755889],[-68.356201171875,-9.06951262813088],[-68.33251953125,-9.066729425005889],[-68.320556640625,-9.070342706255886],[-68.30771484374999,-9.083819268755889],[-68.29716796874999,-9.064776300005889],[-68.29118652343749,-9.056963800005889],[-68.28232421874999,-9.05584075313088],[-68.26337890625,-9.05657317500588],[-68.25529785156249,-9.05339934688088],[-68.24057617187499,-9.03923919063088],[-68.23540039062499,-9.03606536250588],[-68.22568359374999,-9.03875090938088],[-68.2216796875,-9.044952081255886],[-68.21953124999999,-9.052764581255886],[-68.21525878906249,-9.05999114375588],[-68.20102539062499,-9.06218840938088],[-68.1865234375,-9.05535247188088],[-68.17514648437499,-9.05413176875588],[-68.17058105468749,-9.07293059688088],[-68.16533203124999,-9.07634856563088],[-68.15380859375,-9.06658294063088],[-68.142333984375,-9.04998137813088],[-68.13706054687499,-9.03264739375588],[-68.13120117187499,-9.019073175005886],[-68.11679687499999,-9.009307550005886],[-68.09897460937499,-9.00335051875588],[-68.08244628906249,-9.00188567500588],[-68.07438964843749,-9.005205987505889],[-68.06625976562499,-9.01140715938088],[-68.05747070312499,-9.01628997188088],[-68.04765624999999,-9.01555755000588],[-68.04062499999999,-9.00823333125588],[-68.04082031249999,-8.99871184688088],[-68.04257812499999,-8.98894622188088],[-68.04020996093749,-8.980791925005889],[-68.02304687499999,-8.970049737505889],[-68.01042480468749,-8.97551848750588],[-67.997314453125,-8.98552825313088],[-67.978759765625,-8.988311456255886],[-67.96630859375,-8.98162200313088],[-67.92412109374999,-8.94670989375588],[-67.907958984375,-8.94109465938088],[-67.90019531249999,-8.93132903438088],[-67.889404296875,-8.89885833125588],[-67.87626953124999,-8.925616143755889],[-67.868896484375,-8.93010833125588],[-67.85588378906249,-8.92620208125588],[-67.83476562499999,-8.89885833125588],[-67.80290527343749,-8.87615325313088],[-67.79436035156249,-8.87224700313088],[-67.76652832031249,-8.86467864375588],[-67.75053710937499,-8.85711028438088],[-67.71713867187499,-8.83513762813088],[-67.70817871093749,-8.830596612505886],[-67.67856445312499,-8.826006768755889],[-67.6630859375,-8.82830169063088],[-67.63066406249999,-8.85344817500588],[-67.61638183593749,-8.85735442500588],[-67.60600585937499,-8.85125090938088],[-67.60205078125,-8.83367278438088],[-67.587646484375,-8.802276300005886],[-67.52280273437499,-8.796905206255886],[-67.50578613281249,-8.774737237505889],[-67.49187011718749,-8.787920831255889],[-67.48374023437499,-8.793487237505886],[-67.47509765625,-8.79583098750588],[-67.46611328124999,-8.792998956255886],[-67.461376953125,-8.78606536250588],[-67.45751953125,-8.777178643755889],[-67.451171875,-8.768584893755886],[-67.397900390625,-8.726104425005886],[-67.38232421875,-8.720733331255886],[-67.38232421875,-8.713897393755886],[-67.39926757812499,-8.68499114375588],[-67.38994140624999,-8.652178643755889],[-67.37177734375,-8.61834075313088],[-67.36181640625,-8.586748956255889],[-67.36308593749999,-8.563995050005886],[-67.3662109375,-8.553252862505886],[-67.37236328124999,-8.548858331255886],[-67.40512695312499,-8.56267669063088],[-67.41020507812499,-8.559405206255889],[-67.406982421875,-8.547686456255889],[-67.39291992187499,-8.529815362505886],[-67.38974609374999,-8.518096612505886],[-67.39365234374999,-8.513702081255886],[-67.40219726562499,-8.517901300005889],[-67.41049804687499,-8.524737237505889],[-67.41362304687499,-8.52825286250588],[-67.42724609375,-8.52044036250588],[-67.41669921875,-8.50335051875588],[-67.39853515624999,-8.48699309688088],[-67.38974609374999,-8.48113372188088],[-67.38786621093749,-8.463409112505886],[-67.42587890624999,-8.465166925005889],[-67.43686523437499,-8.447100518755889],[-67.43295898437499,-8.434405206255889],[-67.42294921874999,-8.43425872188088],[-67.41147460937499,-8.43865325313088],[-67.40341796874999,-8.43962981563088],[-67.39604492187499,-8.431475518755889],[-67.39042968749999,-8.420440362505886],[-67.37480468749999,-8.378741143755889],[-67.3701171875,-8.371612237505886],[-67.36181640625,-8.364580987505889],[-67.352783203125,-8.363604425005889],[-67.34440917968749,-8.36809661250588],[-67.33623046874999,-8.369170831255886],[-67.32768554687499,-8.35759856563088],[-67.34636230468749,-8.33684661250588],[-67.36850585937499,-8.32244231563088],[-67.38054199218749,-8.30681731563088],[-67.36865234375,-8.28191497188088],[-67.33623046874999,-8.251788018755889],[-67.32651367187499,-8.23113372188088],[-67.33513183593749,-8.206866143755889],[-67.32145996093749,-8.192217706255889],[-67.285888671875,-8.17351653438088],[-67.27304687499999,-8.159014581255889],[-67.29606933593749,-8.161163018755886],[-67.29575195312499,-8.15300872188088],[-67.27304687499999,-8.13103606563088],[-67.25578613281249,-8.10857512813088],[-67.242919921875,-8.09880950313088],[-67.22526855468749,-8.097002862505889],[-67.23154296874999,-8.08098723750588],[-67.25439453125,-8.062334893755889],[-67.25937499999999,-8.049151300005889],[-67.25498046874999,-8.042510675005886],[-67.23349609374999,-8.02434661250588],[-67.22526855468749,-8.01506926875588],[-67.249267578125,-8.013018487505889],[-67.25944824218749,-8.00042083125588],[-67.25664062499999,-7.986358331255886],[-67.24199218749999,-7.97966887813088],[-67.22282714843749,-7.975420831255889],[-67.21721191406249,-7.963702081255889],[-67.21845703125,-7.92571380000588],[-67.21435546875,-7.91033294063088],[-67.205517578125,-7.897295831255889],[-67.19194335937499,-7.88811614375588],[-67.17368164062499,-7.88469817500588],[-67.15361328124999,-7.89128997188088],[-67.141357421875,-7.89299895625588],[-67.13583984374999,-7.88811614375588],[-67.13481445312499,-7.88298919063088],[-67.130126953125,-7.87371184688088],[-67.12900390624999,-7.86760833125588],[-67.131591796875,-7.86126067500588],[-67.141845703125,-7.850909112505889],[-67.14267578124999,-7.84368255000588],[-67.13176269531249,-7.831084893755886],[-67.115478515625,-7.83001067500588],[-67.10068359374999,-7.82634856563088],[-67.09428710937499,-7.80584075313088],[-67.08579101562499,-7.796221612505889],[-67.046337890625,-7.80608489375588],[-67.03410644531249,-7.795928643755886],[-67.03623046874999,-7.78777434688088],[-67.050537109375,-7.77117278438088],[-67.05332031249999,-7.761748956255886],[-67.04868164062499,-7.75286223750588],[-67.03955078125,-7.74578215938088],[-67.03061523437499,-7.74407317500588],[-67.01791992187499,-7.76287200313088],[-66.99951171875,-7.76799895625588],[-66.982666015625,-7.76189544063088],[-66.97885742187499,-7.74065520625588],[-66.98496093749999,-7.738311456255886],[-66.997802734375,-7.72869231563088],[-67.007080078125,-7.718291925005886],[-67.00244140625,-7.713409112505886],[-66.96879882812499,-7.71648528438088],[-66.95566406249999,-7.71404387813088],[-66.968994140625,-7.69085051875588],[-66.96298828124999,-7.68084075313088],[-66.95012207031249,-7.67424895625588],[-66.937255859375,-7.67180755000588],[-66.92514648437499,-7.67595794063088],[-66.91252441406249,-7.681963800005889],[-66.90195312499999,-7.679522393755889],[-66.89628906249999,-7.65813567500588],[-66.88884277343749,-7.65813567500588],[-66.88603515624999,-7.66692473750588],[-66.87578124999999,-7.686065362505886],[-66.84326171875,-7.65886809688088],[-66.82431640624999,-7.648272393755889],[-66.803466796875,-7.643877862505889],[-66.77958984374999,-7.65007903438088],[-66.77666015624999,-7.665362237505889],[-66.77768554687499,-7.683916925005889],[-66.76591796874999,-7.70037200313088],[-66.7470703125,-7.699053643755889],[-66.711669921875,-7.66155364375588],[-66.69426269531249,-7.651885675005886],[-66.69157714843749,-7.65398528438088],[-66.68059082031249,-7.66863372188088],[-66.6767578125,-7.669756768755889],[-66.665771484375,-7.666534112505886],[-66.65976562499999,-7.665557550005886],[-66.65324707031249,-7.66179778438088],[-66.64853515624999,-7.65276458125588],[-66.64306640625,-7.63079192500588],[-66.64384765624999,-7.621123956255886],[-66.64714355468749,-7.612334893755886],[-66.6484375,-7.60418059688088],[-66.64306640625,-7.596709893755886],[-66.63395996093749,-7.59539153438088],[-66.62241210937499,-7.598955987505889],[-66.612548828125,-7.603838800005889],[-66.60825195312499,-7.60686614375588],[-66.60419921875,-7.613116143755889],[-66.5947265625,-7.613604425005889],[-66.57756347656249,-7.61028411250588],[-66.56992187499999,-7.605303643755889],[-66.56657714843749,-7.59587981563088],[-66.56088867187499,-7.590166925005889],[-66.54619140624999,-7.596709893755886],[-66.53989257812499,-7.60588958125588],[-66.53398437499999,-7.629229425005889],[-66.52573242187499,-7.63762786250588],[-66.517333984375,-7.63665130000588],[-66.5158203125,-7.626006768755886],[-66.51889648437499,-7.60686614375588],[-66.51547851562499,-7.58879973750588],[-66.50639648437499,-7.571319268755886],[-66.49326171874999,-7.556963800005889],[-66.477978515625,-7.54827239375588],[-66.45756835937499,-7.545440362505886],[-66.41611328124999,-7.546709893755889],[-66.3966796875,-7.542022393755886],[-66.38139648437499,-7.53167083125588],[-66.35368652343749,-7.504717706255889],[-66.333984375,-7.493682550005886],[-66.32170410156249,-7.51506926875588],[-66.314453125,-7.540850518755889],[-66.31884765625,-7.556670831255886],[-66.34140624999999,-7.54827239375588],[-66.33984375,-7.571807550005886],[-66.32763671875,-7.58416106563088],[-66.30859375,-7.586944268755886],[-66.28679199218749,-7.58245208125588],[-66.27734375,-7.577178643755886],[-66.26083984374999,-7.56438567500588],[-66.25200195312499,-7.561358331255889],[-66.24155273437499,-7.56560637813088],[-66.23308105468749,-7.57390715938088],[-66.22543945312499,-7.57586028438088],[-66.21787109374999,-7.561358331255889],[-66.21044921875,-7.561358331255889],[-66.20468749999999,-7.577471612505889],[-66.18686523437499,-7.604815362505889],[-66.18310546875,-7.614092706255889],[-66.17578125,-7.621416925005889],[-66.140625,-7.627276300005889],[-66.12846679687499,-7.63079192500588],[-66.12846679687499,-7.63762786250588],[-66.16325683593749,-7.651885675005886],[-66.14982910156249,-7.663897393755889],[-66.12944335937499,-7.66472747188088],[-66.08408203124999,-7.65813567500588],[-66.06657714843749,-7.652178643755889],[-66.04931640625,-7.64226653438088],[-66.038330078125,-7.64031340938088],[-66.03972167968749,-7.65813567500588],[-66.044140625,-7.66448333125588],[-66.05771484374999,-7.678057550005889],[-66.06022949218749,-7.686065362505886],[-66.05712890625,-7.69695403438088],[-66.05014648437499,-7.70598723750588],[-66.04052734375,-7.70940520625588],[-66.0126953125,-7.69280364375588],[-65.9345703125,-7.666045831255886],[-65.92626953125,-7.66448333125588],[-65.91684570312499,-7.665557550005886],[-65.90512695312499,-7.670928643755886],[-65.90122070312499,-7.67717864375588],[-65.89897460937499,-7.68523528438088],[-65.88706054687499,-7.70623137813088],[-65.88388671874999,-7.71599700313088],[-65.87810058593749,-7.723467706255889],[-65.86503906249999,-7.726397393755889],[-65.85087890624999,-7.72112395625588],[-65.84904785156249,-7.709014581255886],[-65.85419921875,-7.686065362505886],[-65.8517578125,-7.66545989375588],[-65.84702148437499,-7.659698175005886],[-65.83427734374999,-7.65813567500588],[-65.82255859374999,-7.663897393755889],[-65.81494140625,-7.675616143755889],[-65.80927734375,-7.687041925005886],[-65.80327148437499,-7.69231536250588],[-65.80063476562499,-7.69548919063088],[-65.78325195312499,-7.70842864375588],[-65.779052734375,-7.709991143755886],[-65.77490234375,-7.717608331255889],[-65.76628417968749,-7.70671965938088],[-65.75888671874999,-7.69158294063088],[-65.758544921875,-7.686065362505886],[-65.75664062499999,-7.68059661250588],[-65.7548828125,-7.673174737505889],[-65.75065917968749,-7.66936614375588],[-65.74150390624999,-7.67522551875588],[-65.7275390625,-7.70037200313088],[-65.72202148437499,-7.704424737505889],[-65.714111328125,-7.712920831255886],[-65.70183105468749,-7.720049737505889],[-65.68344726562499,-7.72014739375588],[-65.67392578124999,-7.71331145625588],[-65.66928710937499,-7.701202081255886],[-65.665771484375,-7.68743255000588],[-65.6513671875,-7.659209893755886],[-65.653076171875,-7.648467706255886],[-65.65202636718749,-7.64324309688088],[-65.63566894531249,-7.643877862505889],[-65.628662109375,-7.64666106563088],[-65.61459960937499,-7.65618255000588],[-65.60466308593749,-7.65813567500588],[-65.59580078124999,-7.65715911250588],[-65.579833984375,-7.652862237505886],[-65.57048339843749,-7.651885675005886],[-65.552978515625,-7.64788176875588],[-65.54460449218749,-7.638506768755889],[-65.538818359375,-7.617705987505886],[-65.53325195312499,-7.60515715938088],[-65.52402343749999,-7.590362237505886],[-65.51115722656249,-7.583038018755886],[-65.49479980468749,-7.59295012813088],[-65.46435546875,-7.63762786250588],[-65.45957031249999,-7.62517669063088],[-65.45688476562499,-7.61223723750588],[-65.45268554687499,-7.599932550005889],[-65.44321289062499,-7.58928801875588],[-65.43002929687499,-7.603838800005889],[-65.42570800781249,-7.61077239375588],[-65.42277832031249,-7.617705987505886],[-65.41594238281249,-7.617705987505886],[-65.41928710937499,-7.595538018755889],[-65.43754882812499,-7.55608489375588],[-65.43645019531249,-7.542022393755886],[-65.41984863281249,-7.53215911250588],[-65.40087890625,-7.53630950313088],[-65.36752929687499,-7.555694268755886],[-65.36069335937499,-7.53460051875588],[-65.38803710937499,-7.507842706255886],[-65.33061523437499,-7.47942473750588],[-65.32260742187499,-7.47747161250588],[-65.314697265625,-7.472491143755889],[-65.30852050781249,-7.464873956255886],[-65.30607910156249,-7.45574309688088],[-65.30209960937499,-7.450225518755886],[-65.292724609375,-7.44573333125588],[-65.27197265625,-7.43840911250588],[-65.239697265625,-7.44670989375588],[-65.205322265625,-7.398467706255886],[-65.17570800781249,-7.40422942500588],[-65.173095703125,-7.41130950313088],[-65.17204589843749,-7.422198175005889],[-65.16943359375,-7.43254973750588],[-65.162109375,-7.43840911250588],[-65.15458984374999,-7.43572356563088],[-65.15117187499999,-7.426788018755886],[-65.14902343749999,-7.41619231563088],[-65.14531249999999,-7.408038018755889],[-65.13603515624999,-7.39275481563088],[-65.13212890624999,-7.37444426875588],[-65.13217773437499,-7.35686614375588],[-65.134765625,-7.34343840938088],[-65.13994140624999,-7.33489348750588],[-65.14697265625,-7.32756926875588],[-65.15292968749999,-7.31975676875588],[-65.1552734375,-7.30925872188088],[-65.15185546875,-7.299346612505886],[-65.14482421874999,-7.29119231563088],[-65.137939453125,-7.28777434688088],[-65.134765625,-7.29192473750588],[-65.13046874999999,-7.30120208125588],[-65.109130859375,-7.32293059688088],[-65.09013671874999,-7.336748956255889],[-65.07773437499999,-7.34343840938088],[-65.06416015625,-7.34832122188088],[-65.04973144531249,-7.35027434688088],[-65.03647460937499,-7.345538018755889],[-65.02580566406249,-7.33660247188088],[-65.01416015625,-7.33098723750588],[-64.99821777343749,-7.33660247188088],[-64.97836914062499,-7.320342706255886],[-64.97600097656249,-7.29558684688088],[-64.97954101562499,-7.26897551875588],[-64.97770996093749,-7.24724700313088],[-64.96342773437499,-7.236651300005889],[-64.941357421875,-7.23699309688088],[-64.91679687499999,-7.24431731563088],[-64.89519042968749,-7.254717706255889],[-64.90805664062499,-7.26140715938088],[-64.91879882812499,-7.269366143755889],[-64.921142578125,-7.276885675005886],[-64.90886230468749,-7.282061456255889],[-64.889892578125,-7.281768487505886],[-64.87468261718749,-7.278838800005886],[-64.85942382812499,-7.279131768755889],[-64.840576171875,-7.28875090938088],[-64.83720703124999,-7.27385833125588],[-64.82988281249999,-7.255401300005886],[-64.81845703124999,-7.24431731563088],[-64.80302734374999,-7.251006768755886],[-64.794189453125,-7.251006768755886],[-64.78007812499999,-7.21746184688088],[-64.7716796875,-7.20623137813088],[-64.74155273437499,-7.215655206255889],[-64.716259765625,-7.192413018755886],[-64.6904296875,-7.160674737505886],[-64.65869140625,-7.144854425005889],[-64.63925781249999,-7.14080169063088],[-64.64262695312499,-7.13030364375588],[-64.65471191406249,-7.115752862505886],[-64.66179199218749,-7.09978606563088],[-64.63444824218749,-7.09807708125588],[-64.61376953125,-7.093584893755889],[-64.60039062499999,-7.082842706255889],[-64.64877929687499,-7.06560637813088],[-64.645263671875,-7.053545831255889],[-64.635986328125,-7.04705169063088],[-64.62265624999999,-7.045733331255889],[-64.607177734375,-7.048663018755889],[-64.60087890624999,-7.05364348750588],[-64.58432617187499,-7.063995050005886],[-64.56723632812499,-7.07097747188088],[-64.55937499999999,-7.06560637813088],[-64.5634765625,-7.04827239375588],[-64.57358398437499,-7.03557708125588],[-64.613720703125,-7.001788018755889],[-64.614697265625,-6.99822356563088],[-64.61020507812499,-6.99504973750588],[-64.60361328124999,-6.973955987505889],[-64.59672851562499,-6.96721770625588],[-64.59172363281249,-6.95916106563088],[-64.59416503906249,-6.945635675005889],[-64.60800781249999,-6.927764581255886],[-64.64707031249999,-6.899932550005886],[-64.66179199218749,-6.88347747188088],[-64.65190429687499,-6.87786223750588],[-64.61337890624999,-6.866729425005886],[-64.609619140625,-6.859405206255886],[-64.58945312499999,-6.83635833125588],[-64.57988281249999,-6.82952239375588],[-64.5732421875,-6.84392669063088],[-64.55991210937499,-6.84563567500588],[-64.55322265625,-6.83587005000588],[-64.56621093749999,-6.815264581255889],[-64.57602539062499,-6.81121184688088],[-64.58725585937499,-6.810088800005886],[-64.59653320312499,-6.80559661250588],[-64.60039062499999,-6.79168059688088],[-64.593994140625,-6.78508880000588],[-64.56577148437499,-6.777862237505886],[-64.55937499999999,-6.77117278438088],[-64.55717773437499,-6.76018645625588],[-64.55356445312499,-6.750518487505886],[-64.55278320312499,-6.741729425005886],[-64.55937499999999,-6.73333098750588],[-64.56601562499999,-6.73601653438088],[-64.577880859375,-6.742217706255886],[-64.58916015624999,-6.744952081255889],[-64.59416503906249,-6.73674895625588],[-64.59062499999999,-6.716631768755889],[-64.58066406249999,-6.70305755000588],[-64.565380859375,-6.693389581255886],[-64.54575195312499,-6.68547942500588],[-64.52783203125,-6.69597747188088],[-64.50700683593749,-6.69963958125588],[-64.46660156249999,-6.69915130000588],[-64.46611328124999,-6.68743255000588],[-64.455078125,-6.63323333125588],[-64.44956054687499,-6.617217706255886],[-64.430859375,-6.60027434688088],[-64.4111328125,-6.594561456255889],[-64.39006347656249,-6.59246184688088],[-64.36728515624999,-6.586944268755886],[-64.35942382812499,-6.58269622188088],[-64.344970703125,-6.571319268755886],[-64.317626953125,-6.556670831255886],[-64.31035156249999,-6.54973723750588],[-64.30527343749999,-6.538897393755889],[-64.294677734375,-6.50188567500588],[-64.29135742187499,-6.482745050005889],[-64.29130859374999,-6.462725518755889],[-64.30478515624999,-6.342120050005889],[-64.30224609375,-6.321319268755886],[-64.294921875,-6.302276300005886],[-64.28544921874999,-6.29094817500588],[-64.27446289062499,-6.28093840938088],[-64.26596679687499,-6.269561456255886],[-64.2609375,-6.24627044063088],[-64.26708984375,-6.178741143755886],[-64.27580566406249,-6.14666106563088],[-64.31171875,-6.06438567500588],[-64.31950683593749,-6.036944268755889],[-64.32182617187499,-6.011065362505889],[-64.31494140625,-5.969268487505886],[-64.31865234374999,-5.951006768755889],[-64.33708496093749,-5.941729425005889],[-64.34726562499999,-5.942217706255889],[-64.36638183593749,-5.947100518755889],[-64.37602539062499,-5.947100518755889],[-64.38486328124999,-5.94378020625588],[-64.38994140624999,-5.93816497188088],[-64.39384765624999,-5.93132903438088],[-64.39921874999999,-5.924346612505886],[-64.40678710937499,-5.91863372188088],[-64.415283203125,-5.915557550005886],[-64.42431640625,-5.91423919063088],[-64.4443359375,-5.91472747188088],[-64.451416015625,-5.91399505000588],[-64.45712890624999,-5.91057708125588],[-64.46391601562499,-5.90276458125588],[-64.47136230468749,-5.884112237505889],[-64.46440429687499,-5.87029387813088],[-64.41386718749999,-5.83391692500588],[-64.39982910156249,-5.81633880000588],[-64.39243164062499,-5.79583098750588],[-64.39340820312499,-5.77117278438088],[-64.39892578125,-5.734209893755889],[-64.39697265625,-5.715850518755886],[-64.38920898437499,-5.69841887813088],[-64.37387695312499,-5.68523528438088],[-64.35832519531249,-5.68596770625588],[-64.341796875,-5.691924737505886],[-64.32353515624999,-5.694659112505889],[-64.305419921875,-5.685577081255886],[-64.30620117187499,-5.66887786250588],[-64.31699218749999,-5.649737237505889],[-64.32902832031249,-5.634112237505889],[-64.33586425781249,-5.61614348750588],[-64.32902832031249,-5.60125090938088],[-64.313232421875,-5.59148528438088],[-64.29306640624999,-5.587920831255886],[-64.28256835937499,-5.58904387813088],[-64.255859375,-5.597686456255886],[-64.24609375,-5.59929778438088],[-64.23820800781249,-5.598174737505886],[-64.22031249999999,-5.591827081255886],[-64.20346679687499,-5.588897393755886],[-64.180419921875,-5.589190362505889],[-64.16171874999999,-5.59514739375588],[-64.15805664062499,-5.609698175005889],[-64.16398925781249,-5.616729425005886],[-64.18071289062499,-5.626299737505889],[-64.184814453125,-5.634600518755889],[-64.18193359374999,-5.644561456255886],[-64.17314453124999,-5.64959075313088],[-64.10429687499999,-5.654815362505886],[-64.08359374999999,-5.648467706255886],[-64.07817382812499,-5.63030364375588],[-64.08525390624999,-5.61394622188088],[-64.086181640625,-5.605987237505886],[-64.08122558593749,-5.596709893755886],[-64.074658203125,-5.59172942500588],[-64.06547851562499,-5.588213800005889],[-64.04777832031249,-5.58464934688088],[-64.02783203125,-5.585479425005886],[-64.01066894531249,-5.590655206255889],[-63.97788085937499,-5.60784270625588],[-63.962158203125,-5.61321380000588],[-63.94296874999999,-5.615069268755889],[-63.92412109374999,-5.612627862505889],[-63.90927734374999,-5.60588958125588],[-63.906982421875,-5.60271575313088],[-63.90478515625,-5.59563567500588],[-63.90178222656249,-5.59246184688088],[-63.897216796875,-5.590850518755886],[-63.89128417968749,-5.590166925005889],[-63.88525390625,-5.59026458125588],[-63.88041992187499,-5.59124114375588],[-63.87285156249999,-5.59563567500588],[-63.86821289062499,-5.60198333125588],[-63.86577148437499,-5.60979583125588],[-63.863525390625,-5.634795831255886],[-63.8583984375,-5.64641692500588],[-63.84855957031249,-5.65300872188088],[-63.832958984375,-5.654131768755889],[-63.817626953125,-5.650909112505886],[-63.810546875,-5.651202081255889],[-63.80380859374999,-5.655303643755886],[-63.79887695312499,-5.66497161250588],[-63.79746093749999,-5.677569268755889],[-63.79843749999999,-5.701690362505886],[-63.79721679687499,-5.71257903438088],[-63.79355468749999,-5.719268487505886],[-63.787353515625,-5.723174737505886],[-63.778564453125,-5.72600676875588],[-63.76416015625,-5.72722747188088],[-63.75834960937499,-5.72210051875588],[-63.75400390624999,-5.713897393755886],[-63.74382324218749,-5.70549895625588],[-63.72600097656249,-5.700713800005886],[-63.66533203124999,-5.70549895625588],[-63.64689941406249,-5.701202081255886],[-63.62834472656249,-5.69475676875588],[-63.61376953125,-5.695342706255886],[-63.60727539062499,-5.712237237505889],[-63.61210937499999,-5.731475518755886],[-63.6359375,-5.760088800005889],[-63.64140624999999,-5.777178643755889],[-63.63364257812499,-5.785674737505886],[-63.59501953124999,-5.78411223750588],[-63.579345703125,-5.787432550005889],[-63.58579101562499,-5.799151300005889],[-63.58544921875,-5.809112237505886],[-63.58037109374999,-5.81682708125588],[-63.572509765625,-5.822100518755889],[-63.52915039062499,-5.79876067500588],[-63.51787109374999,-5.794268487505889],[-63.48271484374999,-5.78704192500588],[-63.478759765625,-5.778643487505889],[-63.49057617187499,-5.760088800005889],[-63.47465820312499,-5.744170831255886],[-63.44873046875,-5.73211028438088],[-63.421337890625,-5.72698333125588],[-63.40117187499999,-5.73211028438088],[-63.39140624999999,-5.74627044063088],[-63.38901367187499,-5.75969817500588],[-63.3857421875,-5.769854425005889],[-63.373291015625,-5.773760675005889],[-63.36044921874999,-5.77141692500588],[-63.31259765624999,-5.73943450313088],[-63.22958984374999,-5.662432550005889],[-63.13432617187499,-5.616729425005886],[-63.14018554687499,-5.64714934688088],[-63.155029296875,-5.66570403438088],[-63.16269531249999,-5.68206145625588],[-63.14731445312499,-5.70549895625588],[-63.11979980468749,-5.72576262813088],[-63.08073730468749,-5.745635675005886],[-63.04575195312499,-5.74968840938088],[-63.03061523437499,-5.722198175005886],[-63.03837890624999,-5.662627862505886],[-63.04814453124999,-5.62908294063088],[-63.06987304687499,-5.593096612505889],[-63.069091796875,-5.57976653438088],[-63.06230468749999,-5.56853606563088],[-63.05234374999999,-5.56145598750588],[-63.03386230468749,-5.55730559688088],[-63.01982421874999,-5.561065362505886],[-62.989697265625,-5.582549737505886],[-62.98398437499999,-5.56780364375588],[-62.98027343749999,-5.55339934688088],[-62.98129882812499,-5.53801848750588],[-62.989697265625,-5.52044036250588],[-62.99838867187499,-5.51336028438088],[-63.02499999999999,-5.49651458125588],[-63.03061523437499,-5.48967864375588],[-63.03178710937499,-5.484893487505886],[-63.03691406249999,-5.47039153438088],[-63.0380859375,-5.46209075313088],[-63.03361816406249,-5.459502862505886],[-63.01181640624999,-5.458330987505889],[-63.00395507812499,-5.459014581255886],[-62.97202148437499,-5.47649505000588],[-62.96062011718749,-5.476397393755889],[-62.95615234374999,-5.455401300005889],[-62.96318359374999,-5.426104425005889],[-62.96110839843749,-5.41497161250588],[-62.94560546874999,-5.41057708125588],[-62.93686523437499,-5.414385675005889],[-62.917626953124994,-5.44158294063088],[-62.90739746093749,-5.448272393755886],[-62.898681640625,-5.448077081255889],[-62.88994140624999,-5.445342706255886],[-62.87980957031249,-5.44475676875588],[-62.8447265625,-5.45232512813088],[-62.83017578124999,-5.45012786250588],[-62.83574218749999,-5.43474700313088],[-62.85727539062499,-5.410967706255889],[-62.85624999999999,-5.400909112505886],[-62.8388671875,-5.390166925005886],[-62.83146972656249,-5.40422942500588],[-62.82756347656249,-5.390166925005886],[-62.82480468749999,-5.334795831255889],[-62.820556640625,-5.31511809688088],[-62.819580078125,-5.30413176875588],[-62.821240234375,-5.291534112505886],[-62.83261718749999,-5.259795831255886],[-62.83183593749999,-5.23772551875588],[-62.82797851562499,-5.21770598750588],[-62.83073730468749,-5.20330169063088],[-62.87126464843749,-5.19158294063088],[-62.87241210937499,-5.17742278438088],[-62.861328125,-5.161455987505889],[-62.84628906249999,-5.149932550005886],[-62.8134765625,-5.13347747188088],[-62.77788085937499,-5.11052825313088],[-62.75595703124999,-5.081573175005886],[-62.76433105468749,-5.04753997188088],[-62.77978515625,-5.029131768755889],[-62.78818359374999,-5.014971612505889],[-62.78549804687499,-4.99895598750588],[-62.767822265625,-4.97551848750588],[-62.74936523437499,-4.95964934688088],[-62.71538085937499,-4.94378020625588],[-62.69548339843749,-4.931475518755889],[-62.66049804687499,-4.892608331255886],[-62.637158203125,-4.87346770625588],[-62.62656249999999,-4.87957122188088],[-62.62761230468749,-4.900909112505886],[-62.63151855468749,-4.915362237505889],[-62.65390624999999,-4.951983331255889],[-62.66440429687499,-4.977373956255889],[-62.65812988281249,-4.98748137813088],[-62.64042968749999,-4.98406340938088],[-62.61662597656249,-4.96868255000588],[-62.59538574218749,-4.949541925005889],[-62.58500976562499,-4.93401458125588],[-62.58269042968749,-4.916045831255886],[-62.58769531249999,-4.85833098750588],[-62.59238281249999,-4.84832122188088],[-62.6015625,-4.84172942500588],[-62.61284179687499,-4.83831145625588],[-62.62248535156249,-4.83220794063088],[-62.62656249999999,-4.81780364375588],[-62.61809082031249,-4.805010675005889],[-62.59946289062499,-4.809893487505889],[-62.57194824218749,-4.82781340938088],[-62.557373046875,-4.841143487505889],[-62.544677734375,-4.855791925005889],[-62.53520507812499,-4.86980559688088],[-62.52861328124999,-4.87493255000588],[-62.52104492187499,-4.87273528438088],[-62.51425781249999,-4.862334893755886],[-62.51171875,-4.840850518755886],[-62.50676269531249,-4.83147551875588],[-62.49492187499999,-4.827471612505889],[-62.473876953125,-4.842608331255889],[-62.46208496093749,-4.842120050005889],[-62.454541015625,-4.824053643755889],[-62.48193359375,-4.779327081255886],[-62.48320312499999,-4.75945403438088],[-62.46635742187499,-4.747393487505889],[-62.44365234374999,-4.74578215938088],[-62.41838378906249,-4.747588800005886],[-62.393798828125,-4.745928643755889],[-62.37890625,-4.740557550005889],[-62.37407226562499,-4.73503997188088],[-62.372314453125,-4.728057550005886],[-62.36650390624999,-4.71795012813088],[-62.36552734374999,-4.71282317500588],[-62.36662597656249,-4.70623137813088],[-62.36687011718749,-4.700518487505889],[-62.36308593749999,-4.698077081255889],[-62.34140624999999,-4.70281340938088],[-62.33916015624999,-4.70427825313088],[-62.32927246093749,-4.69793059688088],[-62.32084960937499,-4.69060637813088],[-62.31137695312499,-4.68499114375588],[-62.29819335937499,-4.68377044063088],[-62.28891601562499,-4.68792083125588],[-62.24980468749999,-4.711748956255889],[-62.22563476562499,-4.70525481563088],[-62.20122070312499,-4.71331145625588],[-62.179638671875,-4.72307708125588],[-62.16416015624999,-4.72161223750588],[-62.11943359374999,-4.663409112505889],[-62.05656738281249,-4.54509856563088],[-62.02392578125,-4.51995208125588],[-62.012939453125,-4.517901300005889],[-61.99284667968749,-4.51775481563088],[-61.98227539062499,-4.51311614375588],[-61.97221679687499,-4.50359465938088],[-61.96586914062499,-4.49236419063088],[-61.96689453124999,-4.482940362505886],[-61.97919921875,-4.47893645625588],[-62.04916992187499,-4.49236419063088],[-62.06479492187499,-4.48577239375588],[-62.05681152343749,-4.465850518755886],[-62.02792968749999,-4.436358331255889],[-61.993408203125,-4.40911223750588],[-61.96860351562499,-4.39641692500588],[-61.94614257812499,-4.39812590938088],[-61.91757812499999,-4.413116143755886],[-61.89726562499999,-4.41692473750588],[-61.8849609375,-4.40764739375588],[-61.87841796875,-4.386553643755889],[-61.873046875,-4.34856536250588],[-61.8583984375,-4.31365325313088],[-61.84428710937499,-4.295733331255889],[-61.81425781249999,-4.29876067500588],[-61.79404296874999,-4.290557550005886],[-61.76318359375,-4.27288176875588],[-61.74472656249999,-4.265655206255886],[-61.72697753906249,-4.261553643755889],[-61.6689453125,-4.25725676875588],[-61.65146484374999,-4.251495050005886],[-61.6376953125,-4.24285247188088],[-61.62602539062499,-4.231963800005886],[-61.58154296875,-4.173174737505889],[-61.56455078124999,-4.14128997188088],[-61.551513671875,-4.108428643755886],[-61.54379882812499,-4.06536223750588],[-61.53728027343749,-4.05315520625588],[-61.44597167968749,-3.9549130187558887],[-61.43115234375,-3.94451262813088],[-61.38774414062499,-3.8997372375058887],[-61.379638671875,-3.88616301875588],[-61.38029785156249,-3.86809661250588],[-61.38339843749999,-3.85320403438088],[-61.390625,-3.839385675005886],[-61.40349121093749,-3.8245419250058887],[-61.41269531249999,-3.80852630000588],[-61.42204589843749,-3.7703427062558887],[-61.43115234375,-3.75554778438088],[-61.4404296875,-3.74504973750588],[-61.46835937499999,-3.69378020625588],[-61.47714843749999,-3.680694268755886],[-61.4833984375,-3.66961028438088]]]}},{"type":"Feature","properties":{"role":"context_only","name":"Madre de Dios","name_en":"Madre de Dios","ne_id":1159116415},"geometry":{"type":"MultiLineString","coordinates":[[[-72.165283203125,-12.181670831255886],[-72.16557617187499,-12.135088800005889],[-72.15903320312499,-12.114580987505889],[-72.14208984375,-12.105987237505886],[-72.12143554687499,-12.101592706255886],[-72.105224609375,-12.09002044063088],[-72.09270019531249,-12.074541925005889],[-72.07407226562499,-12.04070403438088],[-72.07097167968749,-12.032745050005886],[-72.06975097656249,-12.023467706255886],[-72.07182617187499,-12.01165130000588],[-72.07651367187499,-12.00383880000588],[-72.08122558593749,-11.998077081255886],[-72.08342285156249,-11.992705987505886],[-72.08447265625,-11.984698175005889],[-72.08916015624999,-11.96941497188088],[-72.09018554687499,-11.958330987505889],[-72.087646484375,-11.947100518755889],[-72.07763671875,-11.92253997188088],[-72.0771484375,-11.913604425005886],[-72.08342285156249,-11.90911223750588],[-72.10405273437499,-11.906280206255886],[-72.11069335937499,-11.89983489375588],[-72.10869140624999,-11.889971612505889],[-72.09775390624999,-11.86370208125588],[-72.10075683593749,-11.85833098750588],[-72.10581054687499,-11.855303643755889],[-72.11638183593749,-11.842120050005889],[-72.12919921874999,-11.834991143755886],[-72.130078125,-11.82512786250588],[-72.129150390625,-11.81365325313088],[-72.1318359375,-11.80437590938088],[-72.1416015625,-11.798858331255886],[-72.15202636718749,-11.79778411250588],[-72.16074218749999,-11.79509856563088],[-72.165283203125,-11.784502862505889],[-72.16166992187499,-11.771514581255886],[-72.15080566406249,-11.763702081255886],[-72.13786621093749,-11.758330987505886],[-72.12802734374999,-11.75286223750588],[-72.093505859375,-11.699541925005889],[-72.0771484375,-11.688311456255889],[-72.07114257812499,-11.688311456255889],[-72.0615234375,-11.69426848750588],[-72.055419921875,-11.69451262813088],[-72.050537109375,-11.69182708125588],[-72.04094238281249,-11.68352630000588],[-72.03623046874999,-11.68084075313088],[-72.0126953125,-11.67156340938088],[-72.00187988281249,-11.66521575313088],[-71.99150390624999,-11.65691497188088],[-71.983154296875,-11.65325286250588],[-71.97185058593749,-11.652373956255886],[-71.949951171875,-11.65349700313088],[-71.9453125,-11.651690362505889],[-71.9296875,-11.64275481563088],[-71.9189453125,-11.63982512813088],[-71.88115234374999,-11.64299895625588],[-71.81577148437499,-11.66936614375588],[-71.77548828124999,-11.674639581255889],[-71.73540039062499,-11.66619231563088],[-71.69902343749999,-11.653643487505889],[-71.66147460937499,-11.649737237505889],[-71.61784667968749,-11.66716887813088],[-71.59775390624999,-11.680205987505886],[-71.5888671875,-11.68425872188088],[-71.57626953124999,-11.688311456255889],[-71.56455078124999,-11.690264581255889],[-71.555419921875,-11.690459893755886],[-71.54729003906249,-11.691924737505886],[-71.53874511718749,-11.69793059688088],[-71.53618164062499,-11.706866143755889],[-71.54313964843749,-11.728545831255886],[-71.53874511718749,-11.73943450313088],[-71.53154296874999,-11.744952081255889],[-71.490478515625,-11.76653411250588],[-71.48942871093749,-11.77141692500588],[-71.50114746093749,-11.77703215938088],[-71.48837890624999,-11.78997161250588],[-71.46738281249999,-11.80071380000588],[-71.44541015624999,-11.808428643755889],[-71.41826171874999,-11.812334893755889],[-71.399169921875,-11.817413018755886],[-71.38786621093749,-11.818682550005889],[-71.37705078124999,-11.82195403438088],[-71.37407226562499,-11.83025481563088],[-71.37395019531249,-11.841143487505889],[-71.37143554687499,-11.852080987505886],[-71.357177734375,-11.870147393755886],[-71.33793945312499,-11.883135675005889],[-71.3173828125,-11.89104583125588],[-71.298828125,-11.89373137813088],[-71.29345703125,-11.89788176875588],[-71.2841796875,-11.91619231563088],[-71.27836914062499,-11.920440362505886],[-71.267578125,-11.92156340938088],[-71.26035156249999,-11.924639581255889],[-71.24790039062499,-11.93401458125588],[-71.21152343749999,-11.97600676875588],[-71.20354003906249,-11.982452081255886],[-71.1466796875,-12.01189544063088],[-71.131298828125,-12.023467706255886],[-71.12729492187499,-12.030303643755886],[-71.12158203125,-12.04851653438088],[-71.11699218749999,-12.05754973750588],[-71.108154296875,-12.064971612505886],[-71.099560546875,-12.068389581255886],[-71.09287109374999,-12.07415130000588],[-71.09025878906249,-12.088897393755886],[-71.08708496093749,-12.096221612505886],[-71.080078125,-12.102569268755886],[-71.072998046875,-12.110674737505889],[-71.06982421875,-12.12297942500588],[-71.03500976562499,-12.16057708125588],[-70.99467773437499,-12.182940362505889],[-70.97470703124999,-12.197100518755889],[-70.96616210937499,-12.21209075313088],[-70.96240234375,-12.23626067500588],[-70.9521484375,-12.248565362505886],[-70.91899414062499,-12.26360442500588],[-70.91733398437499,-12.266143487505886],[-70.91660156249999,-12.269854425005889],[-70.915283203125,-12.27385833125588],[-70.91154785156249,-12.27727630000588],[-70.89165039062499,-12.28411223750588],[-70.881591796875,-12.285479425005889],[-70.86801757812499,-12.285674737505886],[-70.85507812499999,-12.284209893755886],[-70.82958984375,-12.275420831255886],[-70.80607910156249,-12.27947356563088],[-70.783203125,-12.28850676875588],[-70.76811523437499,-12.29778411250588],[-70.763916015625,-12.30486419063088],[-70.75883789062499,-12.324053643755889],[-70.75449218749999,-12.33196380000588],[-70.74589843749999,-12.33855559688088],[-70.72490234374999,-12.34954192500588],[-70.71630859375,-12.35613372188088],[-70.70280761718749,-12.37712981563088],[-70.68974609374999,-12.420245050005889],[-70.67875976562499,-12.44109465938088],[-70.665771484375,-12.45330169063088],[-70.644287109375,-12.46648528438088],[-70.62041015624999,-12.473174737505886],[-70.60019531249999,-12.465362237505886],[-70.58652343749999,-12.463702081255889],[-70.57211914062499,-12.47844817500588],[-70.549072265625,-12.50945403438088],[-70.44243164062499,-12.54509856563088],[-70.40439453124999,-12.56462981563088],[-70.3759765625,-12.589385675005886],[-70.36240234374999,-12.596709893755886],[-70.31884765625,-12.602080987505886],[-70.27817382812499,-12.612627862505889],[-70.25419921874999,-12.613116143755889],[-70.18808593749999,-12.601397393755889],[-70.17790527343749,-12.595733331255886],[-70.17587890624999,-12.57122161250588],[-70.16874999999999,-12.55657317500588],[-70.154296875,-12.55193450313088],[-70.13071289062499,-12.55779387813088],[-70.099365234375,-12.58220794063088],[-70.08310546874999,-12.59075286250588],[-70.07609863281249,-12.58171965938088],[-70.06584472656249,-12.571123956255889],[-70.04257812499999,-12.57463958125588],[-69.99003906249999,-12.595538018755889],[-69.98405761718749,-12.59661223750588],[-69.97934570312499,-12.598663018755886],[-69.97299804687499,-12.605010675005886],[-69.969677734375,-12.612823175005886],[-69.96782226562499,-12.622393487505889],[-69.96428222656249,-12.630205987505889],[-69.95598144531249,-12.633623956255889],[-69.94482421875,-12.634600518755889],[-69.92490234374999,-12.63884856563088],[-69.91464843749999,-12.63982512813088],[-69.90471191406249,-12.637041925005889],[-69.89404296875,-12.62395598750588],[-69.88364257812499,-12.61931731563088],[-69.864501953125,-12.62029387813088],[-69.83305664062499,-12.63591887813088],[-69.812255859375,-12.63982512813088],[-69.80278320312499,-12.638018487505889],[-69.7939453125,-12.63469817500588],[-69.78569335937499,-12.63323333125588],[-69.77783203125,-12.63665130000588],[-69.77495117187499,-12.64104583125588],[-69.77412109375,-12.64617278438088],[-69.7744140625,-12.657549737505889],[-69.7716796875,-12.661455987505889],[-69.765380859375,-12.660967706255889],[-69.75830078125,-12.65960051875588],[-69.75327148437499,-12.66082122188088],[-69.74853515625,-12.670245050005889],[-69.748779296875,-12.675811456255886],[-69.748046875,-12.680694268755886],[-69.74028320312499,-12.687530206255886],[-69.73935546874999,-12.68474700313088],[-69.63925781249999,-12.68987395625588],[-69.61679687499999,-12.687530206255886],[-69.59384765624999,-12.68010833125588],[-69.58173828125,-12.668780206255889],[-69.572509765625,-12.65422942500588],[-69.55844726562499,-12.63665130000588],[-69.55034179687499,-12.63176848750588],[-69.53251953124999,-12.62810637813088],[-69.52426757812499,-12.62297942500588],[-69.518017578125,-12.61467864375588],[-69.51401367187499,-12.60686614375588],[-69.50913085937499,-12.59929778438088],[-69.50004882812499,-12.59197356563088],[-69.47788085937499,-12.60808684688088],[-69.46142578125,-12.60125090938088],[-69.44450683593749,-12.58660247188088],[-69.42124023437499,-12.57830169063088],[-69.3935546875,-12.57366301875588],[-69.37924804687499,-12.560577081255886],[-69.37646484375,-12.54119231563088],[-69.38339843749999,-12.516924737505889],[-69.356201171875,-12.520830987505889],[-69.34360351562499,-12.54021575313088],[-69.33642578125,-12.56145598750588],[-69.32568359375,-12.57146575313088],[-69.314453125,-12.57366301875588],[-69.29526367187499,-12.58294036250588],[-69.28410644531249,-12.58513762813088],[-69.27509765625,-12.58342864375588],[-69.26352539062499,-12.57488372188088],[-69.253662109375,-12.57146575313088],[-69.24248046874999,-12.572295831255886],[-69.233642578125,-12.575713800005886],[-69.22607421875,-12.576983331255889],[-69.21892089843749,-12.57146575313088],[-69.21923828125,-12.563995050005886],[-69.2294921875,-12.537432550005889],[-69.21867675781249,-12.525713800005889],[-69.21127929687499,-12.504424737505886],[-69.20195312499999,-12.49456145625588],[-69.18540039062499,-12.516924737505889],[-69.18120117187499,-12.52947356563088],[-69.18168945312499,-12.53850676875588],[-69.18408203125,-12.54680755000588],[-69.1865234375,-12.56292083125588],[-69.191357421875,-12.566436456255886],[-69.19157714843749,-12.57146575313088],[-69.18876953124999,-12.577959893755889],[-69.18417968749999,-12.58245208125588],[-69.17985839843749,-12.585772393755889],[-69.173583984375,-12.594756768755886],[-69.1630859375,-12.59807708125588],[-69.14072265624999,-12.599444268755889],[-69.1259765625,-12.59856536250588],[-69.11767578125,-12.595245050005886],[-69.07402343749999,-12.543780206255889],[-69.05681152343749,-12.52947356563088],[-69.037353515625,-12.523760675005889],[-69.01171875,-12.528838800005886],[-68.97441406249999,-12.55437590938088],[-68.95200195312499,-12.56462981563088],[-68.93124999999999,-12.56658294063088],[-68.919189453125,-12.566241143755889],[-68.91098632812499,-12.56462981563088],[-68.902099609375,-12.55657317500588],[-68.8974609375,-12.538409112505889],[-68.89052734375,-12.530596612505889],[-68.87163085937499,-12.52947356563088],[-68.82915039062499,-12.54631926875588],[-68.811767578125,-12.540850518755889],[-68.788818359375,-12.52581145625588],[-68.78378906249999,-12.523760675005889],[-68.77890624999999,-12.519366143755889],[-68.76359863281249,-12.49236419063088],[-68.74677734375,-12.489288018755886],[-68.70109863281249,-12.50042083125588],[-68.67827148437499,-12.495147393755886],[-68.64567871093749,-12.49675872188088],[-68.63608398437499,-12.495147393755886],[-68.62980957031249,-12.49089934688088],[-68.61784667968749,-12.47795989375588],[-68.61313476562499,-12.47527434688088],[-68.59355468749999,-12.42107512813088],[-68.58208007812499,-12.407061456255889],[-68.558349609375,-12.402373956255886],[-68.54118652343749,-12.41033294063088],[-68.52646484374999,-12.421709893755889],[-68.51005859374999,-12.427569268755889],[-68.48942871093749,-12.42473723750588],[-68.47697753906249,-12.416827081255889],[-68.45854492187499,-12.38713958125588],[-68.412109375,-12.272979425005886],[-68.39030761718749,-12.24260833125588],[-68.27189941406249,-12.181475518755889],[-68.246337890625,-12.15374114375588],[-68.238427734375,-12.120440362505889],[-68.23112792968749,-12.04778411250588],[-68.21525878906249,-12.020049737505886],[-68.18461914062499,-12.005694268755889],[-68.109375,-11.995635675005886],[-68.08244628906249,-11.982452081255886],[-68.06201171875,-11.983721612505889],[-68.03691406249999,-11.979034112505886],[-68.012939453125,-11.97014739375588],[-67.995849609375,-11.958330987505889],[-67.98137207031249,-11.936358331255889],[-67.97314453125,-11.910186456255886],[-67.97539062499999,-11.88665130000588],[-67.992431640625,-11.872588800005886],[-67.98857421874999,-11.86345794063088],[-67.98283691406249,-11.856963800005886],[-67.97509765625,-11.853057550005886],[-67.96513671874999,-11.852080987505886],[-67.977978515625,-11.82000090938088],[-67.985595703125,-11.81121184688088],[-67.97441406249999,-11.79558684688088],[-67.93857421874999,-11.77556731563088],[-67.93100585937499,-11.76677825313088],[-67.92929687499999,-11.744170831255886],[-67.92431640625,-11.72576262813088],[-67.91582031249999,-11.711455987505886],[-67.90366210937499,-11.70134856563088],[-67.8818359375,-11.692217706255889],[-67.862060546875,-11.69060637813088],[-67.81804199218749,-11.69451262813088],[-67.79541015625,-11.690459893755886],[-67.77597656249999,-11.67962005000588],[-67.75961914062499,-11.66423919063088],[-67.72739257812499,-11.61907317500588],[-67.71435546875,-11.60491301875588],[-67.70097656249999,-11.598955987505889],[-67.70297851562499,-11.587920831255886],[-67.69580078125,-11.53753020625588],[-67.69140625,-11.52312590938088],[-67.66826171874999,-11.50090911250588],[-67.63427734375,-11.48113372188088],[-67.59628906249999,-11.47014739375588],[-67.56103515625,-11.47478606563088],[-67.54277343749999,-11.486846612505886],[-67.52719726562499,-11.500518487505886],[-67.50883789062499,-11.51165130000588],[-67.48222656249999,-11.51628997188088],[-67.4619140625,-11.52385833125588],[-67.43754882812499,-11.559405206255889],[-67.41704101562499,-11.57097747188088],[-67.393798828125,-11.569170831255889],[-67.37045898437499,-11.55779387813088],[-67.33139648437499,-11.52654387813088],[-67.31328124999999,-11.515655206255886],[-67.274169921875,-11.504229425005889],[-67.25937499999999,-11.495147393755886],[-67.24252929687499,-11.46355559688088],[-67.23007812499999,-11.42327239375588],[-67.21176757812499,-11.386260675005886],[-67.177490234375,-11.36492278438088],[-67.13457031249999,-11.36272551875588],[-67.04887695312499,-11.372100518755886],[-67.00615234374999,-11.36492278438088],[-66.996337890625,-11.360674737505889],[-66.98813476562499,-11.355791925005889],[-66.98149414062499,-11.350420831255889],[-66.97624511718749,-11.344268487505886],[-66.97075195312499,-11.33416106563088],[-66.96733398437499,-11.32244231563088],[-66.96518554687499,-11.293487237505886],[-66.95517578124999,-11.277178643755889],[-66.93217773437499,-11.278838800005886],[-66.86899414062499,-11.305205987505886],[-66.86118164062499,-11.305987237505889],[-66.847900390625,-11.30339934688088],[-66.83798828124999,-11.298858331255886],[-66.82016601562499,-11.286163018755886],[-66.81064453124999,-11.28362395625588],[-66.79887695312499,-11.27361419063088],[-66.80380859374999,-11.251788018755889],[-66.81462402343749,-11.230498956255886],[-66.820556640625,-11.22210051875588],[-66.81640625,-11.19500090938088],[-66.80224609375,-11.190459893755886],[-66.78264160156249,-11.201006768755889],[-66.74223632812499,-11.236163018755889],[-66.72624511718749,-11.241241143755886],[-66.71049804687499,-11.23406340938088],[-66.69084472656249,-11.21526458125588],[-66.66171874999999,-11.17400481563088],[-66.64926757812499,-11.16497161250588],[-66.63876953124999,-11.16033294063088],[-66.62773437499999,-11.15837981563088],[-66.62255859375,-11.16375090938088],[-66.617138671875,-11.16692473750588],[-66.59062499999999,-11.16838958125588],[-66.58098144531249,-11.167510675005886],[-66.56193847656249,-11.15862395625588],[-66.54826660156249,-11.14495208125588],[-66.518798828125,-11.10027434688088],[-66.51376953124999,-11.09514739375588],[-66.50522460937499,-11.09172942500588],[-66.49545898437499,-11.09221770625588],[-66.490966796875,-11.096709893755886],[-66.488427734375,-11.102080987505886],[-66.48479003906249,-11.10540130000588],[-66.47333984375,-11.11199309688088],[-66.46562499999999,-11.114288018755886],[-66.45744628906249,-11.11223723750588],[-66.45458984375,-11.10686614375588],[-66.4533203125,-11.089873956255886],[-66.45126953124999,-11.08489348750588],[-66.43710937499999,-11.080108331255886],[-66.4306640625,-11.08733489375588],[-66.424072265625,-11.098467706255889],[-66.40966796875,-11.10540130000588],[-66.37968749999999,-11.095049737505889],[-66.362060546875,-11.06438567500588],[-66.341064453125,-10.96428801875588],[-66.33208007812499,-10.96282317500588],[-66.3134765625,-10.97503020625588],[-66.29985351562499,-10.990069268755889],[-66.30014648437499,-11.000811456255889],[-66.3203125,-11.023467706255886],[-66.30656738281249,-11.03606536250588],[-66.28776855468749,-11.033721612505886],[-66.26904296875,-11.023760675005889],[-66.25541992187499,-11.01262786250588],[-66.220947265625,-10.99553801875588],[-66.2150390625,-10.991241143755886],[-66.2119140625,-10.98186614375588],[-66.2099609375,-10.972491143755889],[-66.20732421874999,-10.968291925005886],[-66.19663085937499,-10.939776300005889],[-66.18344726562499,-10.92083098750588],[-66.16325683593749,-10.913604425005886],[-66.14726562499999,-10.921709893755889],[-66.13828124999999,-10.93743255000588],[-66.13144531249999,-10.954913018755889],[-66.12167968749999,-10.968291925005886],[-66.10624999999999,-10.978545831255886],[-66.09050292968749,-10.970049737505889],[-66.07817382812499,-10.951202081255886],[-66.06645507812499,-10.910674737505886],[-66.05356445312499,-10.88860442500588],[-66.04545898437499,-10.86760833125588],[-66.05341796875,-10.851592706255886],[-66.06364746093749,-10.849639581255886],[-66.08452148437499,-10.85784270625588],[-66.094970703125,-10.858428643755886],[-66.10209960937499,-10.85418059688088],[-66.10791015625,-10.847198175005886],[-66.10800781249999,-10.84075286250588],[-66.075927734375,-10.830889581255889],[-66.03471679687499,-10.79851653438088],[-66.01181640624999,-10.78948333125588],[-65.97373046874999,-10.79607512813088],[-65.93027343749999,-10.809893487505889],[-65.89511718749999,-10.811846612505889],[-65.882080078125,-10.78337981563088],[-65.88681640624999,-10.764971612505889],[-65.89824218749999,-10.74700286250588],[-65.91435546874999,-10.733428643755886],[-65.93330078125,-10.728057550005886],[-65.942578125,-10.71965911250588],[-65.93588867187499,-10.70110442500588],[-65.92192382812499,-10.68254973750588],[-65.909423828125,-10.674151300005889],[-65.898193359375,-10.67986419063088],[-65.88461914062499,-10.69329192500588],[-65.87321777343749,-10.708330987505889],[-65.868408203125,-10.71843840938088],[-65.85637207031249,-10.72307708125588],[-65.829345703125,-10.71721770625588],[-65.785888671875,-10.70134856563088],[-65.76279296874999,-10.68401458125588],[-65.75322265624999,-10.667022393755886],[-65.75166015625,-10.647491143755886],[-65.75236816406249,-10.62224700313088],[-65.75717773437499,-10.600616143755886],[-65.76416015625,-10.580108331255886],[-65.76157226562499,-10.564288018755889],[-65.73808593749999,-10.55681731563088],[-65.71738281249999,-10.56072356563088],[-65.69584960937499,-10.568682550005889],[-65.674072265625,-10.57170989375588],[-65.65244140624999,-10.56047942500588],[-65.63242187499999,-10.54241301875588],[-65.61313476562499,-10.52849700313088],[-65.5263671875,-10.48674895625588],[-65.51896972656249,-10.47820403438088],[-65.51230468749999,-10.458330987505889],[-65.496826171875,-10.43621184688088],[-65.47861328124999,-10.41741301875588],[-65.46435546875,-10.406573175005889],[-65.447998046875,-10.40081145625588],[-65.395458984375,-10.39226653438088]]]}},{"type":"Feature","properties":{"role":"context_only","name":"Tocantins","name_en":"Tocantins","ne_id":1159117365},"geometry":{"type":"MultiLineString","coordinates":[[[-49.1787109375,-15.92595794063088],[-49.18986816406249,-15.90935637813088],[-49.20917968749998,-15.854327081255889],[-49.25187988281249,-15.79412200313088],[-49.257568359375,-15.76799895625588],[-49.26628417968749,-15.750811456255889],[-49.28593749999999,-15.731768487505889],[-49.30681152343749,-15.72161223750588],[-49.31901855468749,-15.73137786250588],[-49.32646484374999,-15.73137786250588],[-49.31914062499999,-15.712432550005886],[-49.328222656250006,-15.70940520625588],[-49.36372070312498,-15.717120050005889],[-49.38037109375,-15.710772393755889],[-49.387939453125,-15.69744231563088],[-49.38427734375,-15.685381768755889],[-49.367431640625,-15.68303801875588],[-49.431982421875006,-15.618194268755886],[-49.44218749999999,-15.60247161250588],[-49.44987792968749,-15.56389739375588],[-49.456152343750006,-15.54583098750588],[-49.46484375,-15.535186456255886],[-49.479833984375006,-15.521514581255886],[-49.49755859375,-15.509795831255886],[-49.514501953125006,-15.504913018755886],[-49.524267578125006,-15.49627044063088],[-49.53618164062499,-15.47673919063088],[-49.544921875,-15.45598723750588],[-49.544921875,-15.443389581255886],[-49.55534667968749,-15.438799737505889],[-49.5625,-15.44060637813088],[-49.57023925781249,-15.441241143755889],[-49.58251953125,-15.43254973750588],[-49.58740234375,-15.422198175005889],[-49.588134765625,-15.41155364375588],[-49.59208984374999,-15.403838800005886],[-49.6064453125,-15.40178801875588],[-49.598486328125006,-15.38909270625588],[-49.58935546875,-15.37761809688088],[-49.58562011718749,-15.36834075313088],[-49.59208984374999,-15.35173919063088],[-49.5654296875,-15.27459075313088],[-49.56328124999999,-15.257842706255886],[-49.55388183593749,-15.22307708125588],[-49.5498046875,-15.188311456255889],[-49.543701171875,-15.17742278438088],[-49.53325195312499,-15.17009856563088],[-49.518310546875,-15.16228606563088],[-49.51079101562499,-15.169756768755889],[-49.495458984375006,-15.158526300005889],[-49.4873046875,-15.143877862505889],[-49.48735351562499,-15.133330987505886],[-49.49658203125,-15.13494231563088],[-49.50395507812499,-15.13494231563088],[-49.51079101562499,-15.120635675005886],[-49.49504394531249,-15.11980559688088],[-49.485107421875,-15.11248137813088],[-49.47685546874999,-15.10418059688088],[-49.466406250000006,-15.10027434688088],[-49.438574218750006,-15.104815362505889],[-49.42822265625,-15.10149505000588],[-49.42204589843749,-15.086455987505886],[-49.418310546875006,-15.088213800005889],[-49.415283203125,-15.08904387813088],[-49.412207031250006,-15.09050872188088],[-49.408447265625,-15.09392669063088],[-49.400244140625006,-15.07756926875588],[-49.39165039062499,-15.064288018755889],[-49.36372070312498,-15.03533294063088],[-49.35136718749999,-15.01751067500588],[-49.328125,-14.97258880000588],[-49.315576171874994,-14.963702081255889],[-49.298583984375,-14.88787200313088],[-49.29313964843749,-14.88176848750588],[-49.277587890625,-14.86907317500588],[-49.271240234375,-14.86052825313088],[-49.270117187500006,-14.85051848750588],[-49.27263183593749,-14.841631768755889],[-49.27092285156249,-14.83367278438088],[-49.257568359375,-14.826495050005889],[-49.24431152343749,-14.836748956255889],[-49.2236328125,-14.82317473750588],[-49.20097656249999,-14.80291106563088],[-49.181884765625,-14.792315362505889],[-49.199072265625006,-14.77141692500588],[-49.200292968750006,-14.76165130000588],[-49.175048828125,-14.75408294063088],[-49.168554687500006,-14.746123956255886],[-49.162841796875,-14.73699309688088],[-49.154541015625,-14.730303643755889],[-49.13720703125,-14.734209893755889],[-49.125585937500006,-14.733721612505889],[-49.120361328125,-14.72649505000588],[-49.112890625000006,-14.72918059688088],[-49.06889648437499,-14.716631768755889],[-49.065771484375006,-14.714678643755889],[-49.05681152343749,-14.705401300005889],[-49.051513671875,-14.70232512813088],[-49.04511718749998,-14.70354583125588],[-49.03850097656249,-14.70794036250588],[-49.03173828125,-14.711455987505886],[-49.024755859375006,-14.709795831255889],[-49.01801757812498,-14.69988372188088],[-49.01872558593749,-14.68987395625588],[-49.02250976562499,-14.68035247188088],[-49.024755859375006,-14.67156340938088],[-49.03032226562499,-14.617510675005889],[-49.02702636718749,-14.600909112505889],[-49.010498046875,-14.61419036250588],[-49.012939453125,-14.60515715938088],[-49.017431640625006,-14.60003020625588],[-49.022070312500006,-14.59685637813088],[-49.024755859375006,-14.593096612505889],[-49.024755859375006,-14.58220794063088],[-49.02177734374999,-14.575518487505889],[-49.02031249999999,-14.569170831255889],[-49.024755859375006,-14.55901458125588],[-49.00410156249998,-14.552276300005886],[-49.002783203125006,-14.54485442500588],[-49.010595703125006,-14.535674737505886],[-49.01738281249999,-14.52483489375588],[-49.018164062500006,-14.510088800005889],[-49.014990234375006,-14.481475518755886],[-49.01738281249999,-14.47014739375588],[-49.00341796875,-14.461260675005889],[-48.992919921875,-14.44915130000588],[-48.98613281249999,-14.43377044063088],[-48.98320312499999,-14.41497161250588],[-48.989013671875,-14.35027434688088],[-48.99345703124999,-14.336455987505886],[-49.020263671875,-14.314971612505886],[-49.024755859375006,-14.312530206255886],[-49.024755859375006,-14.30193450313088],[-49.019287109375,-14.297881768755886],[-49.010351562500006,-14.294952081255886],[-49.0,-14.28826262813088],[-48.98710937499999,-14.27214934688088],[-48.96708984374999,-14.23772551875588],[-48.955908203125006,-14.223174737505886],[-48.948583984375006,-14.217315362505886],[-48.92656249999999,-14.20501067500588],[-48.918066406250006,-14.202666925005886],[-48.91337890624999,-14.19817473750588],[-48.88566894531249,-14.158038018755889],[-48.875585937500006,-14.146514581255886],[-48.863623046875006,-14.137530206255889],[-48.84978027343749,-14.13372161250588],[-48.817724609375006,-14.14006926875588],[-48.803955078125,-14.13811614375588],[-48.79826660156249,-14.123858331255889],[-48.793798828125006,-14.120440362505889],[-48.77197265625,-14.12151458125588],[-48.76416015625,-14.12078215938088],[-48.75927734375,-14.11565520625588],[-48.75043945312498,-14.10027434688088],[-48.743017578125006,-14.092803643755886],[-48.740234375,-14.09832122188088],[-48.73583984375,-14.105010675005886],[-48.730712890625,-14.11077239375588],[-48.72624511718749,-14.113311456255886],[-48.71337890625,-14.11638762813088],[-48.71123046874999,-14.123858331255889],[-48.712255859375006,-14.13274505000588],[-48.708837890625006,-14.14055755000588],[-48.701025390625006,-14.14446380000588],[-48.686279296875,-14.14617278438088],[-48.67119140624999,-14.156768487505886],[-48.664794921875,-14.15862395625588],[-48.62358398437499,-14.16570403438088],[-48.608007812500006,-14.16399505000588],[-48.594970703125,-14.15569426875588],[-48.54826660156249,-14.11370208125588],[-48.529296875,-14.119659112505886],[-48.5205078125,-14.117022393755889],[-48.48164062499998,-14.062041925005886],[-48.47612304687499,-14.04876067500588],[-48.471777343750006,-14.03093840938088],[-48.46040039062498,-14.01677825313088],[-48.443945312500006,-14.007354425005886],[-48.424902343750006,-14.00408294063088],[-48.41162109375,-13.99871184688088],[-48.38530273437499,-13.97527434688088],[-48.37651367187499,-13.96990325313088],[-48.35197753906249,-13.96550872188088],[-48.345800781250006,-13.96306731563088],[-48.3388671875,-13.955108331255886],[-48.33476562499999,-13.93865325313088],[-48.325292968750006,-13.92766692500588],[-48.355810546875006,-13.864288018755886],[-48.36005859374998,-13.84978606563088],[-48.359472656250006,-13.838409112505886],[-48.357031250000006,-13.828448175005889],[-48.35161132812499,-13.82122161250588],[-48.342382812500006,-13.81853606563088],[-48.304785156250006,-13.81853606563088],[-48.2880859375,-13.82561614375588],[-48.264990234375006,-13.84295012813088],[-48.246435546875006,-13.84636809688088],[-48.226171875000006,-13.837432550005886],[-48.209228515625,-13.81682708125588],[-48.194580078125,-13.793780206255889],[-48.181250000000006,-13.77752044063088],[-48.1396484375,-13.75676848750588],[-48.12421874999998,-13.741045831255889],[-48.13525390625,-13.70232512813088],[-48.134863281250006,-13.677764581255886],[-48.131201171875006,-13.654327081255886],[-48.126708984375,-13.64031340938088],[-48.115966796875,-13.62786223750588],[-48.104589843750006,-13.61760833125588],[-48.095556640625006,-13.60418059688088],[-48.091894531250006,-13.58196380000588],[-48.091894531250006,-13.541045831255886],[-48.097412109375,-13.53753020625588],[-48.123632812500006,-13.53875090938088],[-48.13286132812499,-13.537920831255889],[-48.14018554687499,-13.52996184688088],[-48.149511718750006,-13.50872161250588],[-48.15739746093749,-13.504424737505886],[-48.165380859375006,-13.501788018755889],[-48.194921875000006,-13.483916925005886],[-48.20646972656249,-13.472491143755889],[-48.21391601562499,-13.459014581255886],[-48.215429687500006,-13.442413018755886],[-48.209228515625,-13.42180755000588],[-48.201757812500006,-13.42180755000588],[-48.201757812500006,-13.44231536250588],[-48.177734375,-13.428057550005889],[-48.17499999999998,-13.40032317500588],[-48.1875,-13.33928801875588],[-48.184912109375006,-13.308623956255886],[-48.179443359375,-13.27996184688088],[-48.177978515625,-13.25383880000588],[-48.1875,-13.230010675005886],[-48.179052734375006,-13.219073175005889],[-48.17424316406249,-13.205596612505886],[-48.174560546875,-13.19231536250588],[-48.181250000000006,-13.18157317500588],[-48.172460937500006,-13.161455987505889],[-48.16008300781249,-13.11882903438088],[-48.14189453124999,-13.085772393755889],[-48.144287109375,-13.066729425005889],[-48.150634765625,-13.04607512813088],[-48.15397949218749,-13.023955987505886],[-48.152587890625,-13.01336028438088],[-48.147314453125006,-12.994659112505886],[-48.14653320312499,-12.98919036250588],[-48.151953125000006,-12.97795989375588],[-48.17045898437499,-12.95574309688088],[-48.17448730468749,-12.94548919063088],[-48.181884765625,-12.90227630000588],[-48.194921875000006,-12.85955169063088],[-48.22307128906249,-12.80144622188088],[-48.232763671875006,-12.78777434688088],[-48.235449218750006,-12.778350518755886],[-48.231542968750006,-12.767413018755889],[-48.225830078125,-12.756182550005889],[-48.222900390625,-12.74651458125588],[-48.22612304687499,-12.734893487505886],[-48.23388671875,-12.73284270625588],[-48.242919921875,-12.733233331255889],[-48.25017089843749,-12.72918059688088],[-48.25017089843749,-12.71404387813088],[-48.2421875,-12.700713800005886],[-48.242431640625,-12.691241143755889],[-48.26726074218749,-12.687530206255886],[-48.282958984375,-12.68035247188088],[-48.28972167968749,-12.662920831255889],[-48.28955078125,-12.64055755000588],[-48.284326171874994,-12.61931731563088],[-48.283544921875006,-12.615069268755889],[-48.285400390625,-12.613799737505886],[-48.288330078125,-12.613799737505886],[-48.291113281250006,-12.613116143755889],[-48.272802734375006,-12.60540130000588],[-48.26384277343749,-12.605010675005886],[-48.284912109375,-12.57586028438088],[-48.291748046875,-12.55877044063088],[-48.28125,-12.55095794063088],[-48.26416015625,-12.548663018755889],[-48.252197265625,-12.541827081255889],[-48.24504394531249,-12.52996184688088],[-48.24272460937499,-12.51311614375588],[-48.23857421874999,-12.498858331255889],[-48.222900390625,-12.47576262813088],[-48.222900390625,-12.46160247188088],[-48.23088378906249,-12.452959893755889],[-48.25908203124999,-12.44231536250588],[-48.27067871093749,-12.43499114375588],[-48.246435546875006,-12.39446380000588],[-48.25078124999999,-12.348955987505889],[-48.273535156250006,-12.30535247188088],[-48.304785156250006,-12.27044036250588],[-48.33342285156249,-12.253448175005886],[-48.441992187500006,-12.22210051875588],[-48.46391601562499,-12.20794036250588],[-48.47624511718749,-12.19036223750588],[-48.481689453125,-12.16912200313088],[-48.48291015625,-12.14324309688088],[-48.48681640625,-12.12200286250588],[-48.5048828125,-12.07903411250588],[-48.510839843750006,-12.05754973750588],[-48.53173828125,-11.93377044063088],[-48.556982421875006,-11.86394622188088],[-48.561767578125,-11.85833098750588],[-48.575439453125,-11.85637786250588],[-48.583105468750006,-11.85076262813088],[-48.60197753906249,-11.80437590938088],[-48.615234375,-11.75310637813088],[-48.626953125,-11.72918059688088],[-48.634033203125,-11.722198175005886],[-48.643164062500006,-11.714873956255886],[-48.650976562500006,-11.70549895625588],[-48.654296875,-11.69133880000588],[-48.654296875,-11.588897393755886],[-48.656103515625006,-11.579424737505889],[-48.66508789062499,-11.557159112505886],[-48.66791992187498,-11.544268487505889]],[[-48.67473144531249,-11.544268487505889],[-48.665625000000006,-11.53508880000588],[-48.6552734375,-11.53069426875588],[-48.644287109375,-11.527666925005889],[-48.633154296875006,-11.52312590938088],[-48.621826171875,-11.51482512813088],[-48.595556640625006,-11.485674737505889],[-48.584326171875006,-11.46550872188088],[-48.58562011718749,-11.446319268755886],[-48.58952636718749,-11.427080987505889],[-48.58598632812499,-11.40642669063088],[-48.57275390625,-11.393096612505886],[-48.55290527343749,-11.387237237505886],[-48.507177734375006,-11.38591887813088],[-48.493017578125006,-11.37835051875588],[-48.47880859374999,-11.36101653438088],[-48.46757812499999,-11.34246184688088],[-48.46245117187499,-11.33074309688088],[-48.45976562499999,-11.30877044063088],[-48.46245117187499,-11.25286223750588],[-48.467138671875006,-11.24260833125588],[-48.5,-11.21160247188088],[-48.50541992187499,-11.202666925005886],[-48.535498046875006,-11.10295989375588],[-48.53752441406249,-11.081573175005886],[-48.540771484375,-11.073565362505889],[-48.561767578125,-11.04705169063088],[-48.56689453125,-11.03679778438088],[-48.564306640625006,-11.026690362505889],[-48.54765624999999,-11.004424737505886],[-48.531347656250006,-10.98870208125588],[-48.519384765625006,-10.965655206255889],[-48.51396484374999,-10.95769622188088],[-48.501318359375006,-10.94670989375588],[-48.470703125,-10.930694268755886],[-48.455664062500006,-10.91985442500588],[-48.42822265625,-10.886748956255886],[-48.409423828125,-10.84734465938088],[-48.401611328125,-10.804717706255886],[-48.4072265625,-10.76213958125588],[-48.431005859375006,-10.707549737505886],[-48.4345703125,-10.69109465938088],[-48.43144531249999,-10.668487237505886],[-48.417724609375,-10.637237237505886],[-48.4140625,-10.61882903438088],[-48.417236328125,-10.597686456255886],[-48.42631835937499,-10.57268645625588],[-48.438720703125,-10.54924895625588],[-48.451904296875,-10.53313567500588],[-48.46281738281249,-10.513506768755889],[-48.45976562499999,-10.490752862505886],[-48.441992187500006,-10.447588800005889],[-48.438085937500006,-10.426104425005889],[-48.43779296874999,-10.386260675005886],[-48.4345703125,-10.36492278438088],[-48.421484375000006,-10.337725518755889],[-48.420019531250006,-10.326006768755889],[-48.421484375000006,-10.296709893755889],[-48.41728515624999,-10.286944268755889],[-48.400976562500006,-10.26311614375588],[-48.40166015624999,-10.248858331255889],[-48.407080078125006,-10.241045831255889],[-48.41455078125,-10.235381768755886],[-48.421484375000006,-10.227862237505889],[-48.42912597656249,-10.21013762813088],[-48.431005859375006,-10.193877862505886],[-48.428076171875006,-10.17766692500588],[-48.41508789062499,-10.14568450313088],[-48.38469238281249,-10.09075286250588],[-48.37517089843749,-10.081377862505889],[-48.35258789062499,-10.063311456255889],[-48.333740234375,-10.02678801875588],[-48.34672851562499,-9.99529387813088],[-48.36784667968749,-9.96721770625588],[-48.37309570312499,-9.94036223750588],[-48.377685546875,-9.92546965938088],[-48.364843750000006,-9.91301848750588],[-48.34758300781249,-9.90129973750588],[-48.338964843750006,-9.88884856563088],[-48.3359375,-9.878936456255886],[-48.33012695312499,-9.86736419063088],[-48.32622070312499,-9.85637786250588],[-48.32902832031249,-9.847979425005889],[-48.3349609375,-9.84050872188088],[-48.341406250000006,-9.824053643755889],[-48.345800781250006,-9.81682708125588],[-48.353515625,-9.810381768755889],[-48.368408203125,-9.801788018755886],[-48.37309570312499,-9.796416925005886],[-48.37590332031249,-9.785674737505886],[-48.37309570312499,-9.77898528438088],[-48.36865234375,-9.773272393755889],[-48.36625976562499,-9.76531340938088],[-48.36760253906249,-9.698760675005886],[-48.37309570312499,-9.679717706255886],[-48.3818359375,-9.667803643755889],[-48.39323730468749,-9.656768487505886],[-48.403076171875,-9.64421965938088],[-48.4072265625,-9.628252862505889],[-48.40375976562498,-9.60491301875588],[-48.3798828125,-9.54314544063088],[-48.36918945312499,-9.32708098750588],[-48.35673828124999,-9.28484465938088],[-48.278564453125,-9.13030364375588],[-48.19843749999998,-9.030303643755886],[-48.19047851562499,-9.01506926875588],[-48.17448730468749,-8.911944268755889],[-48.168212890625,-8.89373137813088],[-48.150244140625006,-8.85613372188088],[-48.14104003906249,-8.82073333125588],[-48.1201171875,-8.780108331255889],[-48.119873046875,-8.75481536250588],[-48.12451171875,-8.744463800005889],[-48.13701171874999,-8.72600676875588],[-48.14030761718749,-8.713897393755886],[-48.139501953125006,-8.70427825313088],[-48.134130859375006,-8.68132903438088],[-48.13286132812499,-8.669268487505889],[-48.134765625,-8.65032317500588],[-48.14360351562499,-8.61370208125588],[-48.14799804687499,-8.576690362505886],[-48.148046875000006,-8.549346612505886],[-48.143164062500006,-8.525225518755889],[-48.129736328125006,-8.514678643755886],[-48.11088867187499,-8.50628020625588],[-48.099365234375,-8.48601653438088],[-48.09355468749999,-8.461260675005889],[-48.091894531250006,-8.43962981563088],[-48.094335937500006,-8.42131926875588],[-48.10148925781249,-8.403643487505889],[-48.113378906250006,-8.390166925005886],[-48.129736328125006,-8.38494231563088],[-48.138525390625006,-8.37566497188088],[-48.16425781249998,-8.21257903438088],[-48.17622070312498,-8.17888762813088],[-48.17448730468749,-8.159014581255889],[-48.169042968750006,-8.14519622188088],[-48.161230468750006,-8.130694268755889],[-48.151464843750006,-8.116534112505889],[-48.14030761718749,-8.103838800005889],[-48.12451171875,-8.090850518755886],[-48.11088867187499,-8.08635833125588],[-48.03508300781249,-8.08904387813088],[-48.00102539062499,-8.081377862505889],[-47.97314453125,-8.065752862505889],[-47.95476074218749,-8.04168059688088],[-47.96281738281249,-8.028350518755886],[-47.962988281250006,-8.009307550005886],[-47.96049804687499,-7.989288018755886],[-47.96074218749999,-7.952666925005886],[-47.955322265625,-7.93694426875588],[-47.947998046875,-7.92131926875588],[-47.94287109375,-7.90178801875588],[-47.935156250000006,-7.826495050005889],[-47.930908203125,-7.81414153438088],[-47.924658203125006,-7.80584075313088],[-47.91569824218749,-7.799834893755886],[-47.798681640625006,-7.766143487505886],[-47.67998046874999,-7.69524505000588],[-47.655126953125006,-7.67424895625588],[-47.636376953124994,-7.64714934688088],[-47.62639160156249,-7.61028411250588],[-47.62639160156249,-7.572784112505886],[-47.61958007812498,-7.54900481563088],[-47.617773437500006,-7.53582122188088],[-47.63232421875,-7.504424737505886],[-47.622167968750006,-7.485186456255889],[-47.604589843750006,-7.465850518755886],[-47.591650390625006,-7.445830987505886],[-47.559814453125,-7.41912200313088],[-47.52141113281249,-7.40276458125588],[-47.489111328125006,-7.38152434688088],[-47.4755859375,-7.34002044063088],[-47.485937500000006,-7.302276300005886],[-47.512792968750006,-7.280596612505889],[-47.54924316406249,-7.27068450313088],[-47.58854980468749,-7.268389581255889],[-47.60400390625,-7.279620050005889],[-47.625585937500006,-7.299834893755886],[-47.64482421874999,-7.30852630000588],[-47.66057128906249,-7.263506768755889],[-47.67827148437499,-7.247100518755886],[-47.71574707031249,-7.22673919063088],[-47.74125976562499,-7.193389581255886],[-47.725439453125006,-7.16228606563088],[-47.685888671875006,-7.146319268755889],[-47.639990234375006,-7.158526300005889],[-47.58544921875,-7.06902434688088],[-47.513916015625,-7.008819268755886],[-47.5029296875,-6.983428643755886],[-47.500732421875,-6.964678643755889],[-47.487402343750006,-6.90569426875588],[-47.48405761718749,-6.89690520625588],[-47.482519531250006,-6.88836028438088],[-47.48613281249999,-6.88005950313088],[-47.490087890625006,-6.874053643755886],[-47.49345703124999,-6.866534112505889],[-47.49580078124998,-6.85881926875588],[-47.496679687500006,-6.852862237505889],[-47.494970703125006,-6.79021575313088],[-47.48881835937499,-6.76311614375588],[-47.4755859375,-6.73333098750588],[-47.48779296875,-6.69841887813088],[-47.480224609375,-6.66155364375588],[-47.455078125,-6.59612395625588],[-47.45231933593749,-6.559112237505886],[-47.44951171874999,-6.543975518755886],[-47.44206542968749,-6.527862237505886],[-47.415625000000006,-6.49529387813088],[-47.40727539062499,-6.47942473750588],[-47.42036132812498,-6.45623137813088],[-47.42036132812498,-6.43377044063088],[-47.39982910156249,-6.383819268755886],[-47.410400390625,-6.349932550005889],[-47.377050781250006,-6.276690362505889],[-47.373144531250006,-6.233721612505889],[-47.382177734375006,-6.214385675005886],[-47.40861816406249,-6.18132903438088],[-47.41411132812499,-6.16130950313088],[-47.416259765625,-6.140166925005886],[-47.425634765625006,-6.103838800005889],[-47.426025390625,-5.97478606563088],[-47.41411132812499,-5.910967706255889],[-47.41411132812499,-5.869952081255889],[-47.417578125000006,-5.86003997188088],[-47.42607421874999,-5.847491143755889],[-47.42998046874999,-5.829131768755886],[-47.439794921875006,-5.815752862505889],[-47.44206542968749,-5.804522393755889],[-47.44291992187499,-5.793975518755886],[-47.44548339843749,-5.784698175005886],[-47.449560546875006,-5.775909112505886],[-47.455078125,-5.766924737505889],[-47.47919921874998,-5.749053643755886],[-47.483007812500006,-5.742998956255889],[-47.46875,-5.58879973750588],[-47.497314453125,-5.52654387813088],[-47.515380859375,-5.49773528438088],[-47.53706054687498,-5.47893645625588],[-47.554052734375006,-5.47454192500588],[-47.59370117187498,-5.47014739375588],[-47.608984375000006,-5.46209075313088],[-47.62744140625,-5.44646575313088],[-47.72319335937499,-5.39153411250588],[-47.74016113281249,-5.385577081255889],[-47.759863281250006,-5.38323333125588],[-47.79643554687499,-5.388995050005889],[-47.818212890625006,-5.389678643755886],[-47.83867187499999,-5.38323333125588],[-47.85185546874999,-5.36907317500588],[-47.857763671875006,-5.34954192500588],[-47.859130859375,-5.30413176875588],[-47.864990234375,-5.28093840938088],[-47.87993164062499,-5.26433684688088],[-47.89990234375,-5.25310637813088],[-47.939306640625006,-5.24041106563088],[-47.97819824218749,-5.233428643755886],[-47.999755859375,-5.232452081255886],[-48.018652343750006,-5.237334893755886],[-48.043798828125006,-5.25994231563088],[-48.06462402343749,-5.266631768755886],[-48.11259765624999,-5.26628997188088],[-48.153417968750006,-5.257354425005886],[-48.312744140625,-5.182452081255889],[-48.32915039062499,-5.17107512813088],[-48.332763671875,-5.167022393755886],[-48.337988281250006,-5.163897393755889],[-48.416015625,-5.166045831255886],[-48.458740234375,-5.173663018755889],[-48.49821777343749,-5.186553643755886],[-48.531347656250006,-5.205108331255886],[-48.54345703125,-5.217315362505886],[-48.554541015625006,-5.233916925005886],[-48.58203125,-5.30071380000588],[-48.58598632812499,-5.30754973750588],[-48.59965820312499,-5.32195403438088],[-48.60905761718749,-5.328643487505886],[-48.61328125,-5.32488372188088],[-48.621826171875,-5.30779387813088],[-48.641455078125006,-5.303545831255889],[-48.678466796875,-5.30754973750588],[-48.688574218750006,-5.313799737505889],[-48.72314453125,-5.35540130000588]]]}},{"type":"Feature","properties":{"role":"context_only","name":"Culuene","name_en":"Culuene","ne_id":1159113305},"geometry":{"type":"MultiLineString","coordinates":[[[-54.609130859375,-14.98406340938088],[-54.525390625,-14.944659112505889],[-54.31022949218749,-14.88762786250588],[-54.27336425781249,-14.86736419063088],[-54.25961914062499,-14.856963800005886],[-54.24887695312499,-14.846221612505886],[-54.24008789062499,-14.832354425005889],[-54.23234863281249,-14.81218840938088],[-54.220703125,-14.76751067500588],[-54.20866699218749,-14.752276300005889],[-54.18461914062499,-14.743975518755889],[-54.086181640625,-14.74431731563088],[-54.07402343749999,-14.747588800005886],[-54.06640625,-14.75212981563088],[-54.04052734375,-14.780791925005886],[-54.03037109374999,-14.788897393755889],[-54.01914062499999,-14.79509856563088],[-54.0068359375,-14.79900481563088],[-53.99125976562499,-14.79998137813088],[-53.975830078125,-14.79778411250588],[-53.94614257812499,-14.787627862505886],[-53.89384765624999,-14.760772393755886],[-53.85400390625,-14.73284270625588],[-53.81821289062499,-14.70012786250588],[-53.76230468749999,-14.63640715938088],[-53.73112792968749,-14.60857512813088],[-53.69353027343749,-14.589190362505889],[-53.6396484375,-14.576495050005889],[-53.622314453125,-14.57024505000588],[-53.6064453125,-14.56096770625588],[-53.59282226562499,-14.549151300005889],[-53.58134765624999,-14.53508880000588],[-53.51616210937499,-14.41399505000588],[-53.50810546874999,-14.38567473750588],[-53.50166015625,-14.327471612505889],[-53.49130859374999,-14.300811456255886],[-53.449951171875,-14.243194268755886],[-53.38310546874999,-14.099444268755889],[-53.38078613281249,-14.06755950313088],[-53.39116210937499,-14.030108331255889],[-53.39169921874999,-14.017608331255886],[-53.38859863281249,-14.007159112505889],[-53.3828125,-13.99749114375588],[-53.369140625,-13.97991301875588],[-53.36240234374999,-13.96795012813088],[-53.330322265625,-13.880889581255886],[-53.30473632812499,-13.77849700313088],[-53.2822265625,-13.739580987505889],[-53.25424804687499,-13.702959893755889],[-53.235595703125,-13.68499114375588],[-53.22868652343749,-13.67693450313088],[-53.220458984375,-13.65911223750588],[-53.21445312499999,-13.650909112505886],[-53.2033203125,-13.641631768755886],[-53.17041015625,-13.61980559688088],[-53.16049804687499,-13.608721612505889],[-53.13737792968749,-13.550811456255886],[-53.13559570312499,-13.547881768755886],[-53.14616699218749,-13.510577081255889],[-53.15910644531249,-13.506182550005889],[-53.15366210937499,-13.49651458125588],[-53.141845703125,-13.487334893755886],[-53.13559570312499,-13.483916925005886],[-53.11748046874999,-13.42400481563088],[-53.0947265625,-13.389190362505886],[-53.06552734374999,-13.299834893755886],[-53.06113281249999,-13.290850518755889],[-53.05322265625,-13.28582122188088],[-53.04130859374999,-13.28069426875588],[-53.030517578125,-13.27288176875588],[-53.02573242187499,-13.26043059688088],[-53.022900390625,-13.240557550005889],[-53.01518554687499,-13.22332122188088],[-53.00444335937499,-13.208330987505889],[-52.99223632812499,-13.195342706255886],[-52.96318359374999,-13.17253997188088],[-52.94956054687499,-13.15886809688088],[-52.94384765625,-13.143877862505889],[-52.94157714843749,-13.100420831255889],[-52.93742675781249,-13.078448175005889],[-52.93017578125,-13.058135675005886],[-52.866455078125,-12.95086028438088],[-52.85441894531249,-12.91472747188088],[-52.85563964843749,-12.890459893755889],[-52.85441894531249,-12.88054778438088],[-52.84599609374999,-12.86467864375588],[-52.84282226562499,-12.85613372188088],[-52.84482421874999,-12.84929778438088],[-52.87744140625,-12.80925872188088],[-52.91569824218749,-12.77141692500588],[-52.92766113281249,-12.75628020625588],[-52.9267578125,-12.74968840938088],[-52.91594238281249,-12.74334075313088],[-52.926025390625,-12.729522393755886],[-52.95126953124999,-12.709307550005889],[-52.95688476562499,-12.695147393755889],[-52.960205078125,-12.68084075313088],[-52.9658203125,-12.668780206255889],[-52.97861328124999,-12.66082122188088],[-52.95068359375,-12.61663176875588],[-52.94401855468749,-12.594561456255889],[-52.978759765625,-12.575713800005886],[-53.01274414062499,-12.50945403438088],[-53.01713867187499,-12.51702239375588],[-53.033203125,-12.537432550005889],[-53.03654785156249,-12.51873137813088],[-53.04736328125,-12.496123956255886],[-53.06040039062499,-12.47722747188088],[-53.07080078125,-12.46917083125588],[-53.08549804687499,-12.46062590938088],[-53.10009765625,-12.44036223750588],[-53.12192382812499,-12.393389581255889],[-53.11215820312499,-12.388213800005886],[-53.107666015625,-12.38713958125588],[-53.14365234374999,-12.334014581255886],[-53.15268554687499,-12.325713800005886],[-53.17529296875,-12.318682550005889],[-53.18181152343749,-12.302276300005886],[-53.18510742187499,-12.283721612505886],[-53.19833984374999,-12.27044036250588],[-53.20102539062499,-12.27483489375588],[-53.20688476562499,-12.279327081255886],[-53.211376953125,-12.28411223750588],[-53.22441406249999,-12.26213958125588],[-53.2392578125,-12.24260833125588],[-53.24846191406249,-12.23381926875588],[-53.255078125,-12.229815362505889],[-53.27280273437499,-12.22210051875588],[-53.27763671874999,-12.221221612505886],[-53.2890625,-12.222979425005889],[-53.29387207031249,-12.22210051875588],[-53.298095703125,-12.21868255000588],[-53.29819335937499,-12.21575286250588],[-53.29770507812499,-12.21257903438088],[-53.30009765624999,-12.20842864375588],[-53.29899902343749,-12.20745208125588],[-53.30234374999999,-12.199541925005889],[-53.30820312499999,-12.18938567500588],[-53.31437988281249,-12.181670831255886],[-53.30656738281249,-12.16936614375588],[-53.30991210937499,-12.16082122188088],[-53.327392578125,-12.146319268755889],[-53.36328125,-12.092315362505886],[-53.38266601562499,-12.03777434688088],[-53.42216796874999,-11.990069268755889],[-53.43417968749999,-11.982452081255886],[-53.44370117187499,-11.979327081255889],[-53.46259765625,-11.965166925005889],[-53.47514648437499,-11.961944268755886],[-53.487548828125,-11.96355559688088],[-53.4912109375,-11.96160247188088],[-53.49870605468749,-11.95452239375588],[-53.50791015624999,-11.941729425005889],[-53.51518554687499,-11.928252862505886],[-53.525634765625,-11.917803643755889],[-53.54404296874999,-11.913604425005886],[-53.559814453125,-11.908038018755889],[-53.569091796875,-11.894366143755889],[-53.60727539062499,-11.784209893755886],[-53.61484374999999,-11.737334893755886],[-53.60856933593749,-11.70134856563088],[-53.59733886718749,-11.68767669063088],[-53.58623046874999,-11.67815520625588],[-53.57780761718749,-11.66741301875588],[-53.57177734375,-11.635577081255889],[-53.547119140625,-11.58587005000588],[-53.54379882812499,-11.58464934688088],[-53.5392578125,-11.58587005000588],[-53.53520507812499,-11.58635833125588],[-53.53349609374999,-11.582061456255886],[-53.53422851562499,-11.56853606563088],[-53.53349609374999,-11.564776300005889],[-53.53996582031249,-11.55706145625588],[-53.54204101562499,-11.55242278438088],[-53.53720703124999,-11.55046965938088],[-53.53483886718749,-11.549151300005889],[-53.528076171875,-11.542803643755889],[-53.52133789062499,-11.53142669063088],[-53.48569335937499,-11.489092706255889],[-53.4833984375,-11.494170831255886],[-53.48124999999999,-11.49749114375588],[-53.4794921875,-11.501788018755889],[-53.478271484375,-11.509600518755889],[-53.47202148437499,-11.509600518755889],[-53.454541015625,-11.480303643755889],[-53.44711914062499,-11.462725518755889],[-53.444091796875,-11.443682550005889]]]}},{"type":"Feature","properties":{"role":"context_only","name":"Caquet\u00e1","name_en":"Japur\u00e1","ne_id":1159113415},"geometry":{"type":"MultiLineString","coordinates":[[[-76.53312988281249,1.329852606244117],[-76.52055664062499,1.3014590515566198],[-76.51701660156249,1.2877139343691084],[-76.51621093749999,1.2746035828066198],[-76.5205078125,1.2569522156191084],[-76.53740234374999,1.2234561218691198],[-76.54248046875,1.2054385437441084],[-76.54624023437499,1.1175479187441084],[-76.53671874999999,1.0755557312441084],[-76.51254882812499,1.0385195984316198],[-76.49252929687499,1.0246035828066198],[-76.421630859375,1.0017764343691198],[-76.38176269531249,0.9827822937441084],[-76.35112304687499,0.9768740906191198],[-76.2099609375,0.9721133484316198],[-76.19426269531249,0.9765078796816198],[-76.184326171875,0.9831729187441169],[-76.17563476562499,0.9910830749941084],[-76.16391601562499,0.9995791687441198],[-76.14853515624999,1.006854559369117],[-76.13608398437499,1.0094668640566198],[-76.10393066406249,1.0078799499941198],[-76.08652343749999,1.0112979187441198],[-76.07817382812499,1.0213565124941084],[-76.07231445312499,1.0335635437441084],[-76.06235351562499,1.0431582703066198],[-76.04704589843749,1.0464541687441198],[-76.03330078124999,1.042987371869117],[-76.00595703124999,1.032001043744117],[-75.98789062499999,1.0314395203066198],[-75.949951171875,1.0347354187441198],[-75.932861328125,1.0307070984316198],[-75.917919921875,1.019061590619117],[-75.91416015624999,1.0069033874941198],[-75.91447753906249,0.9932803406191084],[-75.91171874999999,0.9771182312441198],[-75.89970703124999,0.9536807312441198],[-75.84555664062499,0.8894717468691198],[-75.82822265624999,0.8794619812441198],[-75.78793945312499,0.8756045593691084],[-75.76806640625,0.8658389343691084],[-75.74980468749999,0.8534610046816198],[-75.732421875,0.8481631531191169],[-75.71391601562499,0.8476748718691169],[-75.64531249999999,0.8529727234316198],[-75.60019531249999,0.8473574890566198],[-75.55998535156249,0.8285586609316198],[-75.49870605468749,0.7635440124941084],[-75.459228515625,0.7493838562441084],[-75.37395019531249,0.7439639343691198],[-75.31772460937499,0.7513369812441084],[-75.29851074218749,0.7470156921816198],[-75.27402343749999,0.7362002624941084],[-75.26298828124999,0.7288760437441084],[-75.25419921874999,0.7190127624941169],[-75.25090332031249,0.7089297546816198],[-75.25278320312499,0.6895694031191084],[-75.25151367187499,0.6796328796816198],[-75.24267578125,0.6637637390566198],[-75.219677734375,0.6360049499941169],[-75.21259765625,0.6194522156191198],[-75.21240234375,0.6024844421816198],[-75.21892089843749,0.5696475281191198],[-75.21616210937499,0.5518252624941198],[-75.2021484375,0.5177676453066198],[-75.18681640624999,0.4961611999941198],[-75.16496582031249,0.4884707703066198],[-75.13115234374999,0.49635651249411694],[-75.1064453125,0.5073428406191169],[-75.09580078124999,0.5073916687441198],[-75.08195800781249,0.5005557312441198],[-75.07919921874999,0.4953067078066198],[-75.07658691406249,0.4787051453066198],[-75.072509765625,0.47291901249411694],[-75.06333007812499,0.4705264343691198],[-75.05356445312499,0.47194244999411694],[-75.03466796875,0.4771182312441198],[-74.99626464843749,0.4699160828066198],[-74.98527832031249,0.4423281921816198],[-74.99150390624999,0.3751895203066198],[-74.98911132812499,0.3607852234316198],[-74.97502441406249,0.3154971374941198],[-74.97055664062499,0.2815615906191198],[-74.96259765625,0.27077057499411694],[-74.91997070312499,0.2566592468691198],[-74.85546875,0.22186920780661978],[-74.74296874999999,0.20026276249411978],[-74.70751953125,0.18078034061910842],[-74.68303222656249,0.15089752811911694],[-74.67680664062499,0.10968659061911978],[-74.68310546875,0.09784577030661978],[-74.69272460937499,0.08563873905661978],[-74.69565429687499,0.07453034061911978],[-74.68198242187499,0.06549713749411978],[-74.66215820312499,0.058783270306619784],[-74.6583984375,0.053778387494119784],[-74.66367187499999,0.046014715619108415],[-74.67709960937499,0.02003815311911694],[-74.682861328125,0.013544012494108415],[-74.68417968749999,0.006219793744108415],[-74.67290039062499,-0.014532159380891585],[-74.67075195312499,-0.02293059688088306],[-74.66831054687499,-0.04026458125588306],[-74.66391601562499,-0.05418059688088306],[-74.65756835937499,-0.057549737505880216],[-74.64946289062499,-0.056573175005880216],[-74.63310546874999,-0.05940520625588874],[-74.62602539062499,-0.058965753130891585],[-74.618408203125,-0.059454034380891585],[-74.60979003906249,-0.06360442500589158],[-74.60478515624999,-0.07122161250588022],[-74.59824218749999,-0.09324309688088306],[-74.59282226562499,-0.1020809875058859],[-74.57871093749999,-0.1103817687558859],[-74.55908203125,-0.11668059688088306],[-74.538818359375,-0.11951262813089158],[-74.52280273437499,-0.11741301875588306],[-74.505126953125,-0.11311614375588874],[-74.49570312499999,-0.11653411250588874],[-74.48662109374999,-0.12253997188088306],[-74.46989746093749,-0.12581145625588874],[-74.45561523437499,-0.11882903438088022],[-74.446044921875,-0.08879973750588022],[-74.42973632812499,-0.0830380187558859],[-74.41325683593749,-0.09031340938088306],[-74.40903320312499,-0.1050106750058859],[-74.40751953124999,-0.1211239562558859],[-74.39958496093749,-0.1323544250058859],[-74.383544921875,-0.13264739375588874],[-74.34848632812499,-0.11848723750588874],[-74.32768554687499,-0.12288176875588874],[-74.29155273437499,-0.14153411250588022],[-74.28208007812499,-0.1494442687558859],[-74.27556152343749,-0.1592098937558859],[-74.273681640625,-0.16643645625588022],[-74.27312011718749,-0.1738583312558859],[-74.26359863281249,-0.20378997188088022],[-74.25920410156249,-0.21282317500588022],[-74.251708984375,-0.22151458125588874],[-74.24052734374999,-0.22795989375588022],[-74.2326171875,-0.22649505000588022],[-74.22495117187499,-0.22234465938088022],[-74.21484375,-0.22087981563088022],[-74.20561523437499,-0.22102630000588874],[-74.19926757812499,-0.22004973750588874],[-74.19304199218749,-0.22053801875588874],[-74.18393554687499,-0.22493255000588874],[-74.179638671875,-0.23176848750588874],[-74.17514648437499,-0.25178801875588874],[-74.1689453125,-0.2583309875058859],[-74.15056152343749,-0.2589657531308802],[-74.1337890625,-0.2511532531308802],[-74.11679687499999,-0.24641692500588874],[-74.09794921874999,-0.25569426875588874],[-74.044189453125,-0.2965634093808802],[-74.01152343749999,-0.3351376281308802],[-73.98984374999999,-0.3495419250058802],[-73.94174804687499,-0.3698055968808802],[-73.86572265625,-0.3926083312558859],[-73.78740234374999,-0.4074032531308802],[-73.770263671875,-0.4069149718808802],[-73.75644531249999,-0.4017880187558802],[-73.72844238281249,-0.3866513000058802],[-73.713818359375,-0.3867489562558859],[-73.69597167968749,-0.39387786250588874],[-73.66669921875,-0.4125302062558802],[-73.66098632812499,-0.4150692687558859],[-73.6552734375,-0.4154598937558802],[-73.64951171874999,-0.4166805968808802],[-73.64365234374999,-0.4219052062558859],[-73.64243164062499,-0.42903411250588874],[-73.64592285156249,-0.4471981750058802],[-73.64414062499999,-0.4542782531308802],[-73.64052734375,-0.4579403625058802],[-73.63681640624999,-0.4603817687558802],[-73.63310546874999,-0.4620907531308802],[-73.62932128906249,-0.4628231750058802],[-73.617919921875,-0.4624325500058859],[-73.606689453125,-0.46077239375588874],[-73.595947265625,-0.4620907531308802],[-73.586181640625,-0.4706356750058802],[-73.57470703125,-0.49983489375588874],[-73.56706542968749,-0.5135067687558887],[-73.55429687499999,-0.5206845031308802],[-73.47919921875,-0.5327450500058859],[-73.43486328124999,-0.5289852843808802],[-73.38908691406249,-0.5314266906308802],[-73.367138671875,-0.5271786437558887],[-73.349560546875,-0.5177548156308802],[-73.34067382812499,-0.5100888000058887],[-73.33188476562499,-0.5073544250058859],[-73.31486816406249,-0.5127255187558859],[-73.28105468749999,-0.5385067687558802],[-73.24443359374999,-0.5753720031308802],[-73.20561523437499,-0.6048153625058887],[-73.165478515625,-0.6084286437558859],[-73.13144531249999,-0.6010067687558802],[-73.10458984374999,-0.6000302062558802],[-73.08139648437499,-0.5935848937558887],[-73.05859375,-0.5697567687558802],[-72.99755859375,-0.5266903625058887],[-72.8849609375,-0.6017391906308802],[-72.81552734374999,-0.5885555968808802],[-72.77939453124999,-0.5644833312558859],[-72.75,-0.5592587218808802],[-72.72080078124999,-0.5716122375058887],[-72.61582031249999,-0.6569149718808802],[-72.590576171875,-0.6730282531308802],[-72.56455078124999,-0.6849911437558802],[-72.54985351562499,-0.6832821593808802],[-72.53955078125,-0.6703427062558802],[-72.526611328125,-0.6486141906308802],[-72.478515625,-0.5940731750058887],[-72.44677734375,-0.5669247375058859],[-72.42197265624999,-0.5565731750058802],[-72.39047851562499,-0.5748837218808802],[-72.35979003906249,-0.6064755187558859],[-72.324658203125,-0.6293270812558802],[-72.27998046875,-0.6212704406308802],[-72.25439453125,-0.5996395812558859],[-72.229248046875,-0.5727841125058859],[-72.2021484375,-0.5501278625058887],[-72.17082519531249,-0.5410458312558859],[-72.13608398437499,-0.5552059875058859],[-72.11723632812499,-0.5877255187558887],[-72.10490722656249,-0.6268856750058802],[-72.06145019531249,-0.7247860656308802],[-72.04399414062499,-0.7492001281308802],[-72.0099609375,-0.7641903625058859],[-71.97202148437499,-0.7676083312558859],[-71.93979492187499,-0.7667782531308802],[-71.90825195312499,-0.7704403625058802],[-71.829345703125,-0.8137997375058887],[-71.810302734375,-0.8290341125058802],[-71.796630859375,-0.8492977843808802],[-71.79448242187499,-0.8582333312558887],[-71.79362792968749,-0.8784481750058859],[-71.791259765625,-0.8882138000058859],[-71.78476562499999,-0.8987606750058887],[-71.75700683593749,-0.9311825500058859],[-71.72416992187499,-0.9477841125058859],[-71.67973632812499,-0.9450009093808802],[-71.595947265625,-0.9252255187558802],[-71.53662109375,-0.9447567687558802],[-71.56315917968749,-1.0764950500058887],[-71.509521484375,-1.1168759093808802],[-71.478515625,-1.1178524718808802],[-71.44414062499999,-1.1141903625058802],[-71.40983886718749,-1.1057919250058887],[-71.37895507812499,-1.0930966125058887],[-71.32675781249999,-1.0565731750058802],[-71.29672851562499,-1.042022393755886],[-71.26359863281249,-1.036651300005886],[-71.22014160156249,-1.039580987505886],[-71.17685546874999,-1.050811456255886],[-71.1359375,-1.0714657531308802],[-71.0986328125,-1.0985653625058802],[-71.06608886718749,-1.129424737505886],[-70.98881835937499,-1.2286923156308802],[-70.95476074218749,-1.2518856750058802],[-70.92070312499999,-1.2587216125058802],[-70.84489746093749,-1.261260675005886],[-70.81406249999999,-1.2745907531308802],[-70.80209960937499,-1.289092706255886],[-70.78288574218749,-1.3216122375058887],[-70.67001953124999,-1.3972958312558887],[-70.65380859375,-1.4026669250058887],[-70.64633789062499,-1.4003231750058802],[-70.63818359375,-1.3929989562558802],[-70.619873046875,-1.383819268755886],[-70.594482421875,-1.3803036437558802],[-70.57114257812499,-1.3859188781308802],[-70.55014648437499,-1.3986141906308802],[-70.531494140625,-1.415557550005886],[-70.51132812499999,-1.439971612505886],[-70.50053710937499,-1.446319268755886],[-70.48247070312499,-1.4479305968808802],[-70.46232910156249,-1.4437802062558802],[-70.4033203125,-1.415069268755886],[-70.31333007812499,-1.4093563781308802],[-70.23681640625,-1.4493954406308802],[-70.16357421875,-1.5021298156308802],[-70.08349609375,-1.534209893755886],[-70.01665039062499,-1.5155575500058802],[-69.9765625,-1.4547665343808802],[-69.91337890624999,-1.2582333312558802],[-69.88803710937499,-1.217803643755886],[-69.85185546874999,-1.1946591125058887],[-69.79941406249999,-1.1966122375058887],[-69.77006835937499,-1.2096493468808802],[-69.72758789062499,-1.2462704406308802],[-69.70268554687499,-1.2636044250058802],[-69.6787109375,-1.2713192687558887],[-69.64897460937499,-1.274444268755886],[-69.59287109374999,-1.271514581255886],[-69.504638671875,-1.2147763000058802],[-69.45493164062499,-1.1998837218808802]]]}},{"type":"Feature","properties":{"role":"context_only","name":"Juruena","name_en":"Juruena","ne_id":1159113527},"geometry":{"type":"MultiLineString","coordinates":[[[-59.07011718749999,-14.53167083125588],[-59.07011718749999,-14.45281340938088],[-59.06689453125,-14.447100518755889],[-59.05283203124999,-14.43523528438088],[-59.04960937499999,-14.425811456255886],[-59.05131835937499,-14.39104583125588],[-59.04960937499999,-14.38079192500588],[-59.02734375,-14.33904387813088],[-59.02509765625,-14.32000090938088],[-59.0390625,-14.29509856563088],[-59.05893554687499,-14.276397393755886],[-59.06689453125,-14.266436456255889],[-59.07011718749999,-14.25383880000588],[-59.06901855468749,-14.220245050005886],[-59.07011718749999,-14.209502862505886],[-59.08823242187499,-14.14812590938088],[-59.090576171875,-14.123858331255889],[-59.08281249999999,-14.056182550005886],[-59.07695312499999,-14.03753020625588],[-59.07365722656249,-14.035967706255889],[-59.06718749999999,-14.03337981563088],[-59.060498046875,-14.029815362505886],[-59.05644531249999,-14.02507903438088],[-59.05632324218749,-14.01824309688088],[-59.05908203125,-14.01287200313088],[-59.06242675781249,-14.008330987505886],[-59.06389160156249,-14.00408294063088],[-59.05820312499999,-13.992998956255889],[-59.034912109375,-13.970733331255886],[-59.02963867187499,-13.95964934688088],[-59.01572265624999,-13.40545012813088],[-59.011962890625,-13.39080169063088],[-58.975341796875,-13.335479425005886],[-58.954541015625,-13.294463800005886],[-58.94189453125,-13.250323175005889],[-58.93344726562499,-12.94548919063088],[-58.93693847656249,-12.928741143755886],[-58.94028320312499,-12.91814544063088],[-58.94401855468749,-12.911651300005886],[-58.94682617187499,-12.90178801875588],[-58.94091796875,-12.889190362505886],[-58.926025390625,-12.867022393755889],[-58.92473144531249,-12.84514739375588],[-58.93588867187499,-12.79876067500588],[-58.93686523437499,-12.78777434688088],[-58.9296875,-12.76897551875588],[-58.93369140624999,-12.746905206255889],[-58.94775390625,-12.714873956255886],[-58.95263671875,-12.69524505000588],[-58.95493164062499,-12.672686456255889],[-58.95273437499999,-12.651690362505889],[-58.93310546875,-12.61809661250588],[-58.93303222656249,-12.595733331255886],[-58.94028320312499,-12.55779387813088],[-58.93408203125,-12.51873137813088],[-58.928466796875,-12.49846770625588],[-58.92290039062499,-12.489580987505889],[-58.92155761718749,-12.47771575313088],[-58.88505859374999,-12.413897393755889],[-58.885498046875,-12.40618255000588],[-58.89111328125,-12.384112237505889],[-58.89250488281249,-12.37346770625588],[-58.89140624999999,-12.36345794063088],[-58.88623046875,-12.341143487505889],[-58.88505859374999,-12.32878997188088],[-58.88884277343749,-12.304522393755889],[-58.90415039062499,-12.263506768755889],[-58.90556640624999,-12.24260833125588],[-58.89628906249999,-12.22136809688088],[-58.86508789062499,-12.188995050005886],[-58.8583984375,-12.17791106563088],[-58.85722656249999,-12.151397393755886],[-58.8517578125,-12.136748956255886],[-58.83903808593749,-12.126299737505889],[-58.816162109375,-12.11223723750588],[-58.80498046874999,-12.10295989375588],[-58.79169921875,-12.088897393755886],[-58.780517578125,-12.07366301875588],[-58.77580566406249,-12.06096770625588],[-58.771484375,-12.036651300005886],[-58.76066894531249,-12.023272393755889],[-58.747314453125,-12.01238372188088],[-58.73486328125,-11.996123956255886],[-58.71372070312499,-11.917022393755886],[-58.71062011718749,-11.895830987505889],[-58.69921875,-11.858916925005886],[-58.70012207031249,-11.83904387813088],[-58.69572753906249,-11.814776300005889],[-58.72160644531249,-11.752276300005889],[-58.72739257812499,-11.72234465938088],[-58.720947265625,-11.69255950313088],[-58.70664062499999,-11.65129973750588],[-58.68657226562499,-11.61467864375588],[-58.654541015625,-11.593584893755889],[-58.64458007812499,-11.58074309688088],[-58.63603515624999,-11.56487395625588],[-58.6318359375,-11.55046965938088],[-58.63291015624999,-11.532256768755886],[-58.643017578125,-11.502471612505886],[-58.64804687499999,-11.412432550005889],[-58.64067382812499,-11.377471612505886],[-58.6181640625,-11.358721612505889],[-58.63232421875,-11.345049737505889],[-58.67692871093749,-11.33440520625588],[-58.68645019531249,-11.320830987505886],[-58.68645019531249,-11.28704192500588],[-58.684326171875,-11.28118255000588],[-58.67490234374999,-11.267901300005889],[-58.67277832031249,-11.25969817500588],[-58.669677734375,-11.253448175005886],[-58.656005859375,-11.235381768755886],[-58.65292968749999,-11.22551848750588],[-58.66215820312499,-11.144073175005886],[-58.66733398437499,-11.12639739375588],[-58.68603515625,-11.110674737505889],[-58.69243164062499,-11.09099700313088],[-58.69511718749999,-11.068194268755889],[-58.69389648437499,-11.050811456255886],[-58.686767578125,-11.030791925005886],[-58.65910644531249,-10.97503020625588]]]}},{"type":"Feature","properties":{"role":"context_only","name":"Xingu","name_en":"Xingu","ne_id":1159113639},"geometry":{"type":"MultiLineString","coordinates":[[[-53.444091796875,-11.443682550005889],[-53.44316406249999,-11.431670831255886],[-53.43955078124999,-11.42473723750588],[-53.43222656249999,-11.42156340938088],[-53.406005859375,-11.42034270625588],[-53.40019531249999,-11.41765715938088],[-53.34716796875,-11.342803643755886],[-53.34172363281249,-11.32756926875588],[-53.33525390624999,-11.32317473750588],[-53.29387207031249,-11.277373956255886],[-53.283447265625,-11.270538018755886],[-53.27421874999999,-11.26628997188088],[-53.26621093749999,-11.260577081255889],[-53.25913085937499,-11.24944426875588],[-53.25913085937499,-11.239776300005886],[-53.26298828124999,-11.229327081255889],[-53.26396484374999,-11.21770598750588],[-53.25571289062499,-11.20476653438088],[-53.24716796874999,-11.187041925005886],[-53.24809570312499,-11.164385675005889],[-53.25913085937499,-11.12590911250588],[-53.28911132812499,-11.076690362505886],[-53.29387207031249,-11.06072356563088],[-53.2978515625,-11.03606536250588],[-53.31601562499999,-10.996123956255886],[-53.321240234375,-10.97503020625588],[-53.31601562499999,-10.950030206255889],[-53.287109375,-10.92034270625588],[-53.27055664062499,-10.882842706255886],[-53.248046875,-10.86760833125588],[-53.204541015625,-10.851592706255886],[-53.1435546875,-10.844561456255889],[-53.125732421875,-10.834502862505886],[-53.115966796875,-10.81926848750588],[-53.10922851562499,-10.79802825313088],[-53.072021484375,-10.576690362505886],[-53.077392578125,-10.562530206255886],[-53.08476562499999,-10.54827239375588],[-53.08847656249999,-10.52629973750588],[-53.08642578125,-10.501983331255886],[-53.0673828125,-10.44060637813088],[-53.05729980468749,-10.366534112505889],[-53.04746093749999,-10.344561456255889],[-53.026123046875,-10.32756926875588],[-52.96909179687499,-10.29436614375588],[-52.95751953125,-10.272491143755886],[-52.96176757812499,-10.26165130000588],[-52.98051757812499,-10.24334075313088],[-52.98479003906249,-10.231280206255889],[-53.00644531249999,-10.205401300005889],[-53.00932617187499,-10.200518487505889],[-53.015380859375,-10.184405206255889],[-53.00400390624999,-10.11126067500588],[-52.99846191406249,-10.09124114375588],[-53.00590820312499,-10.08440520625588],[-52.99724121093749,-10.06511809688088],[-52.98332519531249,-10.04631926875588],[-52.912353515625,-9.979327081255889],[-52.85385742187499,-9.90764739375588],[-52.80913085937499,-9.87151458125588],[-52.802978515625,-9.86443450313088],[-52.80046386718749,-9.854815362505889],[-52.78679199218749,-9.823760675005886],[-52.77353515624999,-9.81707122188088],[-52.75498046874999,-9.81170012813088],[-52.73862304687499,-9.804717706255886],[-52.73154296874999,-9.792998956255886],[-52.72319335937499,-9.78582122188088],[-52.6701171875,-9.769073175005886],[-52.6583984375,-9.75920989375588],[-52.642578125,-9.73064544063088],[-52.632226562499994,-9.717315362505886],[-52.62846679687499,-9.70989348750588],[-52.62260742187499,-9.68499114375588],[-52.62114257812499,-9.663604425005886],[-52.61918945312499,-9.656280206255886],[-52.61528320312499,-9.65129973750588],[-52.60869140624999,-9.645538018755886],[-52.59775390624999,-9.64055755000588],[-52.58891601562499,-9.640459893755889],[-52.582958984375,-9.63689544063088],[-52.58073730468749,-9.621416925005889],[-52.58073730468749,-9.60588958125588],[-52.57968749999999,-9.597002862505889],[-52.57568359375,-9.590850518755886],[-52.56706542968749,-9.58416106563088],[-52.546875,-9.57756926875588],[-52.521728515625,-9.57927825313088],[-52.4708984375,-9.591631768755889],[-52.44682617187499,-9.600420831255889],[-52.40927734374999,-9.62273528438088],[-52.38273925781249,-9.63128020625588],[-52.33354492187499,-9.63518645625588],[-52.30498046874999,-9.64055755000588],[-52.285888671875,-9.652373956255886],[-52.27133789062499,-9.65300872188088],[-52.26523437499999,-9.65447356563088],[-52.25859374999999,-9.659209893755886],[-52.21672363281249,-9.631377862505886],[-52.20395507812499,-9.61760833125588],[-52.19645996093749,-9.604034112505886],[-52.19584960937499,-9.595049737505889],[-52.19755859374999,-9.585479425005886],[-52.19711914062499,-9.57048919063088],[-52.19345703124999,-9.55754973750588],[-52.17661132812499,-9.51580169063088],[-52.16806640624999,-9.47307708125588],[-52.163037109375,-9.461260675005889],[-52.169921875,-9.444366143755886],[-52.156201171875,-9.428545831255889],[-52.1220703125,-9.40593840938088],[-52.11591796875,-9.396514581255886],[-52.10776367187499,-9.36443450313088],[-52.102978515625,-9.35540130000588],[-52.08994140624999,-9.33928801875588],[-52.08725585937499,-9.334014581255886],[-52.078369140625,-9.32830169063088],[-52.0205078125,-9.267120050005886],[-52.02397460937499,-9.247588800005886],[-52.038330078125,-9.212725518755889],[-52.04179687499999,-9.19304778438088],[-52.044677734375,-9.185088800005886],[-52.0517578125,-9.178057550005889],[-52.07194824218749,-9.16545989375588],[-52.07963867187499,-9.15715911250588],[-52.08244628906249,-9.145342706255889],[-52.08056640625,-9.13347747188088],[-52.061279296875,-9.08611419063088],[-52.0537109375,-9.02312590938088],[-52.055419921875,-9.000518487505886],[-52.058349609375,-8.987334893755886],[-52.07329101562499,-8.94744231563088],[-52.07976074218749,-8.917998956255886],[-52.08603515624999,-8.90496184688088],[-52.10112304687499,-8.89128997188088],[-52.15922851562499,-8.869659112505886],[-52.17656249999999,-8.857940362505886],[-52.20769042968749,-8.829913018755889],[-52.22519531249999,-8.81853606563088],[-52.254150390625,-8.806963800005889],[-52.26279296874999,-8.80169036250588],[-52.26791992187499,-8.796709893755889],[-52.27915039062499,-8.77922942500588],[-52.29296875,-8.76482512813088],[-52.29960937499999,-8.753936456255886],[-52.3037109375,-8.741534112505889],[-52.30712890625,-8.71575286250588],[-52.30559082031249,-8.70159270625588],[-52.29941406249999,-8.67302825313088],[-52.302197265625,-8.659014581255889],[-52.30893554687499,-8.64959075313088],[-52.33781738281249,-8.623565362505886],[-52.35605468749999,-8.601592706255886],[-52.36606445312499,-8.592120050005889],[-52.377880859375,-8.58391692500588],[-52.39218749999999,-8.57683684688088],[-52.42075195312499,-8.568682550005889],[-52.51494140624999,-8.55828215938088],[-52.55185546874999,-8.546416925005886],[-52.57373046875,-8.518096612505886],[-52.578027343749994,-8.50481536250588],[-52.58359374999999,-8.492998956255889],[-52.591259765625,-8.482452081255886],[-52.60161132812499,-8.472686456255886],[-52.62387695312499,-8.45720794063088],[-52.63266601562499,-8.448760675005886],[-52.66093749999999,-8.40129973750588],[-52.66464843749999,-8.38811614375588],[-52.665283203125,-8.37249114375588],[-52.66166992187499,-8.340655206255889],[-52.6474609375,-8.282549737505889],[-52.64726562499999,-8.267608331255886],[-52.64946289062499,-8.254229425005889],[-52.65771484375,-8.228350518755889],[-52.682080078125,-8.181670831255886],[-52.70109863281249,-8.125518487505886],[-52.76010742187499,-8.00652434688088],[-52.76408691406249,-7.994463800005889],[-52.77006835937499,-7.945147393755889],[-52.772900390625,-7.938995050005886],[-52.77714843749999,-7.934600518755886],[-52.792236328125,-7.92473723750588],[-52.80412597656249,-7.905791925005886],[-52.807080078125,-7.883135675005889],[-52.80363769531249,-7.85979583125588],[-52.796630859375,-7.83879973750588],[-52.7861328125,-7.82122161250588],[-52.77348632812499,-7.80462005000588],[-52.76328124999999,-7.787139581255886],[-52.76030273437499,-7.76702239375588],[-52.763427734375,-7.733916925005886],[-52.748291015625,-7.638702081255886],[-52.74374999999999,-7.627276300005889],[-52.71733398437499,-7.60198333125588],[-52.68222656249999,-7.57756926875588],[-52.662109375,-7.54998137813088],[-52.68686523437499,-7.503252862505889],[-52.685791015625,-7.48919036250588],[-52.66513671874999,-7.41448333125588],[-52.65952148437499,-7.404327081255886],[-52.65178222656249,-7.39666106563088],[-52.63266601562499,-7.38347747188088],[-52.61923828124999,-7.370635675005886],[-52.609375,-7.354034112505886],[-52.60344238281249,-7.33562590938088],[-52.59916992187499,-7.277862237505886],[-52.59416503906249,-7.26018645625588],[-52.56767578124999,-7.202471612505889],[-52.55624999999999,-7.185381768755889],[-52.54086914062499,-7.17009856563088],[-52.52294921875,-7.157549737505889],[-52.515380859375,-7.150420831255886],[-52.50913085937499,-7.14055755000588],[-52.50498046874999,-7.128741143755889],[-52.50224609374999,-7.123077081255886],[-52.498046875,-7.11834075313088],[-52.492431640625,-7.115557550005889],[-52.47929687499999,-7.11223723750588],[-52.47355957031249,-7.10906340938088],[-52.465576171875,-7.097686456255886],[-52.462646484375,-7.08318450313088],[-52.45988769531249,-7.053545831255889],[-52.454541015625,-7.04192473750588],[-52.396728515625,-6.97625090938088],[-52.38339843749999,-6.968096612505889],[-52.36381835937499,-6.96257903438088],[-52.19084472656249,-6.950225518755886],[-52.136376953124994,-6.93547942500588],[-52.09038085937499,-6.91057708125588],[-52.07504882812499,-6.897784112505889],[-52.0615234375,-6.882842706255886],[-52.05209960937499,-6.86638762813088],[-52.04924316406249,-6.84807708125588],[-52.049560546875,-6.812530206255886],[-52.04545898437499,-6.796905206255886],[-52.03593749999999,-6.78045012813088],[-51.997656250000006,-6.742022393755889],[-51.98771972656249,-6.727862237505889],[-51.984277343749994,-6.71868255000588],[-51.983007812500006,-6.70891692500588],[-51.98369140624999,-6.699053643755889],[-51.986181640625006,-6.68962981563088],[-51.994140625,-6.67546965938088],[-52.02817382812499,-6.638018487505889],[-52.07219238281249,-6.56658294063088],[-52.08964843749999,-6.55242278438088],[-52.11052246093749,-6.547686456255889],[-52.1728515625,-6.569659112505889],[-52.20493164062499,-6.57122161250588],[-52.23320312499999,-6.55950286250588],[-52.25859374999999,-6.534698175005886],[-52.27475585937499,-6.506670831255889],[-52.28500976562499,-6.492705987505886],[-52.29643554687499,-6.486846612505886],[-52.30615234375,-6.47844817500588],[-52.32749023437499,-6.424834893755886],[-52.36906738281249,-6.37883880000588],[-52.37529296874999,-6.366534112505889],[-52.38261718749999,-6.35930755000588],[-52.41782226562499,-6.340362237505886],[-52.429931640625,-6.32927825313088],[-52.43632812499999,-6.308135675005886],[-52.429931640625,-6.242998956255889],[-52.4306640625,-6.219268487505886],[-52.43359375,-6.202178643755886],[-52.43986816406249,-6.18767669063088],[-52.45036621093749,-6.17156340938088],[-52.51652832031249,-6.09636809688088],[-52.532958984375,-6.06170012813088],[-52.541259765625,-6.02190520625588],[-52.54282226562499,-5.98040130000588],[-52.53134765624999,-5.871123956255886],[-52.536376953125,-5.84929778438088],[-52.54736328125,-5.829913018755889],[-52.59814453125,-5.770049737505886],[-52.68315429687499,-5.58879973750588],[-52.69865722656249,-5.504229425005889],[-52.71098632812499,-5.469756768755886],[-52.73837890624999,-5.44475676875588],[-52.81706542968749,-5.41570403438088],[-52.84970703124999,-5.39788176875588],[-52.86874999999999,-5.369659112505886],[-52.87102050781249,-5.34758880000588],[-52.86191406249999,-5.283721612505886],[-52.87241210937499,-5.17864348750588],[-52.88022460937499,-5.15837981563088],[-52.89165039062499,-5.138213800005886],[-52.90629882812499,-5.11956145625588],[-52.91618652343749,-5.103545831255886],[-52.9208984375,-5.084991143755886],[-52.92363281249999,-5.01580169063088],[-52.920361328125,-4.997588800005886],[-52.91093749999999,-4.981475518755886],[-52.84824218749999,-4.91033294063088],[-52.831298828125,-4.873077081255886],[-52.81186523437499,-4.78508880000588],[-52.79301757812499,-4.745928643755889],[-52.7333984375,-4.68865325313088],[-52.72470703124999,-4.66668059688088],[-52.72258300781249,-4.657745050005886],[-52.71318359374999,-4.637725518755886],[-52.70419921874999,-4.58196380000588],[-52.67221679687499,-4.51580169063088],[-52.65983886718749,-4.476885675005889],[-52.663330078125,-4.438018487505886],[-52.68168945312499,-4.412920831255889],[-52.706787109375,-4.39324309688088],[-52.72885742187499,-4.37029387813088],[-52.73837890624999,-4.334991143755886],[-52.736083984375,-4.312823175005889],[-52.72929687499999,-4.29070403438088],[-52.71855468749999,-4.270342706255889],[-52.70419921874999,-4.25237395625588],[-52.66105957031249,-4.22014739375588],[-52.64042968749999,-4.19890715938088],[-52.63908691406249,-4.18035247188088],[-52.64682617187499,-4.14763762813088],[-52.59814453125,-3.96160247188088],[-52.59501953124999,-3.94109465938088],[-52.59775390624999,-3.9187802062558887],[-52.60844726562499,-3.87712981563088],[-52.60869140624999,-3.85515715938088],[-52.59345703125,-3.84148528438088],[-52.55876464843749,-3.80144622188088],[-52.543212890625,-3.79314544063088],[-52.521240234375,-3.7893856750058887],[-52.49760742187499,-3.779815362505886],[-52.47519531249999,-3.76677825313088],[-52.457177734374994,-3.7527645812558887],[-52.38071289062499,-3.66277434688088],[-52.357861328125,-3.64397551875588],[-52.351318359375,-3.634795831255886],[-52.32622070312499,-3.58123137813088],[-52.31474609374999,-3.564483331255886],[-52.26987304687499,-3.52337005000588],[-52.257080078125,-3.50798919063088],[-52.17026367187499,-3.35003020625588],[-52.16496582031249,-3.32952239375588],[-52.16435546874999,-3.31023528438088],[-52.16887207031249,-3.270049737505886],[-52.159326171874994,-3.22966887813088],[-52.12802734374999,-3.23040130000588],[-52.0908203125,-3.25261809688088],[-52.06357421874999,-3.27654387813088],[-51.95830078124999,-3.412627862505886],[-51.953466796875006,-3.42669036250588],[-51.9541015625,-3.46038176875588],[-51.94921875,-3.49724700313088],[-51.93310546875,-3.52752044063088],[-51.908935546875,-3.55291106563088],[-51.880126953125,-3.57512786250588],[-51.849462890625006,-3.5896786437558887],[-51.821533203125,-3.58928801875588],[-51.79460449218749,-3.57683684688088],[-51.70732421874999,-3.5042294250058887],[-51.68510742187499,-3.47332122188088],[-51.681250000000006,-3.4373348937558887],[-51.69560546874999,-3.40593840938088],[-51.712255859375006,-3.38201262813088],[-51.716552734375,-3.359893487505886],[-51.66020507812499,-3.30339934688088],[-51.64445800781249,-3.2810848937558887],[-51.62565917968749,-3.196807550005886],[-51.618750000000006,-3.181670831255886],[-51.615820312500006,-3.1702450500058887],[-51.618896484375,-3.15886809688088],[-51.62993164062499,-3.1443661437558887],[-51.63837890624998,-3.135772393755886],[-51.65971679687499,-3.11858489375588],[-51.669775390625006,-3.11248137813088],[-51.696386718750006,-3.104522393755886],[-51.753173828125,-3.09758880000588],[-51.77849121093749,-3.08733489375588],[-51.79638671875,-3.06902434688088],[-51.8359375,-2.9993466125058887],[-51.89116210937499,-2.9412411437558887],[-51.906835937500006,-2.91765715938088],[-51.921777343749994,-2.87786223750588],[-51.931884765625,-2.85930755000588],[-51.947998046875,-2.84710051875588],[-51.98942871093749,-2.83879973750588],[-52.00187988281249,-2.83123137813088],[-52.010009765625,-2.820342706255886],[-52.014404296875,-2.807647393755886],[-52.02783203125,-2.708038018755886],[-52.02128906249999,-2.68425872188088],[-52.01328124999999,-2.68230559688088],[-52.00737304687499,-2.668975518755886],[-51.98808593749999,-2.64666106563088],[-51.98198242187499,-2.6336239562558887],[-51.98051757812499,-2.6175106750058887],[-51.98222656249999,-2.60051848750588],[-51.986425781250006,-2.584014581255886],[-51.992529296875006,-2.56926848750588],[-52.01474609374999,-2.53191497188088],[-52.018798828125,-2.516143487505886],[-52.02739257812499,-2.45525481563088],[-52.11679687499999,-2.2766903625058887],[-52.15024414062499,-2.23699309688088],[-52.15727539062499,-2.2224911437558887],[-52.16533203124999,-2.22063567500588],[-52.172119140625,-2.2078427062558887],[-52.195556640625,-2.18279387813088],[-52.20488281249999,-2.17009856563088],[-52.20981445312499,-2.15520598750588],[-52.212890625,-2.07512786250588],[-52.22578125,-2.01360442500588],[-52.25419921874999,-1.944854425005886],[-52.25791015624999,-1.9310848937558802],[-52.25810546874999,-1.9178036437558887],[-52.24687499999999,-1.881866143755886],[-52.24504394531249,-1.8670223937558887],[-52.25146484375,-1.8080380187558802],[-52.25522460937499,-1.7965634093808802],[-52.28271484375,-1.7482235656308802],[-52.286376953125,-1.7338192687558802],[-52.28525390624999,-1.7195614562558887],[-52.27763671874999,-1.709502862505886],[-52.256103515625,-1.698760675005886]],[[-52.61328125,-3.86052825313088],[-52.60869140624999,-3.85515715938088]]]}},{"type":"Feature","properties":{"role":"context_only","name":"Tapaj\u00f3s","name_en":"Tapaj\u00f3s","ne_id":1159113723},"geometry":{"type":"MultiLineString","coordinates":[[[-58.65910644531249,-10.97503020625588],[-58.63530273437499,-10.916338800005889],[-58.62558593749999,-10.89934661250588],[-58.6044921875,-10.87200286250588],[-58.60222167968749,-10.861358331255886],[-58.60209960937499,-10.84148528438088],[-58.59770507812499,-10.831084893755886],[-58.60498046875,-10.81633880000588],[-58.59921874999999,-10.796709893755889],[-58.58928222656249,-10.77629973750588],[-58.58403320312499,-10.75872161250588],[-58.57036132812499,-10.674151300005889],[-58.57114257812499,-10.631377862505886],[-58.57749023437499,-10.593096612505889],[-58.568115234375,-10.560870050005889],[-58.52197265625,-10.53630950313088],[-58.460400390625,-10.52312590938088],[-58.44316406249999,-10.51238372188088],[-58.37114257812499,-10.44060637813088],[-58.349560546875,-10.40276458125588],[-58.344482421875,-10.26873137813088],[-58.331298828125,-10.22210051875588],[-58.26872558593749,-10.10491301875588],[-58.25244140625,-10.064776300005889],[-58.21367187499999,-9.897979425005886],[-58.21330566406249,-9.808135675005886],[-58.22031249999999,-9.769073175005886],[-58.255859375,-9.70330169063088],[-58.26127929687499,-9.683135675005886],[-58.260009765625,-9.552080987505889],[-58.26352539062499,-9.52898528438088],[-58.27214355468749,-9.51238372188088],[-58.29150390625,-9.494952081255889],[-58.30693359374999,-9.48723723750588],[-58.32470703125,-9.485870050005886],[-58.35124511718749,-9.48796965938088],[-58.39604492187499,-9.483428643755886],[-58.43852539062499,-9.467315362505886],[-58.56450195312499,-9.38811614375588],[-58.59196777343749,-9.36272551875588],[-58.6181640625,-9.33025481563088],[-58.62973632812499,-9.30999114375588],[-58.63583984374999,-9.29045989375588],[-58.64165039062499,-9.22429778438088],[-58.65532226562499,-9.18230559688088],[-58.66083984375,-9.122100518755886],[-58.65910644531249,-9.111163018755889],[-58.65185546875,-9.09856536250588],[-58.63017578124999,-9.07268645625588],[-58.62558593749999,-9.05999114375588],[-58.62126464843749,-9.03606536250588],[-58.61027832031249,-9.005889581255886],[-58.595703125,-8.97722747188088],[-58.58061523437499,-8.95720794063088],[-58.57626953124999,-8.94841887813088],[-58.572021484375,-8.93303801875588],[-58.5703125,-8.91838958125588],[-58.57377929687499,-8.911944268755889],[-58.57854003906249,-8.90984465938088],[-58.57421875,-8.905596612505889],[-58.562939453125,-8.89885833125588],[-58.5576171875,-8.897002862505886],[-58.55034179687499,-8.899932550005886],[-58.54306640624999,-8.89885833125588],[-58.51774902343749,-8.88445403438088],[-58.46049804687499,-8.81633880000588],[-58.45097656249999,-8.796416925005886],[-58.43181152343749,-8.78777434688088],[-58.40903320312499,-8.782061456255889],[-58.38884277343749,-8.77166106563088],[-58.373779296875,-8.76140715938088],[-58.36748046874999,-8.75457122188088],[-58.36491699218749,-8.74431731563088],[-58.36162109374999,-8.737627862505889],[-58.353759765625,-8.73357512813088],[-58.344482421875,-8.730498956255886],[-58.33701171874999,-8.72698333125588],[-58.32275390625,-8.70256926875588],[-58.35385742187499,-8.695635675005889],[-58.43071289062499,-8.69793059688088],[-58.45012207031249,-8.68938567500588],[-58.4599609375,-8.675127862505889],[-58.46337890625,-8.65642669063088],[-58.46298828124999,-8.62224700313088],[-58.45415039062499,-8.56072356563088],[-58.45068359375,-8.549151300005889],[-58.44565429687499,-8.538116143755886],[-58.43730468749999,-8.505694268755889],[-58.44140625,-8.44036223750588],[-58.43149414062499,-8.406573175005889],[-58.38444824218749,-8.335284112505889],[-58.379150390625,-8.318877862505886],[-58.37016601562499,-8.26799895625588],[-58.31645507812499,-8.122881768755889],[-58.31389160156249,-8.100420831255889],[-58.33403320312499,-7.973174737505886],[-58.35605468749999,-7.924151300005889],[-58.35979003906249,-7.91130950313088],[-58.36630859374999,-7.85051848750588],[-58.365966796875,-7.833526300005886],[-58.35979003906249,-7.81853606563088],[-58.33098144531249,-7.79021575313088],[-58.31884765625,-7.77459075313088],[-58.27817382812499,-7.70623137813088],[-58.26542968749999,-7.665557550005886],[-58.2578125,-7.65447356563088],[-58.23881835937499,-7.638702081255886],[-58.229736328125,-7.629229425005889],[-58.22380371093749,-7.61980559688088],[-58.21977539062499,-7.60955169063088],[-58.21728515625,-7.59856536250588],[-58.21586914062499,-7.58757903438088],[-58.22478027343749,-7.45696380000588],[-58.22373046874999,-7.43938567500588],[-58.16032714843749,-7.35930755000588],[-58.13623046875,-7.340166925005889],[-58.14487304687499,-7.31585051875588],[-58.14501953125,-7.28948333125588],[-58.14250488281249,-7.265166925005886],[-58.14340820312499,-7.24724700313088],[-58.14951171874999,-7.23772551875588],[-58.21269531249999,-7.18938567500588],[-58.22197265624999,-7.178741143755886],[-58.22807617187499,-7.16692473750588],[-58.23820800781249,-7.12932708125588],[-58.25615234374999,-7.097686456255886],[-58.32275390625,-7.01018645625588],[-58.34702148437499,-6.984893487505886],[-58.40576171875,-6.94695403438088],[-58.43107910156249,-6.92302825313088],[-58.444091796875,-6.902373956255886],[-58.46477050781249,-6.852862237505889],[-58.47153320312499,-6.83001067500588],[-58.47941894531249,-6.783038018755889],[-58.47836914062499,-6.73748137813088],[-58.46875,-6.69280364375588],[-58.45087890625,-6.648955987505886],[-58.42753906249999,-6.61687590938088],[-58.33598632812499,-6.55120208125588],[-58.21542968749999,-6.431182550005886],[-58.196533203125,-6.420245050005889],[-58.16923828124999,-6.41399505000588],[-58.110595703125,-6.41399505000588],[-58.08203125,-6.41082122188088],[-57.93124999999999,-6.359698175005889],[-57.88811035156249,-6.33635833125588],[-57.69536132812499,-6.192901300005886],[-57.67070312499999,-6.163604425005886],[-57.6525390625,-6.129717706255889],[-57.63486328124999,-6.070147393755889],[-57.63395996093749,-6.05486419063088],[-57.63623046875,-6.040362237505889],[-57.64116210937499,-6.022002862505886],[-57.64902343749999,-6.005205987505889],[-57.65812988281249,-5.990557550005889],[-57.66328125,-5.974932550005889],[-57.658935546875,-5.95476653438088],[-57.63798828124999,-5.930498956255889],[-57.60791015625,-5.915557550005886],[-57.57536621093749,-5.903643487505889],[-57.547119140625,-5.88811614375588],[-57.53410644531249,-5.87493255000588],[-57.50224609374999,-5.83342864375588],[-57.33505859374999,-5.72649505000588],[-57.29345703125,-5.682940362505889],[-57.2265625,-5.634112237505889],[-57.15227050781249,-5.553057550005889],[-57.131103515625,-5.53801848750588],[-57.08481445312499,-5.515166925005886],[-57.06523437499999,-5.501299737505889],[-57.05424804687499,-5.487627862505889],[-57.04843749999999,-5.473955987505889],[-57.03916015624999,-5.44207122188088],[-57.00864257812499,-5.39299895625588],[-56.99765624999999,-5.367998956255889],[-56.999267578125,-5.338409112505886],[-57.00957031249999,-5.307940362505889],[-57.01115722656249,-5.29265715938088],[-57.007080078125,-5.276202081255889],[-56.994384765625,-5.254717706255889],[-56.9775390625,-5.235381768755886],[-56.95769042968749,-5.21892669063088],[-56.93632812499999,-5.20598723750588],[-56.89348144531249,-5.18621184688088],[-56.87309570312499,-5.17400481563088],[-56.85693359375,-5.158038018755889],[-56.84775390624999,-5.13884856563088],[-56.84453124999999,-5.11834075313088],[-56.84660644531249,-5.07610442500588],[-56.84384765624999,-5.056182550005886],[-56.83464355468749,-5.038897393755889],[-56.78618164062499,-4.973663018755886],[-56.7275390625,-4.86321380000588],[-56.722900390625,-4.845049737505889],[-56.72075195312499,-4.774444268755886],[-56.718701171875,-4.76799895625588],[-56.71435546875,-4.762725518755886],[-56.61381835937499,-4.693682550005889],[-56.601806640625,-4.689971612505886],[-56.58818359374999,-4.689483331255886],[-56.554931640625,-4.694170831255889],[-56.54160156249999,-4.698077081255889],[-56.52641601562499,-4.70745208125588],[-56.50078124999999,-4.73284270625588],[-56.48588867187499,-4.742510675005889],[-56.47233886718749,-4.745440362505889],[-56.45834960937499,-4.743975518755889],[-56.44487304687499,-4.73919036250588],[-56.43303222656249,-4.73211028438088],[-56.42143554687499,-4.719756768755886],[-56.4150390625,-4.70623137813088],[-56.40488281249999,-4.67620208125588],[-56.397216796875,-4.66545989375588],[-56.38583984374999,-4.655303643755886],[-56.34099121093749,-4.62835051875588],[-56.296337890625,-4.59172942500588],[-56.29062499999999,-4.58245208125588],[-56.2880859375,-4.56951262813088],[-56.287060546875,-4.54314544063088],[-56.28300781249999,-4.530303643755886],[-56.27622070312499,-4.520342706255889],[-56.251953125,-4.492217706255886],[-56.2470703125,-4.47039153438088],[-56.25449218749999,-4.450030206255889],[-56.264892578125,-4.429229425005886],[-56.26848144531249,-4.40691497188088],[-56.26054687499999,-4.385772393755886],[-56.244873046875,-4.36907317500588],[-56.22495117187499,-4.35637786250588],[-56.20444335937499,-4.34661223750588],[-56.190185546875,-4.342608331255889],[-56.1064453125,-4.338213800005889],[-56.08359374999999,-4.332061456255886],[-56.07988281249999,-4.32927825313088],[-56.07773437499999,-4.325518487505889],[-56.07236328124999,-4.31951262813088],[-56.06064453124999,-4.31145598750588],[-56.04826660156249,-4.306670831255886],[-56.021240234375,-4.30022551875588],[-56.00419921874999,-4.29387786250588],[-55.98369140624999,-4.283038018755889],[-55.96640624999999,-4.26970794063088],[-55.9591796875,-4.25579192500588],[-55.950927734375,-4.244659112505886],[-55.839599609375,-4.176592706255889],[-55.644775390625,-4.005205987505889],[-55.62436523437499,-3.980498956255886],[-55.56748046874999,-3.89055755000588],[-55.53159179687499,-3.84807708125588],[-55.50419921874999,-3.790557550005886],[-55.49699707031249,-3.78142669063088],[-55.486572265625,-3.77214934688088],[-55.439208984375,-3.74529387813088],[-55.426513671875,-3.73503997188088],[-55.41943359375,-3.72283294063088],[-55.40800781249999,-3.676299737505886],[-55.39365234374999,-3.63909270625588],[-55.39384765624999,-3.6267880187558887],[-55.38994140624999,-3.6106747375058887],[-55.36406249999999,-3.5613583312558887],[-55.34941406249999,-3.4876278625058887],[-55.34375,-3.47014739375588],[-55.22465820312499,-3.233428643755886],[-55.1865234375,-3.1795223937558887],[-55.17937011718749,-3.162627862505886],[-55.1767578125,-3.14568450313088],[-55.17534179687499,-3.11028411250588],[-55.171630859375,-3.0940731750058887],[-55.16130371093749,-3.064483331255886],[-55.16057128906249,-3.04705169063088],[-55.16435546874999,-3.0315731750058887],[-55.17668457031249,-3.002471612505886],[-55.18027343749999,-2.9871395812558887],[-55.17949218749999,-2.97014739375588],[-55.159912109375,-2.90447356563088],[-55.12968749999999,-2.8596981750058887],[-55.121826171875,-2.8284481750058887],[-55.12932128906249,-2.76433684688088],[-55.12387695312499,-2.732940362505886],[-55.115966796875,-2.71965911250588],[-55.09531249999999,-2.69426848750588],[-55.0869140625,-2.6804989562558887],[-55.08090820312499,-2.66545989375588],[-55.077099609375,-2.65007903438088],[-55.07561035156249,-2.63420989375588],[-55.07744140624999,-2.5877255187558887],[-55.05766601562499,-2.47283294063088],[-55.05156249999999,-2.4554013000058887],[-55.04313964843749,-2.43889739375588],[-55.03251953124999,-2.42498137813088],[-55.01806640625,-2.41350676875588],[-55.0048828125,-2.40935637813088],[-54.97265625,-2.41106536250588],[-54.970947265625,-2.4192684875058887],[-54.95126953124999,-2.41936614375588],[-54.932861328125,-2.41521575313088],[-54.838623046875,-2.3758114562558887],[-54.820556640625,-2.3758114562558887],[-54.81474609374999,-2.379913018755886],[-54.80571289062499,-2.3919247375058887],[-54.79802246093749,-2.395538018755886],[-54.79257812499999,-2.39519622188088],[-54.78305664062499,-2.3909481750058887],[-54.77792968749999,-2.3899716125058887],[-54.77336425781249,-2.39080169063088],[-54.76127929687499,-2.39592864375588],[-54.69670410156249,-2.40593840938088],[-54.677001953125,-2.41228606563088]]]}},{"type":"Feature","properties":{"role":"context_only","name":"Japur\u00e1","name_en":"Japur\u00e1","ne_id":1159113783},"geometry":{"type":"MultiLineString","coordinates":[[[-69.45493164062499,-1.1998837218808802],[-69.42192382812499,-1.2386044250058887],[-69.41904296874999,-1.2840145812558887],[-69.435498046875,-1.3762997375058887],[-69.43466796874999,-1.4220516906308802],[-69.45297851562499,-1.4904110656308802],[-69.45268554687499,-1.510772393755886],[-69.44418945312499,-1.5306942687558802],[-69.39824218749999,-1.5775692687558802],[-69.38066406249999,-1.5891903625058887],[-69.31547851562499,-1.5999325500058887],[-69.292236328125,-1.606475518755886],[-69.27353515624999,-1.6144345031308802],[-69.225537109375,-1.6564266906308802],[-69.19340820312499,-1.6688778625058802],[-69.17441406249999,-1.684600518755886],[-69.08830566406249,-1.7848446593808802],[-69.056396484375,-1.812041925005886],[-69.02231445312499,-1.8280575500058802],[-68.99846191406249,-1.829620050005886],[-68.95903320312499,-1.8173153625058802],[-68.93671875,-1.8137997375058887],[-68.92685546874999,-1.810577081255886],[-68.90751953124999,-1.7965634093808802],[-68.895751953125,-1.7933895812558802],[-68.78159179687499,-1.7820614562558887],[-68.76567382812499,-1.7765438781308802],[-68.749267578125,-1.773955987505886],[-68.68034667968749,-1.7933895812558802],[-68.63388671874999,-1.7941220031308802],[-68.59086914062499,-1.7860653625058802],[-68.55126953125,-1.771514581255886],[-68.51523437499999,-1.752959893755886],[-68.4892578125,-1.734405206255886],[-68.47404785156249,-1.728057550005886],[-68.40910644531249,-1.7216122375058802],[-68.27744140624999,-1.6796200500058802],[-68.22021484375,-1.6476376281308802],[-68.20573730468749,-1.6427548156308802],[-68.18937988281249,-1.6409481750058887],[-68.123291015625,-1.6461727843808802],[-68.05803222656249,-1.6334774718808802],[-68.01708984375,-1.6393368468808802],[-67.97587890624999,-1.6498348937558802],[-67.93100585937499,-1.6554501281308802],[-67.909619140625,-1.6532528625058802],[-67.86699218749999,-1.6439755187558802],[-67.84501953124999,-1.6417782531308802],[-67.83513183593749,-1.6439755187558802],[-67.81486816406249,-1.6532528625058802],[-67.80405273437499,-1.6554501281308802],[-67.759033203125,-1.6486141906308802],[-67.681640625,-1.656280206255886],[-67.61760253906249,-1.6857235656308802],[-67.50578613281249,-1.7584774718808802],[-67.472900390625,-1.7708309875058887],[-67.2607421875,-1.7976864562558887],[-67.21845703125,-1.8097470031308802],[-67.184326171875,-1.8261044250058802],[-67.11557617187499,-1.8690731750058802],[-67.074658203125,-1.8821591125058887],[-67.026611328125,-1.881377862505886],[-66.738427734375,-1.7771786437558887],[-66.69084472656249,-1.7721493468808802],[-66.60234374999999,-1.775420831255886],[-66.56103515625,-1.772002862505886],[-66.51889648437499,-1.7584774718808802],[-66.45598144531249,-1.722198175005886],[-66.311767578125,-1.703643487505886],[-66.178466796875,-1.6492489562558887],[-66.14194335937499,-1.6469052062558802],[-66.10405273437499,-1.6542294250058802],[-66.03715820312499,-1.6793759093808802],[-66.01499023437499,-1.690459893755886],[-65.99406738281249,-1.7039364562558887],[-65.97421874999999,-1.7208798156308802],[-65.95659179687499,-1.732940362505886],[-65.843017578125,-1.7698544250058887],[-65.83427734374999,-1.7755673156308802],[-65.75236816406249,-1.7858212218808802],[-65.72026367187499,-1.7981747375058887],[-65.63566894531249,-1.847198175005886],[-65.58195800781249,-1.8671200500058802],[-65.57421875,-1.8776180968808802],[-65.56674804687499,-1.884795831255886],[-65.51896972656249,-1.9093563781308802],[-65.50537109375,-1.9186337218808802],[-65.496337890625,-1.922393487505886],[-65.48422851562499,-1.922393487505886],[-65.47429199218749,-1.9169247375058802],[-65.45988769531249,-1.8988583312558802],[-65.45378417968749,-1.895049737505886],[-65.43730468749999,-1.8905575500058802],[-65.395751953125,-1.868682550005886],[-65.375,-1.860870050005886],[-65.319091796875,-1.8485653625058802],[-65.29282226562499,-1.8512509093808802],[-65.27197265625,-1.867705987505886],[-65.26640624999999,-1.8800595031308802],[-65.25830078125,-1.922393487505886],[-65.24033203124999,-1.9588192687558887],[-65.23784179687499,-1.9667294250058802],[-65.22832031249999,-1.985870050005886],[-65.192626953125,-2.041534112505886],[-65.193115234375,-2.0633114562558887],[-65.20988769531249,-2.118194268755886],[-65.23784179687499,-2.16253020625588],[-65.19003906249999,-2.20037200313088],[-65.188232421875,-2.242217706255886],[-65.18400878906249,-2.25798919063088],[-65.17570800781249,-2.2718075500058887],[-65.15122070312499,-2.29216887813088],[-65.1396484375,-2.3054989562558887],[-65.134765625,-2.32366301875588],[-65.13217773437499,-2.34636809688088],[-65.12558593749999,-2.368194268755886],[-65.00815429687499,-2.575225518755886],[-65.00107421874999,-2.59319426875588],[-64.99821777343749,-2.6116513000058887],[-65.00224609374999,-2.63152434688088],[-65.01010742187499,-2.65349700313088],[-65.01542968749999,-2.67595794063088],[-65.01188964843749,-2.69695403438088],[-64.98374023437499,-2.71502044063088],[-64.90544433593749,-2.716338800005886],[-64.88151855468749,-2.74480559688088],[-64.883544921875,-2.7879208312558887],[-64.91074218749999,-2.87468840938088],[-64.90202636718749,-2.90984465938088],[-64.88749999999999,-2.9187802062558887],[-64.84990234374999,-2.9226864562558887],[-64.83310546874999,-2.929717706255886],[-64.82333984374999,-2.941924737505886],[-64.819091796875,-2.95623137813088],[-64.81259765624999,-2.991729425005886],[-64.79838867187499,-3.02654387813088],[-64.770751953125,-3.07219817500588],[-64.76611328125,-3.0838192687558887],[-64.76596679687499,-3.0955380187558887],[-64.77182617187499,-3.107940362505886],[-64.784912109375,-3.125030206255886],[-64.78813476562499,-3.131377862505886],[-64.789794921875,-3.139678643755886],[-64.791015625,-3.157256768755886],[-64.796630859375,-3.18547942500588]]]}},{"type":"Feature","properties":{"role":"context_only","name":"Araguaia","name_en":"Araguaia","ne_id":1159109637},"geometry":{"type":"MultiLineString","coordinates":[[[-53.11516113281249,-17.85481536250589],[-53.12939453125,-17.684112237505886],[-53.14169921874999,-17.64690520625588],[-53.15812988281249,-17.61492278438088],[-53.19833984374999,-17.560577081255886],[-53.21748046875,-17.52678801875588],[-53.22404785156249,-17.48967864375588],[-53.220947265625,-17.45012786250588],[-53.211376953125,-17.40911223750588],[-53.205322265625,-17.38997161250589],[-53.20068359375,-17.38005950313088],[-53.194580078125,-17.37224700313088],[-53.18974609374999,-17.36262786250589],[-53.191650390625,-17.35188567500589],[-53.19589843749999,-17.34114348750589],[-53.19833984374999,-17.33123137813088],[-53.203369140625,-17.28206145625589],[-53.19833984374999,-17.26580169063088],[-53.19150390624999,-17.25603606563088],[-53.16669921875,-17.235381768755886],[-53.15886230468749,-17.22454192500588],[-53.151611328125,-17.203155206255886],[-53.14213867187499,-17.18694426875588],[-53.13559570312499,-17.16340911250589],[-53.1318359375,-17.158721612505886],[-53.11516113281249,-17.14290130000589],[-53.07866210937499,-17.08904387813088],[-53.07080078125,-17.08088958125589],[-53.05852050781249,-17.07415130000588],[-53.04692382812499,-17.05779387813088],[-53.03776855468749,-17.037627862505886],[-53.033203125,-17.01936614375589],[-53.03378906249999,-17.01091887813088],[-53.038818359375,-16.99163176875588],[-53.0400390625,-16.981475518755886],[-53.037841796875,-16.971709893755886],[-53.02792968749999,-16.94963958125588],[-53.013916015625,-16.88494231563088],[-53.01953125,-16.86785247188088],[-52.99125976562499,-16.83855559688088],[-52.96367187499999,-16.81902434688088],[-52.8966796875,-16.786651300005886],[-52.85441894531249,-16.77229583125589],[-52.84555664062499,-16.76726653438088],[-52.82890624999999,-16.75432708125588],[-52.80937499999999,-16.74544036250589],[-52.77250976562499,-16.70403411250588],[-52.7314453125,-16.670440362505886],[-52.71225585937499,-16.65071380000589],[-52.70419921874999,-16.632354425005886],[-52.70244140624999,-16.60833098750588],[-52.69663085937499,-16.588897393755886],[-52.68613281249999,-16.57307708125589],[-52.6701171875,-16.560088800005886],[-52.64274902343749,-16.54241301875588],[-52.632568359375,-16.528838800005886],[-52.62851562499999,-16.508819268755886],[-52.62480468749999,-16.46404387813088],[-52.61484374999999,-16.422881768755886],[-52.60117187499999,-16.38567473750588],[-52.58261718749999,-16.35188567500589],[-52.55966796874999,-16.32293059688088],[-52.532958984375,-16.29998137813088],[-52.520751953125,-16.292022393755886],[-52.50742187499999,-16.28547942500589],[-52.49228515624999,-16.28069426875588],[-52.45341796874999,-16.27727630000588],[-52.43896484375,-16.271026300005886],[-52.43120117187499,-16.258819268755886],[-52.429931640625,-16.23860442500589],[-52.45012207031249,-16.171905206255886],[-52.45573730468749,-16.13469817500588],[-52.44418945312499,-16.09456145625589],[-52.43046874999999,-16.08269622188088],[-52.388916015625,-16.06780364375588],[-52.362060546875,-16.05046965938088],[-52.35190429687499,-16.049346612505886],[-52.34248046875,-16.049346612505886],[-52.33432617187499,-16.04607512813088],[-52.32866210937499,-16.038116143755886],[-52.30693359374999,-15.986358331255886],[-52.26157226562499,-15.937823175005889],[-52.25424804687499,-15.92009856563088],[-52.250244140625,-15.913409112505889],[-52.24130859374999,-15.905303643755886],[-52.230712890625,-15.898760675005889],[-52.20646972656249,-15.889678643755886],[-52.15874023437499,-15.88054778438088],[-52.05314941406249,-15.874834893755889],[-52.030029296875,-15.868487237505889],[-52.00888671874999,-15.85564544063088],[-51.97429199218749,-15.82293059688088],[-51.96940917968749,-15.813018487505886],[-51.96953124999999,-15.80559661250588],[-51.966894531250006,-15.800811456255886],[-51.953857421875,-15.799151300005889],[-51.940771484375006,-15.80095794063088],[-51.92578125,-15.80974700313088],[-51.916015625,-15.81267669063088],[-51.8984375,-15.81170012813088],[-51.88286132812499,-15.80486419063088],[-51.871826171875,-15.792510675005886],[-51.86259765624999,-15.760577081255889],[-51.82658691406249,-15.717120050005889],[-51.79606933593749,-15.65178801875588],[-51.78251953124999,-15.63152434688088],[-51.774023437500006,-15.610674737505889],[-51.77509765624998,-15.58513762813088],[-51.782470703125,-15.559600518755886],[-51.793066406250006,-15.53899505000588],[-51.78564453125,-15.52532317500588],[-51.76298828124999,-15.53850676875588],[-51.748632812500006,-15.52996184688088],[-51.72758789062499,-15.494659112505886],[-51.711669921875,-15.47429778438088],[-51.705322265625,-15.45574309688088],[-51.697509765625,-15.40862395625588],[-51.692724609375006,-15.398467706255886],[-51.679296875000006,-15.37883880000588],[-51.67578125,-15.367705987505886],[-51.676123046875006,-15.355010675005886],[-51.681738281250006,-15.333819268755889],[-51.683203125000006,-15.32268645625588],[-51.68208007812498,-15.311358331255889],[-51.67692871093749,-15.296905206255886],[-51.67578125,-15.288604425005886],[-51.671875,-15.28191497188088],[-51.654150390625006,-15.271807550005889],[-51.649023437500006,-15.264678643755886],[-51.649511718750006,-15.242705987505886],[-51.655029296875,-15.22576262813088],[-51.657470703125,-15.209795831255889],[-51.649023437500006,-15.190264581255889],[-51.639746093750006,-15.17937590938088],[-51.625,-15.165557550005886],[-51.60771484374999,-15.153643487505889],[-51.590673828125006,-15.14861419063088],[-51.57587890624998,-15.140166925005886],[-51.53239746093749,-15.08025481563088],[-51.51384277343749,-15.062823175005889],[-51.47416992187499,-15.048370050005886],[-51.45354003906249,-15.03533294063088],[-51.427490234375,-15.006670831255889],[-51.41215820312499,-14.995440362505889],[-51.39208984375,-14.991045831255889],[-51.36767578125,-14.98845794063088],[-51.35087890624999,-14.98137786250588],[-51.32011718749999,-14.95623137813088],[-51.307226562500006,-14.97136809688088],[-51.304052734375006,-14.99212005000588],[-51.297607421875,-15.01043059688088],[-51.275146484375,-15.01824309688088],[-51.25537109375,-15.01531340938088],[-51.239355468750006,-15.008330987505886],[-51.21025390624999,-14.991045831255889],[-51.17607421874999,-14.976592706255886],[-51.159912109375,-14.962725518755889],[-51.151953125000006,-14.953936456255889],[-51.152197265625006,-14.950030206255889],[-51.14836425781249,-14.944854425005886],[-51.14177246093749,-14.92058684688088],[-51.13823242187499,-14.912139581255886],[-51.12910156249998,-14.90471770625588],[-51.107421875,-14.89397551875588],[-51.10039062499999,-14.88787200313088],[-51.09282226562499,-14.82244231563088],[-51.083593750000006,-14.81218840938088],[-51.068701171875006,-14.80462005000588],[-51.065039062500006,-14.78630950313088],[-51.066259765625006,-14.743975518755889],[-51.0595703125,-14.72185637813088],[-51.042333984375006,-14.683623956255886],[-51.038916015625006,-14.658233331255886],[-51.03361816406249,-14.64714934688088],[-51.010107421875006,-14.62835051875588],[-51.004736328125006,-14.617217706255886],[-51.003027343750006,-14.607745050005889],[-50.99443359374999,-14.588702081255889],[-50.989501953125,-14.57366301875588],[-50.987890625000006,-14.570830987505886],[-50.984277343749994,-14.56633880000588],[-50.987158203125006,-14.55486419063088],[-50.98271484374999,-14.543975518755886],[-50.975439453125006,-14.532256768755886],[-50.97001953124999,-14.518584893755886],[-50.968994140625,-14.502471612505886],[-50.970947265625,-14.486846612505886],[-50.9775390625,-14.46331145625588],[-50.995458984375006,-14.399444268755886],[-50.995703125000006,-14.365264581255886],[-50.98095703125,-14.336455987505886],[-50.97233886718749,-14.323565362505889],[-50.972021484375006,-14.312334893755889],[-50.975341796875,-14.30120208125588],[-50.9775390625,-14.28826262813088],[-50.975341796875,-14.274248956255889],[-50.96599121093749,-14.243487237505889],[-50.9638671875,-14.226592706255886],[-50.954443359375006,-14.206573175005886],[-50.935400390625006,-14.182159112505886],[-50.920263671875006,-14.155108331255889],[-50.92290039062499,-14.12688567500588],[-50.92290039062499,-14.13372161250588],[-50.92499999999998,-14.129229425005889],[-50.929052734375006,-14.113311456255886],[-50.881201171875006,-14.110870050005886],[-50.85734863281249,-14.10369231563088],[-50.84716796875,-14.089190362505889],[-50.848388671875,-14.06731536250588],[-50.86083984375,-14.01775481563088],[-50.862890625000006,-13.97429778438088],[-50.847412109375,-13.90447356563088],[-50.84716796875,-13.86003997188088],[-50.859228515625006,-13.79778411250588],[-50.86186523437499,-13.76482512813088],[-50.866552734375006,-13.743682550005886],[-50.86767578125,-13.718780206255886],[-50.866064453125006,-13.712920831255886],[-50.83684082031249,-13.69768645625588],[-50.82695312499999,-13.69475676875588],[-50.816748046875006,-13.69060637813088],[-50.805517578125006,-13.681963800005889],[-50.797460937500006,-13.67034270625588],[-50.78789062499999,-13.645830987505889],[-50.77250976562499,-13.622588800005886],[-50.76093749999998,-13.542803643755889],[-50.75810546874999,-13.53484465938088],[-50.751562500000006,-13.524248956255889],[-50.71562499999999,-13.49456145625588],[-50.7099609375,-13.48699309688088],[-50.70463867187499,-13.475420831255889],[-50.68115234375,-13.45281340938088],[-50.67583007812499,-13.44573333125588],[-50.655615234375006,-13.379717706255889],[-50.60551757812499,-13.32000090938088],[-50.60009765625,-13.308623956255886],[-50.59599609374999,-13.28606536250588],[-50.56660156249998,-13.22258880000588],[-50.578710937500006,-13.18840911250588],[-50.580908203125006,-13.11077239375588],[-50.59326171875,-13.07170989375588],[-50.56474609374999,-13.05657317500588],[-50.55974121093749,-13.054717706255886],[-50.55859375,-13.051104425005889],[-50.556005859375006,-13.04680755000588],[-50.553466796875,-13.04143645625588],[-50.55229492187499,-13.03386809688088],[-50.554541015625006,-13.02727630000588],[-50.56437988281249,-13.02117278438088],[-50.56660156249998,-13.01336028438088],[-50.56157226562499,-13.006377862505886],[-50.525000000000006,-12.98235442500588],[-50.51384277343749,-12.97258880000588],[-50.50432128906249,-12.96209075313088],[-50.49658203125,-12.94988372188088],[-50.490820312500006,-12.93523528438088],[-50.47941894531249,-12.88079192500588],[-50.478369140625006,-12.851592706255886],[-50.48417968749999,-12.843584893755889],[-50.48749999999998,-12.83904387813088],[-50.527099609375,-12.84075286250588],[-50.539306640625,-12.83904387813088],[-50.55341796874998,-12.83342864375588],[-50.56706542968749,-12.82439544063088],[-50.572021484375,-12.813995050005886],[-50.55974121093749,-12.80486419063088],[-50.570898437500006,-12.798663018755889],[-50.581152343750006,-12.797881768755886],[-50.58903808593749,-12.80242278438088],[-50.59326171875,-12.81170012813088],[-50.596435546875,-12.80291106563088],[-50.60009765625,-12.77752044063088],[-50.603125000000006,-12.77312590938088],[-50.611914062500006,-12.769854425005889],[-50.61376953125,-12.76677825313088],[-50.612548828125,-12.762237237505886],[-50.607763671875006,-12.754913018755886],[-50.607519531250006,-12.74968840938088],[-50.62744140625,-12.68450286250588],[-50.62744140625,-12.650713800005889],[-50.631445312500006,-12.64763762813088],[-50.651123046875,-12.64617278438088],[-50.658447265625,-12.64348723750588],[-50.66801757812499,-12.632842706255886],[-50.67607421874999,-12.61882903438088],[-50.67626953125,-12.60418059688088],[-50.66215820312499,-12.59197356563088],[-50.661962890625006,-12.595245050005886],[-50.66240234374999,-12.60173919063088],[-50.66215820312499,-12.605010675005886],[-50.650146484375,-12.598955987505889],[-50.649267578125006,-12.59124114375588],[-50.652929687500006,-12.58196380000588],[-50.65471191406249,-12.57146575313088],[-50.65185546875,-12.559893487505889],[-50.643408203125006,-12.53679778438088],[-50.62744140625,-12.44793059688088],[-50.62138671874999,-12.446807550005886],[-50.616796875000006,-12.44500090938088],[-50.61376953125,-12.44109465938088],[-50.61308593749999,-12.436358331255889],[-50.614013671875,-12.42571380000588],[-50.612646484375006,-12.41008880000588],[-50.61376953125,-12.37688567500588],[-50.62431640624999,-12.33562590938088],[-50.63066406249999,-12.32219817500588],[-50.628515625000006,-12.31096770625588],[-50.62346191406249,-12.30120208125588],[-50.621191406250006,-12.291534112505886],[-50.631445312500006,-12.257159112505889],[-50.66569824218749,-12.20378997188088],[-50.67583007812499,-12.16741301875588],[-50.67583007812499,-12.081866143755889],[-50.68549804687498,-12.02385833125588],[-50.68266601562499,-12.00237395625588],[-50.67888183593749,-11.99407317500588],[-50.67290039062499,-11.985381768755886],[-50.665771484375,-11.97844817500588],[-50.658447265625,-11.975616143755886],[-50.653173828125006,-11.97014739375588],[-50.655126953125006,-11.95818450313088],[-50.65966796875,-11.946319268755886],[-50.66215820312499,-11.941436456255886],[-50.657324218750006,-11.923663018755889],[-50.648291015625006,-11.90569426875588],[-50.642822265625,-11.88836028438088],[-50.648535156250006,-11.872588800005886],[-50.65861816406249,-11.869170831255886],[-50.669775390625006,-11.871123956255886],[-50.67888183593749,-11.86956145625588],[-50.68266601562499,-11.855303643755889],[-50.68071289062499,-11.83098723750588],[-50.68266601562499,-11.818682550005889],[-50.686425781249994,-11.808428643755889],[-50.69096679687499,-11.80169036250588],[-50.694677734375006,-11.793975518755886],[-50.697363281250006,-11.76946380000588],[-50.70087890624998,-11.761065362505889],[-50.70732421874999,-11.754717706255889],[-50.717382812500006,-11.749053643755886],[-50.71337890625,-11.74041106563088],[-50.71110839843749,-11.731768487505889],[-50.7099609375,-11.71184661250588],[-50.705664062500006,-11.70574309688088],[-50.68693847656249,-11.689776300005889],[-50.68266601562499,-11.68450286250588],[-50.67919921875,-11.679034112505889],[-50.661865234375,-11.66814544063088],[-50.65471191406249,-11.66033294063088],[-50.648535156250006,-11.619463800005889],[-50.659033203125006,-11.58660247188088],[-50.71330566406249,-11.549346612505886],[-50.7373046875,-11.51628997188088],[-50.74365234375,-11.47918059688088],[-50.73930664062499,-11.43718840938088],[-50.717382812500006,-11.358721612505889],[-50.66215820312499,-11.24407317500588],[-50.66215820312499,-11.21526458125588],[-50.65471191406249,-11.207842706255889],[-50.662109375,-11.18987395625588],[-50.663916015625006,-11.17229583125588],[-50.66215820312499,-11.13616301875588],[-50.656005859375,-11.11638762813088],[-50.62543945312498,-11.087237237505889],[-50.61376953125,-11.071319268755886],[-50.610449218750006,-11.04021575313088],[-50.616308593750006,-10.998370050005889],[-50.62788085937498,-10.95696380000588],[-50.641699218750006,-10.927276300005886],[-50.628662109375,-10.90862395625588],[-50.622656250000006,-10.894561456255886],[-50.62060546875,-10.83025481563088],[-50.617773437500006,-10.81585051875588],[-50.61137695312499,-10.80462005000588],[-50.60009765625,-10.78948333125588],[-50.591162109375006,-10.772002862505886],[-50.58720703124999,-10.752959893755886],[-50.58647460937499,-10.71160247188088],[-50.588623046875,-10.70281340938088],[-50.60009765625,-10.67717864375588],[-50.60009765625,-10.662432550005889],[-50.59892578124999,-10.65667083125588],[-50.58647460937499,-10.639971612505889],[-50.58232421874999,-10.631670831255889],[-50.57780761718749,-10.61858489375588],[-50.57280273437499,-10.61199309688088],[-50.565185546875,-10.60833098750588],[-50.55615234375,-10.606475518755886],[-50.54863281249999,-10.603350518755889],[-50.53264160156249,-10.568877862505886],[-50.528417968750006,-10.564288018755889],[-50.51923828124998,-10.558428643755889],[-50.51953125,-10.54534270625588],[-50.525000000000006,-10.52263762813088],[-50.51904296875,-10.512041925005889],[-50.50346679687499,-10.492998956255889],[-50.498291015625,-10.48162200313088],[-50.496923828125006,-10.47112395625588],[-50.498291015625,-10.43718840938088],[-50.49365234375,-10.41765715938088],[-50.481787109375006,-10.40081145625588],[-50.449951171875,-10.37175872188088],[-50.426123046875006,-10.341143487505889],[-50.40654296874999,-10.29900481563088],[-50.393310546875,-10.25408294063088],[-50.388427734375,-10.21404387813088],[-50.39592285156249,-10.177080987505889],[-50.397705078125,-10.15325286250588],[-50.39152832031249,-10.13591887813088],[-50.385839843750006,-10.12688567500588],[-50.3779296875,-10.10491301875588],[-50.370458984375006,-10.09465911250588],[-50.315771484375006,-10.03728606563088],[-50.304052734375006,-10.02092864375588],[-50.299072265625,-10.00554778438088],[-50.297216796875006,-9.98455169063088],[-50.278564453125,-9.919268487505889],[-50.259521484375,-9.880401300005886],[-50.219970703125,-9.819659112505889],[-50.202880859375,-9.782745050005886],[-50.194091796875,-9.750811456255889],[-50.189208984375,-9.74114348750588],[-50.18208007812498,-9.73455169063088],[-50.17534179687499,-9.73015715938088],[-50.16520996093749,-9.723663018755886],[-50.159765625000006,-9.712237237505889],[-50.15507812499999,-9.70720794063088],[-50.150390625,-9.700518487505889],[-50.14824218749999,-9.689971612505886],[-50.147314453125006,-9.678545831255889],[-50.14301757812498,-9.658526300005889],[-50.133642578125006,-9.63103606563088],[-50.11181640625,-9.586944268755886],[-50.107275390625006,-9.56707122188088],[-50.099853515625,-9.481768487505889],[-50.077246093750006,-9.40398528438088],[-50.06787109375,-9.386065362505889],[-50.065673828125,-9.37493255000588],[-50.06437988281249,-9.35149505000588],[-50.05888671874999,-9.33025481563088],[-50.053808593750006,-9.319170831255889],[-50.03154296874999,-9.28923919063088],[-50.002050781250006,-9.26067473750588],[-49.997412109375006,-9.25139739375588],[-49.99199218749999,-9.23284270625588],[-49.97900390625,-9.216827081255886],[-49.94965820312498,-9.19304778438088],[-49.92729492187499,-9.17034270625588],[-49.867041015625006,-9.083819268755889],[-49.832617187500006,-9.04778411250588],[-49.818359375,-9.02825286250588],[-49.8125,-9.00530364375588],[-49.80810546875,-8.995440362505889],[-49.788916015625006,-8.977373956255889],[-49.784521484375006,-8.970538018755889],[-49.783203125,-8.96282317500588],[-49.779882812500006,-8.954424737505889],[-49.771484375,-8.940459893755886],[-49.75529785156249,-8.92302825313088],[-49.69921875,-8.881182550005889],[-49.681884765625,-8.871612237505886],[-49.62065429687499,-8.857940362505886],[-49.601416015625006,-8.847491143755889],[-49.581396484375006,-8.83074309688088],[-49.565673828125,-8.81121184688088],[-49.55375976562499,-8.77532317500588],[-49.503515625000006,-8.70891692500588],[-49.49772949218749,-8.697100518755889],[-49.49677734374998,-8.684893487505889],[-49.50395507812499,-8.67229583125588],[-49.47734374999999,-8.61809661250588],[-49.466406250000006,-8.610870050005886],[-49.42822265625,-8.548858331255886],[-49.398779296875006,-8.468584893755889],[-49.380957031250006,-8.436846612505889],[-49.353125000000006,-8.412920831255889],[-49.32465820312498,-8.395342706255889],[-49.310644531250006,-8.38225676875588],[-49.30473632812499,-8.36785247188088],[-49.30244140624998,-8.34661223750588],[-49.229589843750006,-8.12493255000588],[-49.226416015625006,-8.093584893755889],[-49.222753906250006,-8.083330987505889],[-49.21562499999999,-8.07463958125588],[-49.20654296875,-8.067413018755886],[-49.19877929687499,-8.058623956255886],[-49.19548339843749,-8.045440362505886],[-49.194091796875,-7.97991301875588],[-49.189306640625006,-7.959795831255889],[-49.174560546875,-7.919952081255886],[-49.169921875,-7.89983489375588],[-49.168212890625,-7.87444426875588],[-49.170507812500006,-7.83806731563088],[-49.169677734375,-7.82586028438088],[-49.164404296875006,-7.81047942500588],[-49.16357421875,-7.80364348750588],[-49.167089843750006,-7.79607512813088],[-49.181640625,-7.78655364375588],[-49.223974609375006,-7.77385833125588],[-49.309814453125,-7.71355559688088],[-49.348486328125006,-7.67937590938088],[-49.37614746093749,-7.64128997188088],[-49.39082031249998,-7.59758880000588],[-49.39030761718749,-7.547198175005889],[-49.38420410156249,-7.521514581255886],[-49.375,-7.50017669063088],[-49.218505859375,-7.30925872188088],[-49.189306640625006,-7.24724700313088],[-49.18510742187499,-7.225420831255889],[-49.189306640625006,-7.082842706255889],[-49.22119140625,-6.96428801875588],[-49.21660156249999,-6.925127862505889],[-49.19865722656249,-6.902666925005889],[-49.048193359375006,-6.809405206255889],[-49.027929687500006,-6.79168059688088],[-49.01066894531249,-6.780791925005886],[-48.893310546875,-6.743682550005886],[-48.86796874999999,-6.73870208125588],[-48.8466796875,-6.74016692500588],[-48.81828613281249,-6.71917083125588],[-48.68352050781249,-6.66277434688088],[-48.66838378906249,-6.64934661250588],[-48.658056640625006,-6.63079192500588],[-48.654296875,-6.60637786250588],[-48.65581054687499,-6.562334893755889],[-48.65983886718749,-6.545440362505886],[-48.66791992187498,-6.541534112505886],[-48.66069335937499,-6.52166106563088],[-48.64934082031249,-6.50212981563088],[-48.617773437500006,-6.46184661250588],[-48.61223144531249,-6.452178643755886],[-48.60808105468749,-6.442705987505889],[-48.6064453125,-6.435088800005886],[-48.57854003906249,-6.417998956255886],[-48.527929687500006,-6.370440362505889],[-48.50090332031249,-6.35125090938088],[-48.46245117187499,-6.342315362505886],[-48.389990234375006,-6.36248137813088],[-48.3798828125,-6.359698175005889],[-48.377050781250006,-6.33831145625588],[-48.377685546875,-6.32756926875588],[-48.38330078125,-6.31804778438088],[-48.400244140625006,-6.306182550005886],[-48.40788574218749,-6.29900481563088],[-48.4140625,-6.287627862505886],[-48.42387695312499,-6.244659112505886],[-48.428955078125,-6.171221612505889],[-48.425048828125,-6.15667083125588],[-48.4140625,-6.14421965938088],[-48.324316406250006,-6.120440362505889],[-48.284277343750006,-6.097686456255886],[-48.284326171874994,-6.05486419063088],[-48.301855468750006,-6.036455987505889],[-48.319677734375006,-6.031573175005889],[-48.33342285156249,-6.02361419063088],[-48.338964843750006,-5.99651458125588],[-48.33354492187499,-5.97625090938088],[-48.320068359375,-5.963213800005889],[-48.30229492187499,-5.955596612505886],[-48.241552734375006,-5.94500090938088],[-48.22797851562498,-5.93499114375588],[-48.222900390625,-5.914385675005889],[-48.23193359375,-5.891924737505889],[-48.27556152343749,-5.848955987505889],[-48.291113281250006,-5.82830169063088],[-48.29692382812499,-5.80706145625588],[-48.29736328125,-5.749541925005886],[-48.288671875000006,-5.72722747188088],[-48.268652343750006,-5.71892669063088],[-48.229736328125,-5.71843840938088],[-48.20280761718749,-5.71184661250588],[-48.186425781249994,-5.70110442500588],[-48.15739746093749,-5.66790130000588],[-48.142578125,-5.64617278438088],[-48.141210937500006,-5.62712981563088],[-48.148779296875006,-5.61028411250588],[-48.16083984374998,-5.59563567500588],[-48.18535156249999,-5.576690362505886],[-48.196875000000006,-5.565264581255889],[-48.201757812500006,-5.55120208125588],[-48.209326171875006,-5.538604425005886],[-48.227783203125,-5.53533294063088],[-48.25048828125,-5.53582122188088],[-48.27067871093749,-5.53411223750588],[-48.29736328125,-5.517120050005886],[-48.31938476562499,-5.488311456255886],[-48.366796875000006,-5.40276458125588],[-48.37700195312499,-5.393584893755886],[-48.397314453125006,-5.390166925005886],[-48.530175781249994,-5.40276458125588],[-48.555761718750006,-5.412920831255889],[-48.572509765625,-5.40862395625588],[-48.58891601562499,-5.40105559688088],[-48.63432617187499,-5.38909270625588],[-48.68706054687499,-5.357940362505886],[-48.72314453125,-5.35540130000588],[-48.746826171875,-5.35320403438088],[-48.79057617187499,-5.338409112505886],[-48.815283203125006,-5.33489348750588],[-48.83964843749999,-5.334014581255886],[-48.86088867187499,-5.330889581255889],[-48.880859375,-5.324737237505886],[-48.90131835937498,-5.314971612505886],[-48.92919921875,-5.30706145625588],[-48.937255859375,-5.30291106563088]]]}},{"type":"Feature","properties":{"role":"context_only","name":"Tocantins","name_en":"Tocantins","ne_id":1159111967},"geometry":{"type":"MultiLineString","coordinates":[[[-49.687255859375,-3.8347958312558887],[-49.687841796875006,-3.82561614375588],[-49.703710937500006,-3.7976864562558887],[-49.70390624999999,-3.76873137813088],[-49.67155761718749,-3.61150481563088],[-49.644873046875006,-3.5569638000058887],[-49.641699218750006,-3.524932550005886],[-49.64372558593749,-3.45989348750588],[-49.64104003906249,-3.445830987505886],[-49.63054199218749,-3.4212216125058887],[-49.62841796875,-3.40837981563088],[-49.62993164062499,-3.40129973750588],[-49.64042968749999,-3.38347747188088],[-49.64262695312499,-3.375518487505886],[-49.6435546875,-3.367705987505886],[-49.643652343750006,-3.35149505000588],[-49.641210937500006,-3.33660247188088],[-49.63330078125,-3.309600518755886],[-49.6337890625,-3.29412200313088],[-49.642431640625006,-3.26433684688088],[-49.64501953125,-3.249053643755886],[-49.64335937499999,-3.23259856563088],[-49.63725585937499,-3.2161434875058887],[-49.63623046875,-3.20989348750588],[-49.63623046875,-3.20305755000588],[-49.640527343749994,-3.16472747188088],[-49.657080078125006,-3.10808684688088],[-49.65703124999999,-3.07683684688088],[-49.659033203125006,-3.06121184688088],[-49.66455078125,-3.04876067500588],[-49.6806640625,-3.02629973750588],[-49.68693847656249,-3.014678643755886],[-49.688720703125,-3.00628020625588],[-49.68864746093749,-2.98040130000588],[-49.697607421875006,-2.9539364562558887],[-49.698339843750006,-2.938506768755886],[-49.69438476562499,-2.910186456255886],[-49.69694824218749,-2.895049737505886],[-49.70463867187499,-2.87981536250588],[-49.723242187500006,-2.851104425005886],[-49.728759765625,-2.83538176875588],[-49.732275390625006,-2.75554778438088],[-49.73051757812499,-2.742705987505886],[-49.72526855468749,-2.7307919250058887],[-49.71599121093749,-2.7185848937558887],[-49.683447265625006,-2.69109465938088],[-49.67790527343749,-2.6839169250058887],[-49.67041015625,-2.67644622188088]]]}},{"type":"Feature","properties":{"role":"context_only","name":"Braco Menor","name_en":"Java\u00e9s","ne_id":1159112543},"geometry":{"type":"MultiLineString","coordinates":[[[-50.17534179687499,-9.73015715938088],[-50.17387695312499,-9.74358489375588],[-50.164306640625,-9.77068450313088],[-50.15996093749999,-9.79656340938088],[-50.156982421875,-9.805694268755886],[-50.157324218750006,-9.81536223750588],[-50.165283203125,-9.827178643755886],[-50.173828125,-9.848467706255889],[-50.16118164062499,-9.86565520625588],[-50.13786621093749,-9.876495050005886],[-50.114111328125006,-9.878936456255886],[-50.11894531249999,-9.895049737505886],[-50.120458984375006,-9.91790130000588],[-50.118017578125006,-9.93840911250588],[-50.110693359375006,-9.94719817500588],[-50.06049804687498,-9.959307550005889],[-50.04863281249999,-9.96428801875588],[-50.04130859374999,-9.96599700313088],[-50.03349609374999,-9.963409112505886],[-50.02727050781249,-9.964873956255886],[-50.024755859375006,-9.97795989375588],[-50.02592773437499,-9.99602630000588],[-50.024755859375006,-10.002471612505886],[-50.02092285156249,-10.01067473750588],[-50.01262207031249,-10.01799895625588],[-50.011083984375006,-10.02605559688088],[-50.01171875,-10.051104425005889],[-49.996679687500006,-10.125811456255889],[-49.98686523437499,-10.14275481563088],[-49.9697265625,-10.163604425005886],[-49.964453125000006,-10.179717706255886],[-49.96391601562499,-10.221026300005889],[-49.95976562499999,-10.23308684688088],[-49.9453125,-10.255889581255886],[-49.942138671875,-10.265948175005889],[-49.94965820312498,-10.306963800005889],[-49.953857421875,-10.31218840938088],[-49.963134765625,-10.31755950313088],[-49.97246093749999,-10.32537200313088],[-49.976904296875006,-10.337725518755889],[-49.974218750000006,-10.345245050005886],[-49.9677734375,-10.35003020625588],[-49.960791015625006,-10.353838800005889],[-49.95646972656249,-10.35808684688088],[-49.95361328125,-10.375518487505886],[-49.95646972656249,-10.444170831255889],[-49.94965820312498,-10.48162200313088],[-49.951171875,-10.480791925005889],[-49.95361328125,-10.48479583125588],[-49.95573730468749,-10.490752862505886],[-49.95646972656249,-10.495928643755889],[-49.953955078125006,-10.502276300005889],[-49.94501953124998,-10.51067473750588],[-49.942138671875,-10.51580169063088],[-49.94194335937499,-10.53899505000588],[-49.95927734374999,-10.565459893755886],[-49.96391601562499,-10.58806731563088],[-49.9658203125,-10.61077239375588],[-49.971289062500006,-10.62810637813088],[-49.97966308593749,-10.64177825313088],[-49.990576171875006,-10.65349700313088],[-49.968359375000006,-10.68450286250588],[-49.960302734375006,-10.70183684688088],[-49.95646972656249,-10.72185637813088],[-49.958105468750006,-10.735186456255889],[-49.96782226562499,-10.75603606563088],[-49.97014160156249,-10.765948175005889],[-49.968505859375,-10.77483489375588],[-49.95646972656249,-10.803741143755886],[-49.97062988281249,-10.813506768755886],[-49.972900390625,-10.83660247188088],[-49.96879882812499,-10.86199309688088],[-49.96391601562499,-10.87883880000588],[-49.9658203125,-10.87712981563088],[-49.97014160156249,-10.87200286250588],[-49.986572265625,-10.90862395625588],[-49.990234375,-10.92400481563088],[-49.990576171875006,-10.940948175005886],[-49.97705078125,-10.98064544063088],[-49.971826171874994,-11.00408294063088],[-49.976904296875006,-11.023467706255886],[-49.942138671875,-11.037139581255886],[-49.950927734375,-11.053545831255889],[-49.950048828125006,-11.074541925005889],[-49.952246093750006,-11.09392669063088],[-49.97014160156249,-11.10540130000588],[-49.97014160156249,-11.11223723750588],[-49.95756835937499,-11.11565520625588],[-49.946630859375006,-11.121123956255886],[-49.93889160156249,-11.13005950313088],[-49.933837890625,-11.149932550005886],[-49.92912597656249,-11.15374114375588],[-49.92436523437499,-11.15837981563088],[-49.92236328125,-11.167510675005886],[-49.92448730468749,-11.174639581255889],[-49.933837890625,-11.19109465938088],[-49.94189453125,-11.215850518755886],[-49.94160156249998,-11.22503020625588],[-49.925048828125,-11.231963800005886],[-49.92236328125,-11.23919036250588],[-49.92236328125,-11.25628020625588],[-49.926123046875006,-11.267608331255886],[-49.93254394531249,-11.27800872188088],[-49.93208007812498,-11.286163018755886],[-49.91552734375,-11.29045989375588],[-49.922949218750006,-11.30144622188088],[-49.927001953125,-11.31218840938088],[-49.926123046875006,-11.32293059688088],[-49.9189453125,-11.33440520625588],[-49.915283203125,-11.34514739375588],[-49.921777343749994,-11.35320403438088],[-49.93120117187499,-11.35955169063088],[-49.93596191406249,-11.36492278438088],[-49.926123046875006,-11.38469817500588],[-49.90458984374999,-11.39275481563088],[-49.883056640625,-11.39812590938088],[-49.873291015625,-11.40984465938088],[-49.87841796875,-11.435381768755889],[-49.88811035156249,-11.45086028438088],[-49.89396972656249,-11.465655206255889],[-49.887548828125006,-11.489092706255889],[-49.87939453125,-11.49895598750588],[-49.872900390625006,-11.500518487505886],[-49.86865234375,-11.50383880000588],[-49.867285156250006,-11.55242278438088],[-49.87016601562499,-11.55730559688088],[-49.896582031250006,-11.55925872188088],[-49.9013671875,-11.566241143755889],[-49.896582031250006,-11.578936456255889],[-49.894384765625006,-11.598955987505889],[-49.8984375,-11.606768487505889],[-49.905615234375006,-11.61199309688088],[-49.91240234374999,-11.61834075313088],[-49.91552734375,-11.62957122188088],[-49.914306640625,-11.639678643755886],[-49.9091796875,-11.65935637813088],[-49.908056640625006,-11.67083098750588],[-49.909912109375,-11.69060637813088],[-49.92138671875,-11.72576262813088],[-49.94694824218749,-11.777178643755889],[-49.94965820312498,-11.78753020625588],[-49.947509765625,-11.798174737505889],[-49.938085937500006,-11.818194268755889],[-49.93596191406249,-11.828155206255886],[-49.93376464843749,-11.829913018755889],[-49.92236328125,-11.865752862505886],[-49.913330078125,-11.882354425005886],[-49.906494140625,-11.885088800005889],[-49.894384765625006,-11.879424737505886],[-49.88916015625,-11.90129973750588],[-49.89697265625,-11.92034270625588],[-49.925390625000006,-11.95110442500588],[-49.93498535156249,-11.97039153438088],[-49.93505859375,-11.991729425005886],[-49.92656249999999,-12.046709893755889],[-49.920263671875006,-12.068682550005889],[-49.92236328125,-12.07805755000588],[-49.93212890625,-12.09050872188088],[-49.941162109375,-12.09465911250588],[-49.96391601562499,-12.092315362505886],[-49.97990722656249,-12.08782317500588],[-49.99650878906249,-12.07805755000588],[-50.01030273437499,-12.06511809688088],[-50.017919921875006,-12.05071380000588],[-50.024755859375006,-12.05071380000588],[-50.03515625,-12.070635675005889],[-50.071386718750006,-12.106475518755886],[-50.079345703125,-12.12297942500588],[-50.07890624999999,-12.154327081255886],[-50.081640625000006,-12.183135675005886],[-50.093505859375,-12.203155206255886],[-50.120361328125,-12.20842864375588],[-50.11528320312499,-12.21892669063088],[-50.114111328125006,-12.22893645625588],[-50.11784667968749,-12.23723723750588],[-50.127783203125006,-12.24260833125588],[-50.114843750000006,-12.257647393755889],[-50.102294921875,-12.277666925005889],[-50.09379882812499,-12.300811456255886],[-50.093017578125,-12.325713800005886],[-50.097753906250006,-12.33660247188088],[-50.10546875,-12.342803643755886],[-50.11376953125,-12.347198175005886],[-50.120361328125,-12.35247161250588],[-50.12602539062499,-12.362823175005886],[-50.13469238281249,-12.38469817500588],[-50.14140624999999,-12.393389581255889],[-50.158544921875006,-12.404327081255886],[-50.223388671875,-12.43499114375588],[-50.282080078125006,-12.483428643755886],[-50.306494140625006,-12.495147393755886],[-50.299072265625,-12.50945403438088],[-50.31635742187498,-12.503448175005886],[-50.320556640625,-12.50798919063088],[-50.319921875000006,-12.51751067500588],[-50.322607421875006,-12.527178643755889],[-50.32854003906249,-12.52971770625588],[-50.356787109375006,-12.537432550005889],[-50.36162109374999,-12.54094817500588],[-50.35905761718749,-12.549346612505886],[-50.35441894531249,-12.55852630000588],[-50.35307617187499,-12.56462981563088],[-50.39677734374999,-12.61272551875588],[-50.411376953125,-12.63762786250588],[-50.408300781250006,-12.66765715938088],[-50.421728515625006,-12.67791106563088],[-50.439306640625006,-12.68645598750588],[-50.4501953125,-12.696123956255889],[-50.44304199218749,-12.709307550005889],[-50.44304199218749,-12.714873956255886],[-50.451904296875,-12.72429778438088],[-50.45703125,-12.761748956255886],[-50.459814453125006,-12.770049737505886],[-50.45830078124999,-12.78215911250588],[-50.48405761718749,-12.84587981563088]]]}},{"type":"Feature","properties":{"role":"context_only","name":"Grande","name_en":"Grande","ne_id":1159127321},"geometry":{"type":"MultiLineString","coordinates":[[[-66.32292480468749,-17.57659270625588],[-66.295166015625,-17.587432550005886],[-66.260009765625,-17.60881926875588],[-66.25200195312499,-17.61516692500588],[-66.24472656249999,-17.622588800005886],[-66.23894042968749,-17.63030364375588],[-66.23447265624999,-17.63933684688088],[-66.23154296874999,-17.649932550005886],[-66.23178710937499,-17.66375090938088],[-66.238525390625,-17.69280364375588],[-66.23833007812499,-17.70403411250588],[-66.223876953125,-17.71892669063088],[-66.174072265625,-17.74871184688088],[-66.16325683593749,-17.76262786250588],[-66.15910644531249,-17.77410247188088],[-66.14902343749999,-17.78411223750588],[-66.13652343749999,-17.79133880000589],[-66.11240234374999,-17.79607512813088],[-66.09091796874999,-17.80501067500589],[-66.06357421874999,-17.81316497188088],[-66.04521484374999,-17.82805755000588],[-66.01860351562499,-17.86223723750588],[-66.01337890625,-17.88176848750588],[-66.00065917968749,-17.90691497188088],[-65.98588867187499,-17.92864348750588],[-65.97421874999999,-17.93792083125588],[-65.963134765625,-17.940459893755886],[-65.95346679687499,-17.94719817500588],[-65.94670410156249,-17.95686614375589],[-65.9404296875,-17.98137786250588],[-65.93124999999999,-17.983916925005886],[-65.864990234375,-17.96819426875588],[-65.84345703125,-17.96843840938088],[-65.82561035156249,-17.99431731563088],[-65.765380859375,-18.02620208125589],[-65.7033203125,-18.077666925005886],[-65.69565429687499,-18.09490325313088],[-65.67778320312499,-18.10881926875588],[-65.64250488281249,-18.12908294063088],[-65.61857910156249,-18.15706145625589],[-65.606689453125,-18.17473723750588],[-65.59550781249999,-18.20378997188088],[-65.58085937499999,-18.21843840938088],[-65.562744140625,-18.23040130000588],[-65.54624023437499,-18.23894622188088],[-65.51042480468749,-18.26677825313088],[-65.46721191406249,-18.33870208125589],[-65.43645019531249,-18.36931731563088],[-65.4306640625,-18.37151458125588],[-65.41569824218749,-18.374053643755886],[-65.40910644531249,-18.37615325313088],[-65.40439453124999,-18.37957122188088],[-65.395458984375,-18.38982512813088],[-65.36083984375,-18.407745050005886],[-65.35107421875,-18.41033294063088],[-65.34733886718749,-18.41399505000588],[-65.34404296874999,-18.42278411250588],[-65.34172363281249,-18.43303801875588],[-65.3408203125,-18.44133880000588],[-65.337158203125,-18.45198333125589],[-65.32802734375,-18.45198333125589],[-65.31669921874999,-18.449248956255886],[-65.30607910156249,-18.45183684688088],[-65.29990234374999,-18.48601653438088],[-65.29362792968749,-18.49544036250589],[-65.28403320312499,-18.50676848750588],[-65.27280273437499,-18.51628997188088],[-65.26171875,-18.52019622188088],[-65.25034179687499,-18.530303643755886],[-65.24736328124999,-18.55403411250589],[-65.247314453125,-18.58123137813088],[-65.24462890625,-18.60149505000588],[-65.23149414062499,-18.61638762813088],[-65.21372070312499,-18.61897551875589],[-65.17529296875,-18.61165130000589],[-65.15739746093749,-18.61370208125588],[-65.13950195312499,-18.621612237505886],[-65.093994140625,-18.65081145625588],[-65.080322265625,-18.65593840938088],[-65.06694335937499,-18.654815362505886],[-65.05498046874999,-18.64421965938088],[-65.04899902343749,-18.63079192500588],[-65.04179687499999,-18.60188567500589],[-65.03466796875,-18.587920831255886],[-65.02490234375,-18.576202081255886],[-65.00205078124999,-18.55608489375588],[-64.96469726562499,-18.53142669063088],[-64.910400390625,-18.50676848750588],[-64.8388671875,-18.48699309688088],[-64.816162109375,-18.48469817500589],[-64.79729003906249,-18.48958098750589],[-64.78955078125,-18.49627044063088],[-64.77824707031249,-18.51350676875589],[-64.77182617187499,-18.52131926875589],[-64.75156249999999,-18.52874114375588],[-64.703369140625,-18.52815520625589],[-64.68510742187499,-18.54021575313088],[-64.67326660156249,-18.56194426875588],[-64.66464843749999,-18.57122161250588],[-64.65219726562499,-18.574737237505886],[-64.65068359374999,-18.579620050005886],[-64.63632812499999,-18.60906340938088],[-64.62778320312499,-18.618194268755886],[-64.6083984375,-18.63274505000588],[-64.59970703124999,-18.64128997188088],[-64.58383789062499,-18.66130950313088],[-64.57470703125,-18.66682708125589],[-64.56096191406249,-18.66863372188088],[-64.51030273437499,-18.66878020625589],[-64.49406738281249,-18.66633880000589],[-64.48203124999999,-18.66179778438088],[-64.41411132812499,-18.60979583125588],[-64.39152832031249,-18.60188567500589],[-64.3701171875,-18.60906340938088],[-64.36479492187499,-18.61589934688088],[-64.35551757812499,-18.64031340938088],[-64.35002441406249,-18.647979425005886],[-64.32968749999999,-18.66692473750588],[-64.32001953125,-18.67903411250589],[-64.31645507812499,-18.69133880000588],[-64.31689453125,-18.70442473750589],[-64.31914062499999,-18.719268487505886],[-64.319580078125,-18.73552825313088],[-64.31601562499999,-18.74846770625588],[-64.30168457031249,-18.77424895625589],[-64.29643554687499,-18.78753020625588],[-64.28916015624999,-18.81428801875589],[-64.28190917968749,-18.82634856563088],[-64.261376953125,-18.84260833125589],[-64.24008789062499,-18.853057550005886],[-64.22075195312499,-18.86565520625588],[-64.206298828125,-18.88836028438088],[-64.20361328125,-18.901397393755886],[-64.2021484375,-18.91545989375588],[-64.19921875,-18.928741143755886],[-64.192138671875,-18.93928801875589],[-64.17978515624999,-18.945830987505886],[-64.16513671874999,-18.94915130000588],[-64.1359375,-18.95100676875589],[-64.12045898437499,-18.95540130000589],[-64.11137695312499,-18.96477630000588],[-64.103515625,-18.97625090938088],[-64.09189453124999,-18.98665130000589],[-64.08452148437499,-18.98909270625589],[-64.07756347656249,-18.989776300005886],[-64.07097167968749,-18.992217706255886],[-64.06479492187499,-18.99993255000588],[-64.02329101562499,-19.13787200313088],[-64.02109374999999,-19.149932550005886],[-64.01640624999999,-19.16057708125588],[-64.007080078125,-19.16878020625589],[-63.991943359375,-19.17327239375588],[-63.97355957031249,-19.17449309688088],[-63.95524902343749,-19.17302825313088],[-63.93994140625,-19.16936614375588],[-63.92724609375,-19.16277434688088],[-63.917724609375,-19.15398528438088],[-63.91083984375,-19.142608331255886],[-63.90605468749999,-19.128936456255886],[-63.896728515625,-19.05598723750589],[-63.88525390625,-19.035186456255886],[-63.872802734375,-19.02629973750588],[-63.861083984375,-19.02629973750588],[-63.83432617187499,-19.03450286250589],[-63.81340332031249,-19.03533294063088],[-63.75058593749999,-19.028350518755886]],[[-63.75751953125,-19.028350518755886],[-63.724609375,-19.02166106563088],[-63.71586914062499,-19.02263762813088],[-63.71074218749999,-19.026885675005886],[-63.70751953125,-19.032745050005886],[-63.70256347656249,-19.045440362505886],[-63.69287109375,-19.06047942500588],[-63.68002929687499,-19.07258880000589],[-63.664794921875,-19.08147551875588],[-63.64780273437499,-19.08684661250588],[-63.60947265624999,-19.09295012813088],[-63.59050292968749,-19.09172942500588],[-63.57285156249999,-19.08513762813088],[-63.56315917968749,-19.07708098750588],[-63.558837890625,-19.06819426875589],[-63.55820312499999,-19.05803801875588],[-63.56186523437499,-19.01399505000589],[-63.56096191406249,-18.97771575313088],[-63.55424804687499,-18.95671965938088],[-63.53989257812499,-18.94026458125589],[-63.51591796874999,-18.92854583125589],[-63.42106933593749,-18.91155364375588],[-63.37773437499999,-18.89641692500588],[-63.36826171874999,-18.89177825313088],[-63.363427734374994,-18.88704192500589],[-63.36162109374999,-18.88054778438088],[-63.36118164062499,-18.87029387813088],[-63.35678710937499,-18.85393645625588],[-63.34611816406249,-18.839873956255886],[-63.33212890624999,-18.82805755000588],[-63.3017578125,-18.80950286250588],[-63.28520507812499,-18.80354583125589],[-63.249755859375,-18.797393487505886],[-63.231689453125,-18.79143645625588],[-63.22111816406249,-18.77996184688088],[-63.21184082031249,-18.76628997188088],[-63.19775390625,-18.75383880000588],[-63.16391601562499,-18.73616301875589],[-63.1494140625,-18.72576262813088],[-63.13688964843749,-18.71077239375589],[-63.114990234375,-18.658233331255886],[-63.10502929687499,-18.64251067500588],[-63.06572265624999,-18.60906340938088],[-63.05576171874999,-18.59490325313088],[-63.03818359374999,-18.54036223750589],[-63.02910156249999,-18.523467706255886],[-62.97258300781249,-18.46502044063088],[-62.96354980468749,-18.450713800005886],[-62.940576171874994,-18.38997161250589],[-62.925048828125,-18.36555755000589],[-62.91582031249999,-18.355498956255886],[-62.89487304687499,-18.33904387813088],[-62.885986328125,-18.32952239375588],[-62.88151855468749,-18.31707122188088],[-62.882226562499994,-18.29949309688088],[-62.88920898437499,-18.26604583125588],[-62.88837890625,-18.24773528438088],[-62.88251953125,-18.23040130000588],[-62.85490722656249,-18.182647393755886],[-62.84970703124999,-18.16536223750589],[-62.84799804687499,-18.10725676875589],[-62.8447265625,-18.087432550005886],[-62.83872070312499,-18.06731536250588],[-62.830517578125,-18.047881768755886],[-62.82011718749999,-18.03020598750588],[-62.807373046875,-18.01350676875589],[-62.80224609375,-18.00457122188088],[-62.799560546875,-17.99446380000589],[-62.80039062499999,-17.979034112505886],[-62.80852050781249,-17.94988372188088],[-62.810791015625,-17.93499114375588],[-62.80876464843749,-17.92034270625588],[-62.802978515625,-17.90886809688088],[-62.78728027343749,-17.885772393755886],[-62.78183593749999,-17.868682550005886],[-62.77373046874999,-17.81721770625589],[-62.77304687499999,-17.79876067500588],[-62.76611328125,-17.75276458125589],[-62.7802734375,-17.57878997188088],[-62.78874511718749,-17.546905206255886],[-62.79062499999999,-17.531280206255886],[-62.78793945312499,-17.515166925005886],[-62.76408691406249,-17.47151458125589],[-62.75634765625,-17.44963958125588],[-62.74985351562499,-17.40007903438088],[-62.748291015625,-17.33831145625588],[-62.74560546875,-17.32600676875589],[-62.72868652343749,-17.286651300005886],[-62.7267578125,-17.268096612505886],[-62.73715820312499,-17.24837005000589],[-62.74467773437499,-17.238311456255886],[-62.74858398437499,-17.22918059688088],[-62.75400390624999,-17.19319426875589],[-62.75773925781249,-17.18254973750588],[-62.76401367187499,-17.173370050005886],[-62.77353515624999,-17.16594817500588],[-62.78916015624999,-17.16130950313088],[-62.82260742187499,-17.16301848750588],[-62.8388671875,-17.16047942500589],[-62.85166015624999,-17.15276458125588],[-62.87412109374999,-17.13152434688088],[-62.886474609375,-17.122588800005886],[-62.90087890625,-17.116241143755886],[-62.90874023437499,-17.11409270625589],[-62.91611328124999,-17.11311614375589],[-62.924072265625,-17.11419036250588],[-62.93608398437499,-17.12053801875588],[-62.9423828125,-17.12273528438088],[-62.95981445312499,-17.11931731563088],[-62.97099609374999,-17.10588958125588],[-62.98479003906249,-17.07170989375588],[-62.99008789062499,-17.06218840938088],[-63.01914062499999,-17.03240325313088],[-63.02587890625,-17.02180755000589],[-63.06640625,-16.91472747188088],[-63.06894531249999,-16.89739348750588],[-63.06767578124999,-16.861846612505886],[-63.069091796875,-16.84456145625589],[-63.076416015625,-16.824248956255886],[-63.08867187499999,-16.805205987505886],[-63.149658203125,-16.74299895625589],[-63.16806640624999,-16.73274505000589],[-63.18852539062499,-16.73128020625589],[-63.21074218749999,-16.74065520625588],[-63.2197265625,-16.74163176875588],[-63.23227539062499,-16.739288018755886],[-63.26787109374999,-16.72380950313088],[-63.29770507812499,-16.715362237505886],[-63.304931640625,-16.71087005000588],[-63.32512207031249,-16.694366143755886],[-63.33984375,-16.68792083125588],[-63.38725585937499,-16.67522551875588],[-63.52238769531249,-16.59856536250588],[-63.540478515625,-16.58342864375588],[-63.54794921874999,-16.579620050005886],[-63.59978027343749,-16.566924737505886],[-63.66398925781249,-16.53108489375589],[-63.685791015625,-16.525909112505886],[-63.75424804687499,-16.518096612505886],[-63.77109374999999,-16.512237237505886],[-63.77763671874999,-16.50115325313088],[-63.78955078125,-16.46087005000588],[-63.79160156249999,-16.446807550005886],[-63.797119140625,-16.43391692500589],[-63.82365722656249,-16.40471770625588],[-63.861083984375,-16.37322356563088],[-63.875,-16.35686614375588],[-63.88095703124999,-16.336944268755886],[-63.88286132812499,-16.292510675005886],[-63.88876953124999,-16.27532317500588],[-63.90146484374999,-16.25896575313088],[-63.91660156249999,-16.24944426875588],[-63.96054687499999,-16.22786223750589],[-63.9697265625,-16.22087981563088],[-63.981201171875,-16.22478606563088],[-64.03500976562499,-16.216338800005886],[-64.05229492187499,-16.21062590938088],[-64.079541015625,-16.18782317500589],[-64.093994140625,-16.179717706255886],[-64.13725585937499,-16.17512786250589],[-64.155029296875,-16.17009856563088],[-64.16855468749999,-16.159698175005886],[-64.17583007812499,-16.14226653438088],[-64.176220703125,-16.09465911250588],[-64.18247070312499,-16.08235442500589],[-64.19345703124999,-16.07659270625588],[-64.221923828125,-16.07244231563088],[-64.234375,-16.06853606563088],[-64.28398437499999,-16.037139581255886],[-64.32724609374999,-16.01970794063088],[-64.36979980468749,-15.99334075313088],[-64.4150390625,-15.956573175005886],[-64.42741699218749,-15.95159270625588],[-64.441357421875,-15.949053643755889],[-64.4716796875,-15.94646575313088],[-64.48540039062499,-15.94280364375588],[-64.49643554687499,-15.93596770625588],[-64.51689453124999,-15.917803643755889],[-64.57187499999999,-15.884795831255886],[-64.57963867187499,-15.883135675005889],[-64.596435546875,-15.88298919063088],[-64.604248046875,-15.881866143755886],[-64.60942382812499,-15.879229425005889],[-64.61906738281249,-15.871905206255889],[-64.62407226562499,-15.869170831255886],[-64.66105957031249,-15.861163018755889],[-64.663818359375,-15.85979583125588]]]}},{"type":"Feature","properties":{"role":"context_only","name":"Rio Negro","name_en":"Negro","ne_id":1159127465},"geometry":{"type":"MultiLineString","coordinates":[[[-70.336181640625,2.058124090619117],[-70.32080078125,2.06207916874412],[-70.29541015625,2.06244537968162],[-70.27153320312499,2.059833074994117],[-70.26103515624999,2.05499909061912],[-70.25229492187499,2.062274481244117],[-70.16845703125,2.1002139343691084],[-70.149658203125,2.10480377811912],[-70.12700195312499,2.10651276249412],[-70.10368652343749,2.10187409061912],[-70.06230468749999,2.08258698124412],[-70.04130859374999,2.079852606244117],[-69.97836914062499,2.10883209843162],[-69.96684570312499,2.10993073124412],[-69.95524902343749,2.10797760624412],[-69.89794921875,2.13446686405662],[-69.87744140625,2.13898346561912],[-69.861083984375,2.133563543744117],[-69.84501953124999,2.12518952030662],[-69.82561035156249,2.12079498905662],[-69.80241699218749,2.1212100281191084],[-69.7841796875,2.123553778119117],[-69.76865234374999,2.12970612186912],[-69.75327148437499,2.14130280155662],[-69.72026367187499,2.17584869999412],[-69.70244140624999,2.186053778119117],[-69.67509765624999,2.189715887494117],[-69.63383789062499,2.189715887494117],[-69.62109375,2.187518621869117],[-69.60019531249999,2.17767975468162],[-69.588818359375,2.1754092468691084],[-69.52055664062499,2.20587799686912],[-69.510986328125,2.21466705936912],[-69.40092773437499,2.26850006718162],[-69.38029785156249,2.27167389530662],[-69.36972656249999,2.27472565311912],[-69.34916992187499,2.28839752811912],[-69.33903808593749,2.291522528119117],[-69.31645507812499,2.29010651249412],[-69.25498046874999,2.27863190311912],[-69.2158203125,2.277850653119117],[-69.20947265625,2.274676824994117],[-69.19230957031249,2.26056549686912],[-69.181640625,2.257342840619117],[-69.169921875,2.25641510624412],[-69.136962890625,2.24994537968162],[-69.09306640624999,2.2508486999941084],[-69.071240234375,2.248797918744117],[-69.06186523437499,2.2405947937441084],[-68.99296874999999,2.20892975468162],[-68.94873046875,2.205585028119117],[-68.86491699218749,2.22467682499412],[-68.82163085937499,2.22321198124412],[-68.78300781249999,2.216571356244117],[-68.74968261718749,2.21637604374412],[-68.735107421875,2.22504303593162],[-68.71733398437499,2.245135809369117],[-68.691357421875,2.284686590619117],[-68.67319335937499,2.3231143249941084],[-68.66220703124999,2.34015534061912],[-68.64697265625,2.356708074994117],[-68.63811035156249,2.362567449994117],[-68.62822265624999,2.365741278119117],[-68.60600585937499,2.367206121869117],[-68.599853515625,2.37164948124412],[-68.583251953125,2.39301178593162],[-68.57524414062499,2.40070221561912],[-68.5537109375,2.40753815311912],[-68.53422851562499,2.404559637494117],[-68.51726074218749,2.3980654968691084],[-68.48544921874999,2.3909854187441084],[-68.472412109375,2.3821963562441084],[-68.45170898437499,2.35980866093162],[-68.40581054687499,2.32440827030662],[-68.39372558593749,2.31879303593162],[-68.37272949218749,2.31452057499412],[-68.34770507812499,2.29572174686912],[-68.328857421875,2.291522528119117],[-68.30527343749999,2.30011627811912],[-68.27841796874999,2.33759186405662],[-68.26337890625,2.34613678593162],[-68.25126953124999,2.35639069218162],[-68.24870605468749,2.37982819218162],[-68.25249023437499,2.42243073124412],[-68.250439453125,2.427020574994117],[-68.2412109375,2.43683502811912],[-68.23881835937499,2.44293854374412],[-68.24033203124999,2.44269440311912],[-68.24326171874999,2.44537994999412],[-68.245849609375,2.4500674499941084],[-68.246337890625,2.45600006718162],[-68.24497070312499,2.4815615906191084],[-68.24064941406249,2.49286530155662],[-68.22885742187499,2.497577215619117],[-68.22380371093749,2.50177643436912],[-68.18010253906249,2.5513858093691084],[-68.14323730468749,2.57953522343162],[-68.13859863281249,2.586444403119117],[-68.12968749999999,2.60516998905662],[-68.12338867187499,2.614276434369117],[-68.08891601562499,2.5909365906191084],[-68.08244628906249,2.57953522343162],[-68.06547851562499,2.5980166687441084],[-68.05729980468749,2.618915106244117],[-68.0546875,2.63971588749412],[-68.05449218749999,2.6583194031191084],[-68.05021972656249,2.6671084656191084],[-68.03142089843749,2.672870184369117],[-68.02719726562499,2.67877838749412],[-68.02324218749999,2.69293854374412],[-68.013916015625,2.6942080749941084],[-68.00244140625,2.69037506718162],[-67.992431640625,2.68939850468162],[-67.971923828125,2.699237371869117],[-67.94951171874999,2.714618231244117],[-67.93149414062499,2.733661199994117],[-67.91684570312499,2.776385809369117],[-67.899169921875,2.78571198124412],[-67.87687988281249,2.79071686405662],[-67.85588378906249,2.79926178593162],[-67.85588378906249,2.791766668744117],[-67.842041015625,2.8016299499941084],[-67.83408203124999,2.81537506718162],[-67.82407226562499,2.8275088562441084],[-67.80405273437499,2.832782293744117],[-67.782177734375,2.8316592468691084],[-67.77092285156249,2.83258698124412],[-67.75180664062499,2.84223053593162],[-67.74326171874999,2.83869049686912],[-67.73234863281249,2.8265322937441084],[-67.691162109375,2.8065127624941084],[-67.66635742187499,2.801532293744117],[-67.64633789062499,2.808856512494117],[-67.62729492187499,2.81354401249412],[-67.60922851562499,2.7987002624941084],[-67.59501953124999,2.7762393249941084],[-67.58774414062499,2.75824616093162],[-67.582275390625,2.71320221561912],[-67.57626953124999,2.69122955936912],[-67.564453125,2.681903387494117],[-67.51953125,2.681170965619117],[-67.5009765625,2.675555731244117],[-67.48593749999999,2.66205475468162],[-67.48178710937499,2.6536807312441084],[-67.475830078125,2.63483307499412],[-67.4716796875,2.62726471561912],[-67.46249999999999,2.620624090619117],[-67.44108886718749,2.61017487186912],[-67.43686523437499,2.60370514530662],[-67.43339843749999,2.59552643436912],[-67.417724609375,2.575946356244117],[-67.41362304687499,2.57208893436912],[-67.401123046875,2.56842682499412],[-67.39396972656249,2.55951569218162],[-67.38884277343749,2.548358465619117],[-67.38232421875,2.53790924686912],[-67.372802734375,2.53058502811912],[-67.3505859375,2.51862213749412],[-67.34130859375,2.51056549686912],[-67.33652343749999,2.50043366093162],[-67.33203125,2.486835028119117],[-67.326171875,2.47479889530662],[-67.31743164062499,2.46967194218162],[-67.30644531249999,2.46637604374412],[-67.29550781249999,2.458514715619117],[-67.27646484374999,2.43952057499412],[-67.267333984375,2.4339541687441084],[-67.23210449218749,2.42243073124412],[-67.19833984374999,2.402118231244117],[-67.19047851562499,2.394549871869117],[-67.18686523437499,2.3846377624941084],[-67.1865234375,2.36566803593162],[-67.180908203125,2.356708074994117],[-67.17448730468749,2.33661530155662],[-67.18779296874999,2.31610748905662],[-67.20708007812499,2.29791901249412],[-67.21845703125,2.284686590619117],[-67.218017578125,2.2662295593691084],[-67.202099609375,2.22809479374412],[-67.19492187499999,2.1971377624941084],[-67.17856445312499,2.1546572937441084],[-67.17001953124999,2.14130280155662],[-67.15483398437499,2.132831121869117],[-67.13681640624999,2.12726471561912],[-67.12167968749999,2.11920807499412],[-67.11540527343749,2.10309479374412],[-67.11191406249999,2.0489444031191084],[-67.11540527343749,2.03143952030662],[-67.11972656249999,2.02411530155662],[-67.13583984374999,2.00348541874412],[-67.13339843749999,1.990985418744117],[-67.12626953124999,1.9806582703066198],[-67.11882324218749,1.9725283874941084],[-67.11113281249999,1.9596621765566198],[-67.09233398437499,1.9466494812441084],[-67.088134765625,1.938983465619117],[-67.08554687499999,1.9280947937441084],[-67.067626953125,1.8942324890566198],[-66.981689453125,1.6660830749941198],[-66.97885742187499,1.6444766296816198],[-66.978759765625,1.599872137494117],[-66.97490234374999,1.5801455749941198],[-66.96518554687499,1.5584658874941084],[-66.94389648437499,1.5233096374941084],[-66.93437499999999,1.5018252624941084],[-66.930419921875,1.4796817078066198],[-66.937255859375,1.4386660828066198],[-66.93344726562499,1.424823309369117],[-66.92412109374999,1.4144961609316198],[-66.91264648437499,1.4053408874941198],[-66.9025390625,1.3945986999941198],[-66.89189453124999,1.3747012390566198],[-66.88427734375,1.350116278119117],[-66.88322753906249,1.326190496869117],[-66.90166015624999,1.289081121869117],[-66.896728515625,1.2654483093691198],[-66.87578124999999,1.222674871869117],[-66.8623046875,1.1990908874941084],[-66.85532226562499,1.177752996869117],[-66.86149902343749,1.129901434369117],[-66.86149902343749,1.0892276062441084],[-66.8583984375,1.076922918744117],[-66.84477539062499,1.0554873718691198],[-66.84165039062499,1.0479190124941198],[-66.84033203125,1.0006045593691084],[-66.843994140625,0.9799990906191169],[-66.85532226562499,0.9551455749941198],[-66.87255859375,0.9326846374941198],[-66.89462890624999,0.9137637390566198],[-66.94345703124999,0.8862490906191169],[-66.95903320312499,0.8937442078066198],[-67.01010742187499,0.9097354187441198],[-67.023193359375,0.9107608093691084],[-67.03256835937499,0.9076602234316198],[-67.04477539062499,0.9075869812441084],[-67.05551757812499,0.9057070984316198],[-67.0634765625,0.8901553406191169],[-67.07177734375,0.8841006531191198],[-67.082763671875,0.8803164734316198],[-67.09428710937499,0.8800723328066198],[-67.106640625,0.8899111999941169],[-67.12255859375,0.9070498718691198],[-67.14072265624999,0.9184024109316198],[-67.16008300781249,0.9107608093691084],[-67.168701171875,0.9052920593691169],[-67.19194335937499,0.8966006531191084],[-67.20102539062499,0.8900088562441084],[-67.2099609375,0.8781924499941169],[-67.21567382812499,0.8682315124941198],[-67.23974609375,0.8095889343691169],[-67.24296874999999,0.7866397156191169],[-67.230419921875,0.7503115906191198],[-67.23813476562499,0.7027041687441198],[-67.23886718749999,0.6814639343691198],[-67.23129882812499,0.6528994812441198],[-67.23210449218749,0.6404483093691198],[-67.23491210937499,0.6299014343691169],[-67.243359375,0.6090762390566198],[-67.2451171875,0.6026065124941198],[-67.24755859375,0.5792178406191084],[-67.25400390624999,0.5576358093691169],[-67.27304687499999,0.5163028015566198],[-67.31486816406249,0.45216705936911694],[-67.32084960937499,0.4312686218691084],[-67.31950683593749,0.40333893436911694],[-67.315380859375,0.37037994999411694],[-67.30778808593749,0.3388125671816198],[-67.2951171875,0.3081729187441198],[-67.28959960937499,0.28956940311911694],[-67.26708984375,0.11071198124410842],[-67.266845703125,0.08869049686911978],[-67.2626953125,0.07326080936911694],[-67.23210449218749,0.030340887494119784],[-67.21884765624999,0.0002627624941169415],[-67.20932617187499,-0.012383721880880216],[-67.19418945312499,-0.017461846880891585],[-67.17392578124999,-0.01951262813088306],[-67.15861816406249,-0.02586028438088306],[-67.14653320312499,-0.036797784380880216],[-67.13583984374999,-0.052178643755880216],[-67.11923828124999,-0.09412200313089158],[-67.10808105468749,-0.11272551875588022],[-67.07749023437499,-0.12737395625588022],[-67.03410644531249,-0.17512786250588874],[-67.01499023437499,-0.18718840938088022],[-66.99162597656249,-0.19319426875588874],[-66.96770019531249,-0.19085051875588022],[-66.94719238281249,-0.17888762813088022],[-66.924560546875,-0.15911223750588022],[-66.90756835937499,-0.15252044063088022],[-66.890869140625,-0.15657317500588874],[-66.75830078125,-0.22112395625588022],[-66.61508789062499,-0.3320614562558859],[-66.55131835937499,-0.3646786437558802],[-66.51596679687499,-0.3764950500058859],[-66.4650390625,-0.3829891906308802],[-66.41650390625,-0.39485442500588874],[-66.38347167968749,-0.3937313781308802],[-66.372802734375,-0.39485442500588874],[-66.353271484375,-0.4008114562558802],[-66.34331054687499,-0.4020321593808802],[-66.3330078125,-0.39973723750588874],[-66.32609863281249,-0.3954403625058802],[-66.287353515625,-0.3610165343808802],[-66.26865234374999,-0.3395321593808802],[-66.261474609375,-0.3331845031308802],[-66.25273437499999,-0.3285458312558802],[-66.24072265625,-0.32551848750588874],[-66.20346679687499,-0.3243954406308802],[-66.16083984375,-0.3153622375058802],[-66.13632812499999,-0.3143856750058802],[-66.03793945312499,-0.32893645625588874],[-65.98828125,-0.3268368468808802],[-65.96445312499999,-0.3208309875058859],[-65.95561523437499,-0.3170712218808802],[-65.947509765625,-0.3121884093808802],[-65.94047851562499,-0.30598723750588874],[-65.93474121093749,-0.29817473750588874],[-65.92229003906249,-0.2714169250058802],[-65.91569824218749,-0.2638485656308802],[-65.89714355468749,-0.2545712218808802],[-65.87353515625,-0.2506649718808802],[-65.84965820312499,-0.2524716125058859],[-65.83017578124999,-0.2599423156308802],[-65.800048828125,-0.2858212218808802],[-65.79130859374999,-0.29085051875588874],[-65.77263183593749,-0.2973934875058859],[-65.73759765624999,-0.3048641906308802],[-65.68808593749999,-0.3077938781308802],[-65.62163085937499,-0.3008114562558859],[-65.55551757812499,-0.28254973750588874],[-65.53239746093749,-0.2826473937558802],[-65.50932617187499,-0.28792083125588874],[-65.46533203125,-0.30501067500588874],[-65.39226074218749,-0.34651458125588874],[-65.26079101562499,-0.40071380000588874],[-65.24309082031249,-0.4077450500058859],[-65.233837890625,-0.4101864562558859],[-65.22397460937499,-0.4116513000058859],[-65.04826660156249,-0.41780364375588874],[-65.02392578125,-0.4262997375058859],[-64.96464843749999,-0.4653622375058859],[-64.94206542968749,-0.4740536437558802],[-64.93115234375,-0.4760067687558802],[-64.92041015625,-0.47639739375588874],[-64.90976562499999,-0.4747860656308802],[-64.87309570312499,-0.45881926875588874],[-64.79204101562499,-0.4354794250058802],[-64.76689453124999,-0.43440520625588874],[-64.71249999999999,-0.4401180968808802],[-64.6474609375,-0.4357235656308802],[-64.43046874999999,-0.3668759093808802],[-64.28557128906249,-0.34944426875588874],[-64.09758300781249,-0.30110442500588874],[-64.05942382812499,-0.2965634093808802],[-63.77958984374999,-0.3119442687558802],[-63.70834960937499,-0.32747161250588874],[-63.64372558593749,-0.3595516906308802],[-63.405029296875,-0.5463192687558802],[-63.341796875,-0.5791317687558859],[-63.14599609375,-0.6432430968808802],[-63.025146484375,-0.7021786437558859],[-62.9990234375,-0.7208798156308802],[-62.9755859375,-0.7421200500058802],[-62.93603515625,-0.7921688781308802],[-62.880615234375,-0.8798153625058802],[-62.85820312499999,-0.9062802062558859],[-62.82963867187499,-0.9314755187558887],[-62.43193359374999,-1.145538018755886],[-62.2646484375,-1.204131768755886],[-62.24580078125,-1.208038018755886],[-62.18999023437499,-1.2330868468808802],[-62.18364257812499,-1.2372372375058802],[-62.1787109375,-1.2413876281308802],[-62.16586914062499,-1.2556942687558887],[-62.14487304687499,-1.271514581255886],[-61.969482421875,-1.3622372375058802],[-61.95988769531249,-1.3651669250058802],[-61.951904296875,-1.3689755187558887],[-61.94804687499999,-1.370147393755886],[-61.92802734374999,-1.3732235656308802],[-61.88090820312499,-1.389190362505886],[-61.85678710937499,-1.3929013000058887],[-61.83183593749999,-1.390655206255886],[-61.77836914062499,-1.376495050005886],[-61.765869140625,-1.376983331255886],[-61.75456542968749,-1.3803036437558802],[-61.74406738281249,-1.3859188781308802],[-61.70231933593749,-1.4203427062558802],[-61.690185546875,-1.427276300005886],[-61.67685546874999,-1.4324520812558887],[-61.610107421875,-1.4469540343808802],[-61.58854980468749,-1.4576962218808802],[-61.571240234375,-1.4735653625058802],[-61.558837890625,-1.496123956255886],[-61.53203124999999,-1.5706356750058887],[-61.51604003906249,-1.5927059875058802],[-61.46337890625,-1.648467706255886],[-61.44931640624999,-1.6708309875058802],[-61.43779296874999,-1.6976864562558802],[-61.43095703124999,-1.7245419250058802],[-61.42912597656249,-1.7522763000058887],[-61.43881835937499,-1.8304013000058887],[-61.43369140624999,-1.8527157531308802],[-61.41796875,-1.8729794250058802],[-61.32329101562499,-1.9374325500058802],[-61.22119140625,-2.0252255187558887],[-61.2138671875,-2.03386809688088],[-61.18671875,-2.074248956255886],[-61.11796874999999,-2.1477841125058887],[-61.05893554687499,-2.253936456255886],[-61.02653808593749,-2.405303643755886],[-61.01425781249999,-2.43035247188088],[-60.949658203125,-2.51311614375588],[-60.78012695312499,-2.68157317500588],[-60.662841796875,-2.7752255187558887],[-60.64658203124999,-2.7932919250058887],[-60.63273925781249,-2.81316497188088],[-60.58530273437499,-2.901397393755886],[-60.57114257812499,-2.92229583125588],[-60.51750488281249,-2.994170831255886],[-60.486572265625,-3.026397393755886],[-60.45073242187499,-3.0491513000058887],[-60.410400390625,-3.0633114562558887],[-60.3662109375,-3.069854425005886],[-60.24912109374999,-3.06658294063088],[-60.21030273437499,-3.07122161250588],[-60.17724609375,-3.082061456255886],[-60.02963867187499,-3.15984465938088],[-60.00969238281249,-3.16668059688088],[-59.999755859375,-3.168975518755886],[-59.98955078124999,-3.17009856563088],[-59.97929687499999,-3.169952081255886],[-59.96923828125,-3.16838958125588],[-59.95957031249999,-3.16472747188088],[-59.95175781249999,-3.15911223750588],[-59.93718261718749,-3.145538018755886],[-59.90544433593749,-3.126983331255886]]]}},{"type":"Feature","properties":{"role":"context_only","name":"Mamor\u00e9","name_en":"Mamor\u00e9","ne_id":1159128327},"geometry":{"type":"MultiLineString","coordinates":[[[-65.00009765624999,-11.916045831255886],[-65.06584472656249,-11.92742278438088],[-65.08037109374999,-11.935088800005886],[-65.1525390625,-12.00969817500588],[-65.16098632812499,-12.02239348750588],[-65.16472167968749,-12.034502862505889],[-65.15764160156249,-12.049346612505886],[-65.14023437499999,-12.04607512813088],[-65.12045898437499,-12.037139581255886],[-65.106201171875,-12.034991143755889],[-65.09672851562499,-12.085284112505889],[-65.10068359374999,-12.10442473750588],[-65.108154296875,-12.11248137813088],[-65.11857910156249,-12.11907317500588],[-65.14506835937499,-12.15154387813088],[-65.156005859375,-12.15764739375588],[-65.16650390625,-12.15227630000588],[-65.1787109375,-12.134795831255886],[-65.18662109374999,-12.12908294063088],[-65.18693847656249,-12.14519622188088],[-65.182080078125,-12.169463800005886],[-65.17448730468749,-12.188506768755886],[-65.138427734375,-12.23088958125588],[-65.13176269531249,-12.248565362505886],[-65.13046874999999,-12.27092864375588],[-65.136962890625,-12.27898528438088],[-65.16855468749999,-12.28655364375588],[-65.18120117187499,-12.29900481563088],[-65.173828125,-12.31096770625588],[-65.1466796875,-12.329131768755886],[-65.1408203125,-12.34661223750588],[-65.15219726562499,-12.36174895625588],[-65.169189453125,-12.375518487505886],[-65.17973632812499,-12.38884856563088],[-65.17880859374999,-12.40471770625588],[-65.171142578125,-12.42180755000588],[-65.07365722656249,-12.565752862505889],[-65.0537109375,-12.61296965938088],[-65.046630859375,-12.708819268755889],[-65.01132812499999,-12.79070403438088],[-65.02158203124999,-12.822100518755889],[-65.03867187499999,-12.85125090938088],[-65.0451171875,-12.88103606563088],[-65.03959960937499,-12.888213800005886],[-65.03020019531249,-12.89446380000588],[-65.023876953125,-12.901397393755886],[-65.027587890625,-12.910967706255889],[-65.040478515625,-12.921416925005886],[-65.04501953124999,-12.92742278438088],[-65.04594726562499,-12.93547942500588],[-65.03752441406249,-12.967608331255889],[-65.03500976562499,-12.98552825313088],[-65.03842773437499,-12.99895598750588],[-65.05266113281249,-13.006866143755886],[-65.091259765625,-13.00945403438088],[-65.10795898437499,-13.016631768755886],[-65.12070312499999,-13.034698175005886],[-65.11552734374999,-13.04680755000588],[-65.10356445312499,-13.05706145625588],[-65.0958984375,-13.06926848750588],[-65.108642578125,-13.10808684688088],[-65.14836425781249,-13.11394622188088],[-65.19353027343749,-13.11126067500588],[-65.22270507812499,-13.12444426875588],[-65.22404785156249,-13.144561456255886],[-65.21054687499999,-13.15642669063088],[-65.194580078125,-13.16643645625588],[-65.18815917968749,-13.18132903438088],[-65.19501953125,-13.19744231563088],[-65.2216796875,-13.230303643755889],[-65.23088378906249,-13.24749114375588],[-65.23427734375,-13.274248956255889],[-65.23076171874999,-13.319659112505889],[-65.23886718749999,-13.345245050005886],[-65.26274414062499,-13.372881768755889],[-65.26665039062499,-13.38372161250588],[-65.26474609374999,-13.393389581255889],[-65.25937499999999,-13.40007903438088],[-65.25371093749999,-13.405303643755886],[-65.25078124999999,-13.41130950313088],[-65.26188964843749,-13.44475676875588],[-65.31157226562499,-13.491241143755886],[-65.312255859375,-13.52092864375588],[-65.306396484375,-13.52361419063088],[-65.28842773437499,-13.52141692500588],[-65.283447265625,-13.52703215938088],[-65.28466796875,-13.53923919063088],[-65.29111328124999,-13.549834893755886],[-65.30766601562499,-13.56902434688088],[-65.32080078125,-13.58831145625588],[-65.32512207031249,-13.59685637813088],[-65.32958984375,-13.60881926875588],[-65.33530273437499,-13.63982512813088],[-65.34013671874999,-13.65081145625588],[-65.31560058593749,-13.66008880000588],[-65.31791992187499,-13.67937590938088],[-65.327099609375,-13.70354583125588],[-65.322998046875,-13.72747161250588],[-65.30241699218749,-13.74993255000588],[-65.2783203125,-13.77117278438088],[-65.22770996093749,-13.806475518755889],[-65.20280761718749,-13.81731536250588],[-65.19609374999999,-13.824541925005889],[-65.19052734374999,-13.841827081255886],[-65.18979492187499,-13.855498956255886],[-65.19150390624999,-13.867998956255889],[-65.19150390624999,-13.880401300005886],[-65.17766113281249,-13.920440362505886],[-65.19321289062499,-13.93010833125588],[-65.21249999999999,-13.935088800005886],[-65.21562499999999,-13.948077081255889],[-65.20500488281249,-13.955401300005889],[-65.19077148437499,-13.953643487505886],[-65.176220703125,-13.94890715938088],[-65.16440429687499,-13.94744231563088],[-65.150390625,-13.95281340938088],[-65.14213867187499,-13.960967706255886],[-65.11687011718749,-14.01531340938088],[-65.08286132812499,-14.06145598750588],[-65.068359375,-14.08953215938088],[-65.058349609375,-14.10466887813088],[-65.03208007812499,-14.12981536250588],[-65.02499999999999,-14.145830987505889],[-65.02695312499999,-14.16057708125588],[-65.04252929687499,-14.18547942500588],[-65.046142578125,-14.20012786250588],[-65.04062499999999,-14.222002862505889],[-65.02783203125,-14.242998956255889],[-64.99609375,-14.28289153438088],[-64.98081054687499,-14.315948175005886],[-64.97893066406249,-14.32659270625588],[-64.9541015625,-14.36174895625588],[-64.94980468749999,-14.38079192500588],[-64.98779296875,-14.374541925005886],[-64.99423828124999,-14.39495208125588],[-64.98283691406249,-14.421905206255886],[-64.96689453124999,-14.43547942500588],[-64.96909179687499,-14.45183684688088],[-65.00375976562499,-14.58562590938088],[-65.046630859375,-14.66204192500588],[-65.04484863281249,-14.688018487505886],[-65.04931640625,-14.69988372188088],[-65.07451171874999,-14.68694426875588],[-65.090576171875,-14.685381768755889],[-65.105712890625,-14.68645598750588],[-65.11430664062499,-14.68865325313088],[-65.10454101562499,-14.699541925005889],[-65.09575195312499,-14.712432550005886],[-65.08940429687499,-14.726592706255886],[-65.08696289062499,-14.740557550005889],[-65.08642578125,-14.75457122188088],[-65.08378906249999,-14.765459893755889],[-65.07763671875,-14.769854425005889],[-65.06650390624999,-14.764483331255889],[-65.05722656249999,-14.776202081255889],[-65.054931640625,-14.791045831255886],[-65.05498046874999,-14.806475518755889],[-65.05283203124999,-14.819659112505889],[-65.02490234375,-14.86736419063088],[-65.03471679687499,-14.89617278438088],[-65.018798828125,-14.917510675005886],[-64.99570312499999,-14.93694426875588],[-64.98393554687499,-14.95989348750588],[-64.98422851562499,-15.00457122188088],[-64.98764648437499,-15.01140715938088],[-65.03232421874999,-15.046221612505889],[-65.02548828124999,-15.05608489375588],[-65.01640624999999,-15.06267669063088],[-65.00498046874999,-15.06609465938088],[-64.99138183593749,-15.06609465938088],[-65.00830078125,-15.089385675005886],[-65.01376953124999,-15.104327081255889],[-65.00847167968749,-15.11760833125588],[-65.002685546875,-15.12761809688088],[-64.986279296875,-15.19426848750588],[-64.9736328125,-15.21013762813088],[-64.943798828125,-15.23967864375588],[-64.93461914062499,-15.25896575313088],[-64.92441406249999,-15.301104425005889],[-64.91538085937499,-15.320635675005889],[-64.90219726562499,-15.33416106563088],[-64.87089843749999,-15.353057550005886],[-64.85800781249999,-15.365557550005889],[-64.85336914062499,-15.375323175005889],[-64.85400390625,-15.38250090938088],[-64.85595703125,-15.38958098750588],[-64.85563964843749,-15.398760675005889],[-64.85209960937499,-15.40667083125588],[-64.84702148437499,-15.41204192500588],[-64.84099121093749,-15.41692473750588],[-64.83481445312499,-15.42327239375588],[-64.82651367187499,-15.438799737505889],[-64.81767578124999,-15.47210051875588],[-64.79899902343749,-15.512725518755886],[-64.7861328125,-15.585479425005886],[-64.761474609375,-15.652666925005889],[-64.75571289062499,-15.688799737505889],[-64.746826171875,-15.71770598750588],[-64.74272460937499,-15.75969817500588],[-64.73876953125,-15.77898528438088],[-64.72819824218749,-15.79949309688088],[-64.70585937499999,-15.82512786250588],[-64.66862792968749,-15.857256768755889],[-64.663818359375,-15.85979583125588]]]}},{"type":"Feature","properties":{"role":"context_only","name":"Guapor\u00e9","name_en":"Guapor\u00e9","ne_id":1159128533},"geometry":{"type":"MultiLineString","coordinates":[[[-65.395458984375,-10.39226653438088],[-65.39384765624999,-10.40007903438088],[-65.39218749999999,-10.403350518755886],[-65.38803710937499,-10.406573175005889],[-65.41166992187499,-10.449053643755889],[-65.42612304687499,-10.46306731563088],[-65.45068359375,-10.46795012813088],[-65.45068359375,-10.47478606563088],[-65.43864746093749,-10.492510675005889],[-65.43645019531249,-10.499053643755886],[-65.4375,-10.503936456255886],[-65.44218749999999,-10.513213800005886],[-65.44321289062499,-10.51921965938088],[-65.4423828125,-10.52776458125588],[-65.44003906249999,-10.53801848750588],[-65.43671875,-10.54680755000588],[-65.43266601562499,-10.55046965938088],[-65.42998046874999,-10.56121184688088],[-65.43637695312499,-10.610674737505889],[-65.43645019531249,-10.62566497188088],[-65.41936035156249,-10.64446380000588],[-65.40146484374999,-10.65520598750588],[-65.38749999999999,-10.66936614375588],[-65.3818359375,-10.69793059688088],[-65.38298339843749,-10.71550872188088],[-65.39047851562499,-10.75359465938088],[-65.40544433593749,-10.799151300005889],[-65.40043945312499,-10.812041925005886],[-65.361083984375,-10.82244231563088],[-65.34294433593749,-10.834795831255889],[-65.327880859375,-10.850420831255889],[-65.3197265625,-10.86516692500588],[-65.31352539062499,-10.95086028438088],[-65.31083984374999,-10.956377862505889],[-65.30522460937499,-10.96184661250588],[-65.30034179687499,-10.969561456255889],[-65.29990234374999,-10.98186614375588],[-65.30375976562499,-10.99065520625588],[-65.31040039062499,-10.99651458125588],[-65.318603515625,-11.001983331255886],[-65.32719726562499,-11.00920989375588],[-65.34270019531249,-11.03264739375588],[-65.34345703125,-11.05046965938088],[-65.33774414062499,-11.06755950313088],[-65.33403320312499,-11.08831145625588],[-65.341796875,-11.106475518755886],[-65.38041992187499,-11.13616301875588],[-65.395458984375,-11.15325286250588],[-65.398876953125,-11.17791106563088],[-65.385986328125,-11.19353606563088],[-65.36906738281249,-11.20525481563088],[-65.36069335937499,-11.21868255000588],[-65.36679687499999,-11.233916925005886],[-65.37939453125,-11.24187590938088],[-65.389404296875,-11.252959893755886],[-65.38803710937499,-11.277373956255886],[-65.375244140625,-11.295733331255889],[-65.35466308593749,-11.31047942500588],[-65.33554687499999,-11.321123956255889],[-65.32719726562499,-11.32756926875588],[-65.330810546875,-11.340362237505886],[-65.34824218749999,-11.360674737505889],[-65.3544921875,-11.372393487505889],[-65.35551757812499,-11.38225676875588],[-65.353759765625,-11.390459893755889],[-65.3203125,-11.47625090938088],[-65.293212890625,-11.50457122188088],[-65.25830078125,-11.495147393755886],[-65.233837890625,-11.50823333125588],[-65.22343749999999,-11.51726653438088],[-65.21672363281249,-11.52996184688088],[-65.21672363281249,-11.539873956255889],[-65.224365234375,-11.55779387813088],[-65.22416992187499,-11.57097747188088],[-65.219970703125,-11.58440520625588],[-65.21533203125,-11.587432550005886],[-65.20810546874999,-11.587432550005886],[-65.196240234375,-11.592120050005889],[-65.17465820312499,-11.60637786250588],[-65.16813964843749,-11.615264581255886],[-65.191650390625,-11.62297942500588],[-65.194091796875,-11.63225676875588],[-65.19003906249999,-11.65691497188088],[-65.19206542968749,-11.66668059688088],[-65.20097656249999,-11.68181731563088],[-65.20302734375,-11.69133880000588],[-65.20256347656249,-11.72771575313088],[-65.19687499999999,-11.74163176875588],[-65.18320312499999,-11.75652434688088],[-65.16520996093749,-11.76970794063088],[-65.15219726562499,-11.772979425005886],[-65.144287109375,-11.763702081255886],[-65.13876953124999,-11.715166925005889],[-65.134765625,-11.702471612505889],[-65.12858886718749,-11.69451262813088],[-65.11411132812499,-11.690459893755886],[-65.11118164062499,-11.699737237505886],[-65.11430664062499,-11.72234465938088],[-65.09995117187499,-11.736163018755889],[-65.081787109375,-11.74334075313088],[-65.06625976562499,-11.752959893755886],[-65.057080078125,-11.78557708125588],[-65.04404296874999,-11.80754973750588],[-65.03916015624999,-11.818682550005889],[-65.03818359374999,-11.82830169063088],[-65.03989257812499,-11.84856536250588],[-65.03916015624999,-11.85833098750588],[-65.034423828125,-11.87957122188088],[-65.02885742187499,-11.888702081255886],[-65.01872558593749,-11.89348723750588]]]}},{"type":"Feature","properties":{"role":"context_only","name":"Madeira","name_en":"Madeira","ne_id":1159128601},"geometry":{"type":"MultiLineString","coordinates":[[[-65.395458984375,-10.39226653438088],[-65.39091796874999,-10.373858331255889],[-65.380078125,-10.35125090938088],[-65.36577148437499,-10.332061456255886],[-65.32854003906249,-10.31414153438088],[-65.31640625,-10.29119231563088],[-65.30607910156249,-10.24212005000588],[-65.288818359375,-10.216143487505889],[-65.28557128906249,-10.20671965938088],[-65.28759765625,-10.196319268755886],[-65.29755859375,-10.17327239375588],[-65.29990234374999,-10.162920831255889],[-65.30224609375,-10.11956145625588],[-65.30632324218749,-10.098174737505886],[-65.32487792968749,-10.04631926875588],[-65.33366699218749,-10.00823333125588],[-65.33759765625,-9.967120050005889],[-65.33403320312499,-9.92669036250588],[-65.32597656249999,-9.905108331255889],[-65.30429687499999,-9.864288018755886],[-65.29990234374999,-9.841143487505889],[-65.30517578125,-9.82561614375588],[-65.31730957031249,-9.81243255000588],[-65.3310546875,-9.800616143755889],[-65.3408203125,-9.789580987505886],[-65.3544921875,-9.744952081255889],[-65.35678710937499,-9.741534112505889],[-65.37126464843749,-9.710479425005886],[-65.39873046874999,-9.686553643755886],[-65.4169921875,-9.67986419063088],[-65.44321289062499,-9.679717706255886],[-65.45200195312499,-9.66497161250588],[-65.45610351562499,-9.654815362505886],[-65.45688476562499,-9.645538018755886],[-65.45195312499999,-9.63762786250588],[-65.433349609375,-9.626983331255886],[-65.41691894531249,-9.615069268755889],[-65.39404296875,-9.607256768755889],[-65.3849609375,-9.60125090938088],[-65.37602539062499,-9.58953215938088],[-65.36069335937499,-9.55681731563088],[-65.330810546875,-9.529131768755889],[-65.293701171875,-9.52776458125588],[-65.21672363281249,-9.55681731563088],[-65.20012207031249,-9.56609465938088],[-65.17148437499999,-9.58733489375588],[-65.15869140625,-9.591631768755889],[-65.09248046875,-9.588409112505886],[-65.04326171874999,-9.57756926875588],[-65.03232421874999,-9.57732512813088],[-65.019775390625,-9.57976653438088],[-64.997802734375,-9.589385675005886],[-64.93986816406249,-9.59783294063088],[-64.93034667968749,-9.59563567500588],[-64.92436523437499,-9.590655206255889],[-64.9150390625,-9.57732512813088],[-64.89121093749999,-9.55584075313088],[-64.88151855468749,-9.54998137813088],[-64.87102050781249,-9.54729583125588],[-64.84624023437499,-9.544268487505889],[-64.83684082031249,-9.53972747188088],[-64.82080078125,-9.520049737505886],[-64.81389160156249,-9.499541925005886],[-64.81416015625,-9.47771575313088],[-64.81943359374999,-9.45378997188088],[-64.83464355468749,-9.41106536250588],[-64.83513183593749,-9.39226653438088],[-64.82316894531249,-9.37493255000588],[-64.80712890625,-9.37102630000588],[-64.75937499999999,-9.37297942500588],[-64.737548828125,-9.36443450313088],[-64.728271484375,-9.354327081255889],[-64.72412109375,-9.344561456255889],[-64.72153320312499,-9.33440520625588],[-64.717041015625,-9.32341887813088],[-64.68974609374999,-9.29265715938088],[-64.678955078125,-9.283721612505886],[-64.62875976562499,-9.253741143755889],[-64.61337890624999,-9.241534112505889],[-64.58945312499999,-9.18621184688088],[-64.576171875,-9.17937590938088],[-64.5615234375,-9.175127862505889],[-64.53007812499999,-9.156573175005889],[-64.51225585937499,-9.152178643755889],[-64.443359375,-9.18279387813088],[-64.43212890625,-9.190459893755886],[-64.40708007812499,-9.188995050005886],[-64.36760253906249,-9.17937590938088],[-64.34526367187499,-9.15837981563088],[-64.32861328125,-9.13079192500588],[-64.29013671874999,-9.047393487505886],[-64.27739257812499,-9.029327081255886],[-64.26079101562499,-9.01482512813088],[-64.24064941406249,-9.00872161250588],[-64.202880859375,-9.01018645625588],[-64.18466796874999,-9.008330987505886],[-64.14453125,-8.995440362505889],[-64.10136718749999,-8.975909112505889],[-64.08269042968749,-8.963409112505886],[-64.06884765625,-8.943682550005889],[-64.07114257812499,-8.92571380000588],[-64.08012695312499,-8.90886809688088],[-64.08642578125,-8.89202239375588],[-64.08342285156249,-8.87517669063088],[-64.07211914062499,-8.85711028438088],[-64.053466796875,-8.84270598750588],[-64.005859375,-8.832842706255889],[-63.99008789062499,-8.82268645625588],[-63.97880859374999,-8.809405206255889],[-63.9697265625,-8.79583098750588],[-63.95927734374999,-8.787139581255886],[-63.92841796875,-8.76726653438088],[-63.92197265624999,-8.758330987505886],[-63.92416992187499,-8.69353606563088],[-63.92197265624999,-8.67229583125588],[-63.91740722656249,-8.65569426875588],[-63.90971679687499,-8.64275481563088],[-63.89707031249999,-8.63445403438088],[-63.85319824218749,-8.629424737505886],[-63.83183593749999,-8.623858331255889],[-63.70957031249999,-8.55828215938088],[-63.66796875,-8.54778411250588],[-63.62773437499999,-8.55632903438088],[-63.59624023437499,-8.571612237505889],[-63.56005859375,-8.58391692500588],[-63.538818359375,-8.578936456255889],[-63.55205078124999,-8.542022393755886],[-63.56059570312499,-8.52629973750588],[-63.56943359374999,-8.50335051875588],[-63.57041015624999,-8.482745050005889],[-63.555419921875,-8.473663018755886],[-63.53984374999999,-8.469561456255889],[-63.52348632812499,-8.459795831255889],[-63.46953124999999,-8.415362237505889],[-63.4189453125,-8.34929778438088],[-63.39501953125,-8.30925872188088],[-63.35979003906249,-8.218096612505889],[-63.34318847656249,-8.18645598750588],[-63.33457031249999,-8.175127862505889],[-63.325439453125,-8.16741301875588],[-63.31577148437499,-8.163897393755889],[-63.30559082031249,-8.16521575313088],[-63.28842773437499,-8.179717706255886],[-63.27509765625,-8.200518487505889],[-63.25888671874999,-8.21917083125588],[-63.23325195312499,-8.227373956255889],[-63.21232910156249,-8.22429778438088],[-63.03557128906249,-8.15154387813088],[-62.88762207031249,-8.03386809688088],[-62.86613769531249,-8.000811456255889],[-62.86137695312499,-7.98186614375588],[-62.85996093749999,-7.91570403438088],[-62.86826171874999,-7.89910247188088],[-62.90537109374999,-7.879424737505886],[-62.91459960937499,-7.85735442500588],[-62.903564453125,-7.81389739375588],[-62.90483398437499,-7.791338800005889],[-62.92448730468749,-7.78167083125588],[-62.93681640624999,-7.77141692500588],[-62.93461914062499,-7.748077081255886],[-62.92075195312499,-7.706573175005886],[-62.92058105468749,-7.66497161250588],[-62.93095703124999,-7.62078215938088],[-62.94677734375,-7.58171965938088],[-62.96298828124999,-7.555694268755886],[-62.97788085937499,-7.543975518755886],[-62.99594726562499,-7.533233331255886],[-63.01123046875,-7.520830987505889],[-63.017578125,-7.504229425005889],[-63.02036132812499,-7.464385675005886],[-63.018798828125,-7.44890715938088],[-63.01079101562499,-7.432159112505886],[-62.968017578125,-7.373858331255889],[-62.94829101562499,-7.33831145625588],[-62.91643066406249,-7.183916925005889],[-62.87980957031249,-7.124346612505889],[-62.87143554687499,-7.08098723750588],[-62.87041015624999,-7.039385675005889],[-62.85710449218749,-7.00945403438088],[-62.81210937499999,-7.000811456255889],[-62.76311035156249,-7.000811456255889],[-62.72416992187499,-6.989288018755886],[-62.69492187499999,-6.96306731563088],[-62.675,-6.918291925005889],[-62.6640625,-6.87273528438088],[-62.65483398437499,-6.85320403438088],[-62.63681640624999,-6.832549737505886],[-62.61508789062499,-6.81853606563088],[-62.60405273437499,-6.809112237505886],[-62.59929199218749,-6.79851653438088],[-62.57878417968749,-6.767413018755889],[-62.541748046875,-6.757842706255886],[-62.44938964843749,-6.76433684688088],[-62.407470703125,-6.761260675005886],[-62.37939453125,-6.74700286250588],[-62.356640625,-6.72234465938088],[-62.34033203125,-6.689776300005889],[-62.331787109375,-6.651397393755886],[-62.3427734375,-6.61370208125588],[-62.3681640625,-6.596221612505886],[-62.37890625,-6.58049895625588],[-62.31748046874999,-6.51946380000588],[-62.29240722656249,-6.482940362505886],[-62.257226562499994,-6.411163018755886],[-62.22624511718749,-6.233721612505889],[-62.21208496093749,-6.22747161250588],[-62.17563476562499,-6.19939544063088],[-62.15422363281249,-6.19207122188088],[-62.12753906249999,-6.193877862505886],[-62.05803222656249,-6.220049737505889],[-62.04550781249999,-6.22893645625588],[-62.031005859375,-6.234893487505886],[-62.01384277343749,-6.23821380000588],[-61.9931640625,-6.239288018755886],[-61.97666015624999,-6.24236419063088],[-61.94223632812499,-6.25652434688088],[-61.92143554687499,-6.25969817500588],[-61.88134765625,-6.25579192500588],[-61.85332031249999,-6.241729425005886],[-61.83684082031249,-6.21453215938088],[-61.83073730468749,-6.145538018755886],[-61.82695312499999,-6.12883880000588],[-61.81787109375,-6.115557550005889],[-61.80107421874999,-6.09929778438088],[-61.78271484375,-6.086260675005889],[-61.72282714843749,-6.05486419063088],[-61.68330078125,-6.01970794063088],[-61.66801757812499,-5.99651458125588],[-61.67099609374999,-5.97600676875588],[-61.67985839843749,-5.957549737505886],[-61.680419921875,-5.936065362505886],[-61.67546386718749,-5.916534112505886],[-61.66757812499999,-5.904131768755889],[-61.646240234375,-5.89348723750588],[-61.625732421875,-5.89470794063088],[-61.6015625,-5.89885833125588],[-61.589111328125,-5.89348723750588],[-61.58554687499999,-5.88274505000588],[-61.59262695312499,-5.874834893755889],[-61.60551757812499,-5.86712005000588],[-61.619384765625,-5.859698175005889],[-61.6318359375,-5.85076262813088],[-61.630078125,-5.843584893755889],[-61.61845703124999,-5.836455987505886],[-61.60068359374999,-5.83294036250588],[-61.57231445312499,-5.84124114375588],[-61.49565429687499,-5.864776300005886],[-61.462158203125,-5.856280206255889],[-61.44304199218749,-5.83733489375588],[-61.43107910156249,-5.81951262813088],[-61.41660156249999,-5.806182550005886],[-61.38981933593749,-5.801104425005889],[-61.368408203125,-5.810381768755889],[-61.35043945312499,-5.827666925005886],[-61.330810546875,-5.83684661250588],[-61.30388183593749,-5.822100518755889],[-61.28312988281249,-5.78386809688088],[-61.26518554687499,-5.69207122188088],[-61.242431640625,-5.65764739375588],[-61.22446289062499,-5.64714934688088],[-61.20219726562499,-5.63836028438088],[-61.17851562499999,-5.63250090938088],[-61.15678710937499,-5.63030364375588],[-61.13901367187499,-5.625518487505886],[-61.12558593749999,-5.61394622188088],[-61.10588378906249,-5.58879973750588],[-61.07255859374999,-5.571612237505889],[-61.04282226562499,-5.58001067500588],[-61.01201171874999,-5.596514581255889],[-60.9755859375,-5.60295989375588],[-60.930908203125,-5.586944268755886],[-60.81787109375,-5.499346612505889],[-60.78061523437499,-5.49065520625588],[-60.73906249999999,-5.486358331255886],[-60.72763671874999,-5.47698333125588],[-60.723876953125,-5.45501067500588],[-60.734375,-5.36272551875588],[-60.72055664062499,-5.33171965938088],[-60.6884765625,-5.31267669063088],[-60.59868164062499,-5.29094817500588],[-60.56674804687499,-5.27727630000588],[-60.53857421875,-5.25823333125588],[-60.477783203125,-5.20427825313088],[-60.45712890624999,-5.190459893755886],[-60.437744140625,-5.18474700313088],[-60.42539062499999,-5.175811456255886],[-60.27685546875,-5.02483489375588],[-60.24870605468749,-4.98601653438088],[-60.21591796874999,-4.920733331255889],[-60.20463867187499,-4.91033294063088],[-60.159619140625,-4.901690362505889],[-60.13388671874999,-4.902373956255886],[-60.111572265625,-4.916534112505886],[-60.104736328125,-4.91033294063088],[-60.07207031249999,-4.91985442500588],[-60.02963867187499,-4.89983489375588],[-59.961376953125,-4.84832122188088],[-59.94365234374999,-4.83831145625588],[-59.930859375,-4.82854583125588],[-59.92302246093749,-4.814288018755889],[-59.92041015625,-4.790557550005886],[-59.92343749999999,-4.776690362505889],[-59.93710937499999,-4.74260833125588],[-59.94023437499999,-4.725420831255889],[-59.93100585937499,-4.67620208125588],[-59.90869140625,-4.635577081255889],[-59.88168945312499,-4.597002862505889],[-59.85832519531249,-4.554717706255886],[-59.833740234375,-4.48650481563088],[-59.83037109374999,-4.46843840938088],[-59.82211914062499,-4.45012786250588],[-59.73784179687499,-4.35027434688088],[-59.71542968749999,-4.331084893755886],[-59.69755859374999,-4.331573175005886],[-59.67929687499999,-4.34832122188088],[-59.65788574218749,-4.36223723750588],[-59.63469238281249,-4.371905206255889],[-59.611279296875,-4.37590911250588],[-59.59941406249999,-4.375518487505886],[-59.58940429687499,-4.37346770625588],[-59.58085937499999,-4.370147393755886],[-59.57358398437499,-4.365557550005889],[-59.55673828124999,-4.345245050005886],[-59.54387207031249,-4.320342706255886],[-59.52792968749999,-4.29680755000588],[-59.50200195312499,-4.280303643755886],[-59.43222656249999,-4.25896575313088],[-59.40043945312499,-4.24065520625588],[-59.37851562499999,-4.21087005000588],[-59.36638183593749,-4.172393487505886],[-59.34433593749999,-4.05315520625588],[-59.31064453124999,-3.99016692500588],[-59.25529785156249,-3.95061614375588],[-59.11784667968749,-3.87566497188088],[-59.09733886718749,-3.8577450500058887],[-59.07993164062499,-3.8372372375058887],[-59.06779785156249,-3.81438567500588],[-59.063232421875,-3.78972747188088],[-59.06206054687499,-3.768096612505886],[-59.06298828125,-3.7571591125058887],[-59.06694335937499,-3.749053643755886],[-59.09111328124999,-3.7180966125058887],[-59.093505859375,-3.68059661250588],[-59.07177734375,-3.6570614562558887],[-59.00798339843749,-3.6292294250058887],[-58.97275390624999,-3.60808684688088],[-58.943115234375,-3.5838192687558887],[-58.86760253906249,-3.4983700500058887],[-58.86083984375,-3.49212005000588],[-58.85092773437499,-3.48528411250588],[-58.81416015625,-3.47063567500588],[-58.80375976562499,-3.46477630000588],[-58.792919921875,-3.452666925005886],[-58.76791992187499,-3.39592864375588],[-58.76408691406249,-3.390655206255886],[-58.75932617187499,-3.386260675005886],[-58.73349609374999,-3.36931731563088],[-58.71770019531249,-3.35466887813088],[-58.70708007812499,-3.34197356563088]]]}},{"type":"Feature","properties":{"role":"context_only","name":"Paran\u00e1","name_en":"Paran\u00e1 River","ne_id":1159118169},"geometry":{"type":"MultiLineString","coordinates":[[[-55.07529296874999,-14.319366143755886],[-55.11015624999999,-14.301299737505886],[-55.12980957031249,-14.29436614375588],[-55.15410156249999,-14.29143645625588],[-55.17363281249999,-14.293487237505886],[-55.25937499999999,-14.32390715938088],[-55.318603515625,-14.32561614375588],[-55.339111328125,-14.329620050005886],[-55.380126953125,-14.348467706255889],[-55.43247070312499,-14.35735442500588],[-55.4755859375,-14.36614348750588],[-55.48955078124999,-14.36712005000588],[-55.50815429687499,-14.373077081255886],[-55.52189941406249,-14.387041925005889],[-55.54143066406249,-14.41497161250588],[-55.55595703124999,-14.42376067500588],[-55.57597656249999,-14.430205987505886],[-55.63615722656249,-14.437823175005889],[-55.732177734375,-14.47210051875588],[-55.750244140625,-14.48235442500588],[-55.76425781249999,-14.49407317500588],[-55.78032226562499,-14.50481536250588],[-55.82373046875,-14.51995208125588],[-55.84306640624999,-14.53167083125588],[-55.89396972656249,-14.58904387813088],[-55.92294921874999,-14.612627862505889],[-55.96591796874999,-14.62786223750588],[-56.01188964843749,-14.63152434688088],[-56.03178710937499,-14.63665130000588],[-56.05192871093749,-14.651202081255889],[-56.068359375,-14.65911223750588],[-56.2216796875,-14.68474700313088],[-56.25571289062499,-14.702959893755889],[-56.27377929687499,-14.737139581255889],[-56.26953125,-14.74041106563088],[-56.26237792968749,-14.74993255000588],[-56.26018066406249,-14.759795831255886],[-56.27299804687499,-14.765459893755889],[-56.3017578125,-14.77190520625588],[-56.31840820312499,-14.78215911250588],[-56.325927734375,-14.792998956255886],[-56.32309570312499,-14.80339934688088],[-56.30859375,-14.81218840938088],[-56.32902832031249,-14.827178643755886],[-56.33725585937499,-14.82854583125588],[-56.346435546875,-14.823077081255889],[-56.35776367187499,-14.81926848750588],[-56.37041015624999,-14.82317473750588],[-56.38310546874999,-14.829424737505889],[-56.39453125,-14.83269622188088],[-56.40434570312499,-14.84417083125588],[-56.40324707031249,-14.870440362505889],[-56.39697265625,-14.89861419063088],[-56.39111328125,-14.915850518755889],[-56.39946289062499,-14.918780206255889],[-56.416748046875,-14.92009856563088],[-56.42529296875,-14.92205169063088],[-56.42692871093749,-14.92083098750588],[-56.43852539062499,-14.91668059688088],[-56.442626953125,-14.915850518755889],[-56.44614257812499,-14.917510675005886],[-56.44580078125,-14.92131926875588],[-56.44462890624999,-14.925616143755889],[-56.44572753906249,-14.92888762813088],[-56.45622558593749,-14.93865325313088],[-56.46391601562499,-14.95232512813088],[-56.46259765625,-14.966338800005886],[-56.44572753906249,-14.976592706255886],[-56.455322265625,-14.98064544063088],[-56.47900390625,-14.98699309688088],[-56.48674316406249,-14.991045831255889],[-56.49658203125,-15.00335051875588],[-56.49790039062499,-15.012237237505886],[-56.495361328125,-15.02166106563088],[-56.49350585937499,-15.03533294063088],[-56.49677734375,-15.04729583125588],[-56.50375976562499,-15.05169036250588],[-56.51079101562499,-15.054717706255886],[-56.51401367187499,-15.06292083125588],[-56.50439453125,-15.122393487505889],[-56.49760742187499,-15.13738372188088],[-56.48479003906249,-15.14592864375588],[-56.463134765625,-15.14861419063088],[-56.43889160156249,-15.14885833125588],[-56.42221679687499,-15.151690362505889],[-56.40971679687499,-15.159698175005886],[-56.38046874999999,-15.204620050005886],[-56.373779296875,-15.21282317500588],[-56.365478515625,-15.217608331255889],[-56.34050292968749,-15.224639581255886],[-56.32968749999999,-15.22991301875588],[-56.3017578125,-15.257842706255886],[-56.282958984375,-15.272784112505889],[-56.2763671875,-15.282256768755886],[-56.27377929687499,-15.295733331255889],[-56.284326171874994,-15.31585051875588],[-56.28874511718749,-15.327666925005886],[-56.28466796875,-15.33294036250588],[-56.27783203125,-15.33538176875588],[-56.27084960937499,-15.34124114375588],[-56.26018066406249,-15.354034112505886],[-56.25200195312499,-15.37029387813088],[-56.24814453124999,-15.38884856563088],[-56.24711914062499,-15.43254973750588],[-56.25473632812499,-15.47649505000588],[-56.249755859375,-15.492022393755889],[-56.22600097656249,-15.48381926875588],[-56.20761718749999,-15.497393487505889],[-56.1923828125,-15.51238372188088],[-56.182080078125,-15.529327081255886],[-56.17822265625,-15.549639581255889],[-56.17485351562499,-15.55388762813088],[-56.1591796875,-15.564776300005889],[-56.15463867187499,-15.566924737505886],[-56.141357421875,-15.568682550005889],[-56.13671875,-15.574053643755889],[-56.135009765625,-15.58245208125588],[-56.13041992187499,-15.59368255000588],[-56.11118164062499,-15.620635675005886],[-56.103759765625,-15.627764581255889],[-56.08139648437499,-15.64006926875588],[-56.07255859374999,-15.647295831255889],[-56.06901855468749,-15.65935637813088],[-56.07377929687499,-15.67986419063088],[-56.09868164062499,-15.70427825313088],[-56.10996093749999,-15.72405364375588],[-56.11320800781249,-15.732256768755889],[-56.13469238281249,-15.76799895625588],[-56.13774414062499,-15.77898528438088],[-56.125732421875,-15.80657317500588],[-56.12309570312499,-15.85125090938088],[-56.11679687499999,-15.86736419063088],[-56.10546875,-15.876006768755886],[-56.09653320312499,-15.877764581255889],[-56.08749999999999,-15.877764581255889],[-56.07578124999999,-15.88103606563088],[-56.053466796875,-15.899248956255889],[-56.05192871093749,-15.902178643755889],[-56.0380859375,-15.91179778438088],[-56.03696289062499,-15.93279387813088],[-56.032177734375,-15.953936456255889],[-56.00693359374999,-15.96355559688088],[-55.99663085937499,-15.961260675005889],[-55.98295898437499,-15.95159270625588],[-55.97282714843749,-15.950518487505889],[-55.95476074218749,-15.967803643755886],[-55.93071289062499,-15.97991301875588],[-55.91669921875,-16.00115325313088],[-55.897705078125,-16.04607512813088],[-55.87851562499999,-16.07903411250588],[-55.87583007812499,-16.09807708125588],[-55.887158203125,-16.11809661250588],[-55.985107421875,-16.207549737505886],[-55.99228515624999,-16.22673919063088],[-55.98300781249999,-16.24846770625588],[-55.97641601562499,-16.25872161250588],[-55.96811523437499,-16.28108489375589],[-55.96249999999999,-16.28972747188088],[-55.95292968749999,-16.29573333125589],[-55.944580078125,-16.29729583125588],[-55.93735351562499,-16.300811456255886],[-55.93120117187499,-16.313018487505886],[-55.93212890625,-16.33674895625589],[-55.947021484375,-16.348174737505886],[-55.96445312499999,-16.35491301875588],[-55.97282714843749,-16.36458098750589],[-55.97990722656249,-16.378448175005886],[-56.0146484375,-16.41350676875588],[-56.02739257812499,-16.422881768755886],[-56.06416015625,-16.43816497188088],[-56.18564453124999,-16.46379973750588],[-56.25456542968749,-16.44954192500589],[-56.270751953125,-16.45393645625589],[-56.276611328125,-16.46404387813088],[-56.28076171875,-16.47395598750589],[-56.28679199218749,-16.48137786250588],[-56.29863281249999,-16.48430755000588],[-56.31064453124999,-16.485381768755886],[-56.322021484375,-16.488311456255886],[-56.3427734375,-16.49797942500588],[-56.37089843749999,-16.51897551875588],[-56.393310546875,-16.54461028438088],[-56.44101562499999,-16.62493255000588],[-56.4474609375,-16.64251067500588],[-56.45126953124999,-16.66243255000589],[-56.45256347656249,-16.68694426875588],[-56.45683593749999,-16.69514739375589],[-56.47563476562499,-16.70891692500588],[-56.47990722656249,-16.72112395625588],[-56.48173828124999,-16.732452081255886],[-56.486572265625,-16.74456145625588],[-56.4931640625,-16.75618255000589],[-56.50034179687499,-16.76604583125588],[-56.512158203125,-16.77571380000589],[-56.53996582031249,-16.78801848750588],[-56.55185546874999,-16.79680755000588],[-56.56193847656249,-16.80696380000589],[-56.57170410156249,-16.814483331255886],[-56.59599609374999,-16.82756926875588],[-56.61418457031249,-16.84050872188088],[-56.621826171875,-16.85628020625589],[-56.64023437499999,-16.94661223750589],[-56.63896484374999,-16.96770598750588],[-56.63134765625,-16.98518645625589],[-56.59970703124999,-17.022491143755886],[-56.594970703125,-17.03118255000588],[-56.58969726562499,-17.06721770625589],[-56.5927734375,-17.09114348750589],[-56.60068359374999,-17.114288018755886],[-56.61166992187499,-17.135284112505886],[-56.62387695312499,-17.14910247188088],[-56.65952148437499,-17.16448333125588],[-56.673095703125,-17.17463958125589],[-56.68393554687499,-17.21111419063088],[-56.71306152343749,-17.23626067500588],[-56.72690429687499,-17.25276458125589],[-56.741455078125,-17.29753997188088],[-56.75273437499999,-17.31878020625588],[-56.778076171875,-17.33074309688088],[-56.78325195312499,-17.33831145625588],[-56.78662109375,-17.348174737505886],[-56.78769531249999,-17.35857512813088],[-56.79086914062499,-17.36980559688088],[-56.79833984375,-17.37581145625589],[-56.81572265624999,-17.38313567500589],[-56.83676757812499,-17.39583098750589],[-56.844482421875,-17.40364348750589],[-56.85043945312499,-17.41716887813088],[-56.84335937499999,-17.435088800005886],[-56.84404296874999,-17.45671965938088],[-56.84946289062499,-17.47747161250588],[-56.856689453125,-17.49236419063088],[-56.86638183593749,-17.49602630000588],[-56.89921874999999,-17.53142669063088],[-56.93095703124999,-17.54670989375589],[-56.95175781249999,-17.562041925005886],[-56.970703125,-17.580108331255886],[-56.980126953124994,-17.594756768755886],[-56.980126953124994,-17.60530364375589],[-56.97412109375,-17.62493255000588],[-56.97397460937499,-17.636260675005886],[-56.97844238281249,-17.64934661250588],[-56.98564453124999,-17.65984465938088],[-57.09238281249999,-17.767120050005886],[-57.11284179687499,-17.78069426875588],[-57.13408203124999,-17.78655364375588],[-57.17949218749999,-17.78850676875588],[-57.20029296874999,-17.79265715938088],[-57.262451171875,-17.819854425005886],[-57.414306640625,-17.86248137813088],[-57.427490234375,-17.87224700313088],[-57.455517578125,-17.907256768755886],[-57.46030273437499,-17.91765715938088],[-57.46616210937499,-17.93792083125588],[-57.46738281249999,-17.938995050005886],[-57.46989746093749,-17.94158294063088],[-57.47246093749999,-17.94597747188088],[-57.4736328125,-17.952178643755886],[-57.47177734374999,-17.95686614375589],[-57.46306152343749,-17.96565520625589],[-57.46005859374999,-17.970245050005886],[-57.45908203124999,-17.97722747188088],[-57.461181640625,-18.00032317500589],[-57.455078125,-18.07708098750588],[-57.45061035156249,-18.09002044063088],[-57.44218749999999,-18.097686456255886],[-57.41972656249999,-18.11116301875589],[-57.40922851562499,-18.12127044063088],[-57.404541015625,-18.12737395625588],[-57.401611328125,-18.13298919063088],[-57.39926757812499,-18.14631926875589],[-57.39836425781249,-18.173858331255886],[-57.390869140625,-18.20891692500588],[-57.39047851562499,-18.219268487505886],[-57.393017578125,-18.230987237505886],[-57.40678710937499,-18.26555755000588],[-57.41020507812499,-18.28508880000588],[-57.40190429687499,-18.29363372188088],[-57.38811035156249,-18.30169036250588],[-57.37980957031249,-18.32097747188088],[-57.37822265624999,-18.34358489375589],[-57.38486328124999,-18.361846612505886],[-57.36591796875,-18.38469817500588],[-57.37583007812499,-18.40276458125588],[-57.39104003906249,-18.42034270625588],[-57.38798828124999,-18.44133880000588],[-57.37980957031249,-18.44646575313088],[-57.369140625,-18.45149505000589],[-57.36271972656249,-18.45833098750589],[-57.36748046874999,-18.46868255000588],[-57.38432617187499,-18.48713958125589],[-57.39104003906249,-18.49285247188088],[-57.45517578124999,-18.51751067500588],[-57.46616210937499,-18.52361419063088],[-57.45683593749999,-18.54387786250588],[-57.453125,-18.55584075313088],[-57.45683593749999,-18.561065362505886],[-57.47705078125,-18.56243255000588],[-57.48666992187499,-18.56428801875589],[-57.49472656249999,-18.56731536250588],[-57.49870605468749,-18.57795989375589],[-57.50090332031249,-18.58098723750588],[-57.51518554687499,-18.588409112505886],[-57.5341796875,-18.603057550005886],[-57.53984374999999,-18.61150481563088],[-57.54184570312499,-18.626006768755886],[-57.540771484375,-18.64778411250589],[-57.54169921875,-18.65911223750588],[-57.545654296875,-18.66692473750588],[-57.55429687499999,-18.677764581255886],[-57.55302734374999,-18.68440520625589],[-57.547119140625,-18.68987395625588],[-57.54184570312499,-18.69768645625588],[-57.53959960937499,-18.69890715938088],[-57.53564453125,-18.69866301875588],[-57.53159179687499,-18.699737237505886],[-57.52885742187499,-18.705108331255886],[-57.52910156249999,-18.709014581255886],[-57.531005859375,-18.71184661250588],[-57.53349609374999,-18.71467864375589],[-57.53569335937499,-18.718780206255886],[-57.55927734375,-18.74920012813088],[-57.578369140625,-18.76628997188088],[-57.59360351562499,-18.77654387813088],[-57.60117187499999,-18.789580987505886],[-57.59716796875,-18.814971612505886],[-57.57602539062499,-18.82122161250588],[-57.586669921875,-18.82893645625589],[-57.64152832031249,-18.85530364375589],[-57.64536132812499,-18.86077239375588],[-57.64445800781249,-18.88411223750589],[-57.64829101562499,-18.88948333125589],[-57.65952148437499,-18.88665130000588],[-57.67656249999999,-18.87629973750589],[-57.68588867187499,-18.876495050005886],[-57.69809570312499,-18.88982512813088],[-57.69921875,-18.91106536250588],[-57.69272460937499,-18.95525481563088],[-57.68759765624999,-18.96126067500589],[-57.676025390625,-18.966827081255886],[-57.663330078125,-18.97102630000589],[-57.65512695312499,-18.97258880000588],[-57.65690917968749,-18.97673919063088],[-57.66264648437499,-18.98626067500588],[-57.66552734375,-18.99749114375588],[-57.65861816406249,-19.00676848750588],[-57.64812011718749,-19.00847747188088],[-57.63774414062499,-19.00554778438088],[-57.62736816406249,-19.00115325313088],[-57.61699218749999,-18.99934661250589],[-57.6044921875,-19.00188567500588],[-57.58208007812499,-19.01140715938088],[-57.56267089843749,-19.01677825313088],[-57.5419921875,-19.03093840938088],[-57.53227539062499,-19.03411223750588],[-57.40190429687499,-19.04778411250588],[-57.377197265625,-19.05403411250589],[-57.375244140625,-19.06965911250589],[-57.38041992187499,-19.08967864375589],[-57.37744140625,-19.10920989375589],[-57.36699218749999,-19.11419036250588],[-57.33603515624999,-19.11663176875588],[-57.32963867187499,-19.11946380000589],[-57.326416015625,-19.13264739375589],[-57.31235351562499,-19.15999114375589],[-57.30913085937499,-19.17415130000589],[-57.30698242187499,-19.20012786250588],[-57.297607421875,-19.24480559688088],[-57.29550781249999,-19.27034270625589],[-57.29941406249999,-19.29216887813088],[-57.3173828125,-19.33367278438088],[-57.32219238281249,-19.35628020625589],[-57.31962890624999,-19.36638762813088],[-57.31474609374999,-19.372100518755886],[-57.31364746093749,-19.378448175005886],[-57.32219238281249,-19.39045989375589],[-57.333251953125,-19.39924895625589],[-57.36052246093749,-19.41594817500588],[-57.39340820312499,-19.44133880000588],[-57.41008300781249,-19.464385675005886],[-57.43950195312499,-19.52068450313088],[-57.427197265625,-19.53020598750588],[-57.41440429687499,-19.53630950313088],[-57.40056152343749,-19.539580987505886],[-57.38486328124999,-19.540557550005886],[-57.39067382812499,-19.55452239375589],[-57.41259765625,-19.58821380000589],[-57.42583007812499,-19.60271575313088],[-57.47641601562499,-19.63591887813088],[-57.4873046875,-19.650420831255886],[-57.48398437499999,-19.655303643755886],[-57.47966308593749,-19.66497161250588],[-57.47739257812499,-19.67595794063088],[-57.48046875,-19.684600518755886],[-57.48837890624999,-19.68670012813088],[-57.49882812499999,-19.68401458125588],[-57.50944824218749,-19.68001067500589],[-57.518310546875,-19.677764581255886],[-57.53251953124999,-19.67791106563088],[-57.53583984375,-19.67952239375589],[-57.53720703124999,-19.68440520625589],[-57.545654296875,-19.69475676875588],[-57.56108398437499,-19.70881926875589],[-57.57602539062499,-19.71941497188088],[-57.59172363281249,-19.72649505000588],[-57.60825195312499,-19.73079192500589],[-57.64829101562499,-19.732940362505886],[-57.65166015624999,-19.73626067500588],[-57.649169921875,-19.743194268755886],[-57.64287109374999,-19.75032317500589],[-57.63469238281249,-19.753448175005886],[-57.63029785156249,-19.75920989375588],[-57.63139648437499,-19.772002862505886],[-57.635009765625,-19.785674737505886],[-57.63811035156249,-19.79387786250588],[-57.64946289062499,-19.80730559688088],[-57.66611328124999,-19.820830987505886],[-57.68330078125,-19.83123137813088],[-57.7177734375,-19.84026458125588],[-57.73369140624999,-19.853057550005886],[-57.74560546875,-19.870635675005886],[-57.75847167968749,-19.90056731563088],[-57.75986328124999,-19.90657317500589],[-57.761962890625,-19.91145598750589],[-57.767822265625,-19.91790130000588],[-57.80429687499999,-19.934600518755886],[-57.81005859375,-19.94182708125588],[-57.81596679687499,-19.95305755000588],[-57.82976074218749,-19.963409112505886],[-57.857861328125,-19.97942473750588],[-57.87053222656249,-19.99285247188088],[-57.88188476562499,-20.00911223750589],[-57.89633789062499,-20.02410247188088],[-57.91862792968749,-20.03401458125589],[-57.94389648437499,-20.02800872188088],[-57.95988769531249,-20.02605559688088],[-57.967041015625,-20.03093840938088],[-57.969677734375,-20.039580987505886],[-57.9765625,-20.047393487505886],[-57.98642578124999,-20.05305755000589],[-57.997802734375,-20.05510833125588],[-58.02304687499999,-20.06487395625588],[-58.05429687499999,-20.107452081255886],[-58.080322265625,-20.117217706255886],[-58.08696289062499,-20.12078215938088],[-58.09897460937499,-20.13801848750589],[-58.104248046875,-20.14387786250589],[-58.11704101562499,-20.15022551875589],[-58.15947265624999,-20.16497161250588],[-58.15903320312499,-20.18098723750589],[-58.153076171875,-20.18450286250588],[-58.14482421874999,-20.18352630000588],[-58.13774414062499,-20.18547942500588],[-58.13066406249999,-20.192413018755886],[-58.12119140624999,-20.20378997188088],[-58.11923828124999,-20.214385675005886],[-58.15605468749999,-20.22625090938088],[-58.16337890624999,-20.24309661250588],[-58.15708007812499,-20.26155364375589],[-58.13774414062499,-20.27424895625589],[-58.13168945312499,-20.27278411250589],[-58.126953125,-20.26692473750589],[-58.12080078125,-20.261260675005886],[-58.11044921874999,-20.26057708125589],[-58.10380859374999,-20.26433684688088],[-58.09580078124999,-20.27214934688088],[-58.091064453125,-20.28157317500589],[-58.10063476562499,-20.309112237505886],[-58.09843749999999,-20.33440520625588],[-58.091552734375,-20.35930755000588],[-58.083740234375,-20.376006768755886],[-58.06787109375,-20.39348723750588],[-58.04638671875,-20.409209893755886],[-58.023876953125,-20.42073333125589],[-58.00493164062499,-20.42512786250589],[-57.99008789062499,-20.43303801875588],[-57.99284667968749,-20.45086028438088],[-58.00864257812499,-20.47966887813088],[-58.0107421875,-20.500030206255886],[-58.00969238281249,-20.52556731563088],[-58.00546874999999,-20.54973723750588],[-57.99406738281249,-20.573760675005886],[-57.99326171874999,-20.584991143755886],[-57.994384765625,-20.60662200313088],[-57.99162597656249,-20.62053801875588],[-57.97856445312499,-20.63997161250589],[-57.973876953125,-20.650909112505886],[-57.974365234375,-20.66194426875589],[-57.98178710937499,-20.68098723750589],[-57.98129882812499,-20.69255950313088],[-57.97509765625,-20.70378997188088],[-57.96567382812499,-20.710967706255886],[-57.95712890624999,-20.70979583125589],[-57.94792480468749,-20.67498137813088],[-57.93474121093749,-20.66731536250589],[-57.91879882812499,-20.66975676875589],[-57.905029296875,-20.67888762813088],[-57.90097656249999,-20.685088800005886],[-57.895263671875,-20.69988372188088],[-57.891357421875,-20.70623137813088],[-57.88510742187499,-20.71184661250588],[-57.86967773437499,-20.72210051875588],[-57.86093749999999,-20.73015715938088],[-57.8583984375,-20.739776300005886],[-57.865966796875,-20.74739348750589],[-57.87773437499999,-20.75227630000589],[-57.89946289062499,-20.756377862505886],[-57.90739746093749,-20.76213958125588],[-57.91862792968749,-20.773955987505886],[-57.933837890625,-20.78450286250589],[-57.94108886718749,-20.793487237505886],[-57.93466796874999,-20.79963958125589],[-57.90869140625,-20.801788018755886],[-57.888427734375,-20.80584075313088],[-57.87138671874999,-20.81633880000588],[-57.8603515625,-20.831573175005886],[-57.857861328125,-20.849639581255886],[-57.8681640625,-20.859893487505886],[-57.909423828125,-20.88152434688088],[-57.91862792968749,-20.89436614375589],[-57.91557617187499,-20.90559661250589],[-57.90869140625,-20.91047942500589],[-57.90190429687499,-20.91228606563088],[-57.89877929687499,-20.91487395625589],[-57.893798828125,-20.91487395625589],[-57.87065429687499,-20.932647393755886],[-57.84770507812499,-20.95588958125589],[-57.84099121093749,-20.95588958125589],[-57.83671874999999,-20.93840911250588],[-57.818359375,-20.95354583125588],[-57.81674804687499,-20.97527434688088],[-57.82602539062499,-20.99846770625588],[-57.85319824218749,-21.037627862505886],[-57.85239257812499,-21.05193450313088],[-57.83671874999999,-21.08235442500589],[-57.83061523437499,-21.12688567500588],[-57.834716796875,-21.17366301875589],[-57.84855957031249,-21.21614348750589],[-57.87143554687499,-21.24749114375588],[-57.89975585937499,-21.26702239375588],[-57.905029296875,-21.27483489375588],[-57.90561523437499,-21.28743255000589],[-57.900634765625,-21.294952081255886],[-57.89438476562499,-21.30022551875588],[-57.891357421875,-21.30584075313088],[-57.883056640625,-21.31624114375589],[-57.86699218749999,-21.320830987505886],[-57.85624999999999,-21.330596612505886],[-57.864013671875,-21.35676848750589],[-57.93059082031249,-21.45295989375589],[-57.94597167968749,-21.48713958125589],[-57.949951171875,-21.50823333125588],[-57.94882812499999,-21.53045012813088],[-57.94047851562499,-21.54817473750589],[-57.92236328125,-21.55535247188088],[-57.91276855468749,-21.56389739375588],[-57.9201171875,-21.58381926875589],[-57.93278808593749,-21.606475518755886],[-57.93974609374999,-21.623565362505886],[-57.935546875,-21.64055755000588],[-57.92509765624999,-21.65852630000589],[-57.91245117187499,-21.67302825313088],[-57.90190429687499,-21.67888762813088],[-57.89633789062499,-21.68831145625589],[-57.93974609374999,-21.75520598750589],[-57.939208984375,-21.774444268755886],[-57.935498046875,-21.79280364375589],[-57.93637695312499,-21.81194426875588],[-57.94970703125,-21.83367278438088],[-57.95659179687499,-21.85100676875588],[-57.9474609375,-21.86541106563088],[-57.93352050781249,-21.88176848750588],[-57.92607421874999,-21.904815362505886],[-57.9306640625,-21.91716887813088],[-57.95390624999999,-21.958038018755886],[-57.96330566406249,-21.966827081255886],[-57.96562499999999,-21.976592706255886],[-57.987548828125,-22.03508880000588],[-57.98906249999999,-22.048858331255886],[-57.98876953125,-22.063995050005886],[-57.98618164062499,-22.07844817500589],[-57.98129882812499,-22.090362237505886],[-57.97429199218749,-22.13215911250589],[-57.967041015625,-22.14837005000588],[-57.97739257812499,-22.21062590938088],[-57.973876953125,-22.234405206255886],[-57.96586914062499,-22.256866143755886],[-57.956298828125,-22.269073175005886],[-57.94091796875,-22.27434661250588],[-57.91557617187499,-22.27532317500588],[-57.89682617187499,-22.279327081255886],[-57.88754882812499,-22.28987395625589],[-57.877685546875,-22.32317473750588],[-57.831298828125,-22.37727630000589],[-57.82675781249999,-22.38860442500588],[-57.84538574218749,-22.40447356563088],[-57.8517578125,-22.41194426875589],[-57.84355468749999,-22.44597747188088],[-57.83066406249999,-22.55925872188088],[-57.81621093749999,-22.59002044063088],[-57.790771484375,-22.61751067500589],[-57.77978515625,-22.63396575313088],[-57.77524414062499,-22.65559661250589],[-57.78483886718749,-22.66536223750589],[-57.807080078125,-22.66570403438088],[-57.850341796875,-22.65886809688088],[-57.89592285156249,-22.66497161250588],[-57.92937011718749,-22.68645598750588],[-57.940380859375,-22.716338800005886],[-57.91862792968749,-22.747100518755886],[-57.90898437499999,-22.75129973750589],[-57.88608398437499,-22.75701262813088],[-57.877685546875,-22.76204192500589],[-57.87216796874999,-22.77180755000589],[-57.8671875,-22.79534270625588],[-57.86093749999999,-22.80632903438088],[-57.85190429687499,-22.81047942500588],[-57.82895507812499,-22.80925872188088],[-57.81962890624999,-22.81316497188088],[-57.81206054687499,-22.821319268755886],[-57.80908203125,-22.82649505000589],[-57.80258789062499,-22.84392669063088],[-57.79248046875,-22.85686614375588],[-57.78850097656249,-22.86614348750588],[-57.78955078125,-22.877959893755886],[-57.79819335937499,-22.88801848750589],[-57.81137695312499,-22.89690520625588],[-57.82114257812499,-22.90593840938088],[-57.81962890624999,-22.91594817500588],[-57.7861328125,-22.94475676875588],[-57.77304687499999,-22.96077239375589],[-57.767822265625,-22.98176848750589],[-57.78955078125,-23.02141692500588],[-57.77451171874999,-23.03484465938088],[-57.73002929687499,-23.05486419063088],[-57.72062988281249,-23.06633880000588],[-57.71420898437499,-23.08528411250589],[-57.69829101562499,-23.09065520625589],[-57.65861816406249,-23.09099700313088],[-57.63999023437499,-23.09880950313088],[-57.63217773437499,-23.11126067500588],[-57.63078613281249,-23.12810637813088],[-57.631298828125,-23.148955987505886],[-57.624755859375,-23.16536223750589],[-57.60874023437499,-23.18001067500589],[-57.588623046875,-23.19207122188088],[-57.55107421874999,-23.20891692500588],[-57.54448242187499,-23.21321380000589],[-57.53569335937499,-23.22063567500588],[-57.51127929687499,-23.25017669063088],[-57.500732421875,-23.257842706255886],[-57.48417968749999,-23.27312590938088],[-57.48046875,-23.27898528438088],[-57.48032226562499,-23.30061614375589],[-57.48222656249999,-23.30632903438088],[-57.4873046875,-23.31682708125588],[-57.49565429687499,-23.33025481563088],[-57.50156249999999,-23.33674895625589],[-57.50375976562499,-23.34358489375589],[-57.50090332031249,-23.35784270625588],[-57.49492187499999,-23.367705987505886],[-57.477294921875,-23.38274505000588],[-57.47050781249999,-23.39397551875588],[-57.45683593749999,-23.403838800005886],[-57.45371093749999,-23.40935637813088],[-57.452880859375,-23.41731536250589],[-57.4462890625,-23.44719817500588],[-57.442626953125,-23.45745208125588],[-57.44230957031249,-23.46477630000588],[-57.4462890625,-23.47454192500588],[-57.44833984374999,-23.48601653438088],[-57.45712890624999,-23.50471770625589],[-57.4599609375,-23.51545989375589],[-57.45976562499999,-23.52776458125588],[-57.45500488281249,-23.54900481563088],[-57.45371093749999,-23.55989348750589],[-57.45053710937499,-23.573760675005886],[-57.42583007812499,-23.61785247188088],[-57.39812011718749,-23.64568450313088],[-57.32597656249999,-23.68279387813088],[-57.29550781249999,-23.70735442500589],[-57.280517578125,-23.72346770625589],[-57.27592773437499,-23.73162200313088],[-57.275634765625,-23.74202239375589],[-57.28129882812499,-23.75139739375588],[-57.29912109374999,-23.75774505000588],[-57.30290527343749,-23.76531340938088],[-57.299560546875,-23.77507903438088],[-57.29204101562499,-23.78206145625589],[-57.284619140625,-23.78777434688088],[-57.281201171875,-23.79329192500589],[-57.28173828125,-23.80110442500589],[-57.28862304687499,-23.83074309688088],[-57.29143066406249,-23.861846612505886],[-57.29550781249999,-23.87175872188088],[-57.31828613281249,-23.88591887813088],[-57.32219238281249,-23.88909270625588],[-57.32553710937499,-23.894073175005886],[-57.33305664062499,-23.90154387813088],[-57.34050292968749,-23.91130950313088],[-57.34384765624999,-23.92327239375588],[-57.33867187499999,-23.93049895625589],[-57.32658691406249,-23.93230559688088],[-57.312939453125,-23.932159112505886],[-57.30290527343749,-23.93391692500589],[-57.284619140625,-23.95403411250588],[-57.280029296875,-23.97883880000589],[-57.27817382812499,-24.00520598750589],[-57.26816406249999,-24.03010833125589],[-57.24846191406249,-24.02361419063088],[-57.23193359375,-24.03337981563088],[-57.22397460937499,-24.05071380000588],[-57.23056640624999,-24.066924737505886],[-57.23686523437499,-24.07586028438088],[-57.238037109375,-24.08626067500589],[-57.23369140624999,-24.094756768755886],[-57.22380371093749,-24.09832122188088],[-57.18803710937499,-24.096221612505886],[-57.17875976562499,-24.09832122188088],[-57.16313476562499,-24.11751067500589],[-57.17236328125,-24.13713958125588],[-57.18979492187499,-24.156768487505886],[-57.19926757812499,-24.17620208125588],[-57.13779296874999,-24.23552825313088],[-57.12729492187499,-24.24822356563088],[-57.11882324218749,-24.26204192500589],[-57.11320800781249,-24.27874114375588],[-57.1076171875,-24.32073333125588],[-57.09013671874999,-24.34710051875588],[-57.08317871093749,-24.36516692500588],[-57.08256835937499,-24.38850676875589],[-57.096826171874994,-24.444366143755886],[-57.09086914062499,-24.460967706255886],[-57.07861328125,-24.47747161250588],[-57.06845703124999,-24.49529387813088],[-57.06889648437499,-24.51604583125588],[-57.07475585937499,-24.52131926875589],[-57.10026855468749,-24.537139581255886],[-57.1044921875,-24.54143645625588],[-57.102783203125,-24.55120208125588],[-57.096826171874994,-24.56755950313088],[-57.0958984375,-24.579620050005886],[-57.09765625,-24.585479425005886],[-57.10368652343749,-24.59797942500589],[-57.11166992187499,-24.60930755000588],[-57.11962890625,-24.616241143755886],[-57.126220703125,-24.62444426875588],[-57.13037109375,-24.63958098750588],[-57.11328125,-24.64910247188088],[-57.09765625,-24.66155364375588],[-57.0908203125,-24.67756926875589],[-57.1123046875,-24.71746184688088],[-57.11679687499999,-24.73650481563088],[-57.12241210937499,-24.751983331255886],[-57.13779296874999,-24.76253020625589],[-57.14951171874999,-24.76311614375588],[-57.15825195312499,-24.75969817500588],[-57.16691894531249,-24.75774505000588],[-57.17875976562499,-24.76253020625589],[-57.182080078125,-24.76946380000588],[-57.19731445312499,-24.826690362505886],[-57.248779296875,-24.89143645625589],[-57.24858398437499,-24.89729583125589],[-57.240234375,-24.90642669063088],[-57.23129882812499,-24.90740325313088],[-57.22265625,-24.901885675005886],[-57.21611328124999,-24.901397393755886],[-57.21354980468749,-24.91692473750588],[-57.21574707031249,-24.928252862505886],[-57.21909179687499,-24.93743255000588],[-57.21884765624999,-24.94661223750589],[-57.21013183593749,-24.95794036250588],[-57.19858398437499,-24.969756768755886],[-57.19492187499999,-24.978057550005886],[-57.199658203125,-24.98430755000588],[-57.21354980468749,-24.98909270625589],[-57.23479003906249,-24.986358331255886],[-57.26201171874999,-24.980010675005886],[-57.28549804687499,-24.982452081255886],[-57.29550781249999,-25.00603606563088],[-57.34384765624999,-25.06477630000589],[-57.354248046875,-25.07195403438088],[-57.36625976562499,-25.07854583125588],[-57.378076171874994,-25.08333098750589],[-57.38798828124999,-25.08513762813088],[-57.39633789062499,-25.08953215938088],[-57.41496582031249,-25.10823333125589],[-57.42241210937499,-25.11248137813088],[-57.48388671875,-25.11248137813088],[-57.51188964843749,-25.106963800005886],[-57.52392578125,-25.10920989375589],[-57.52885742187499,-25.12273528438088],[-57.53239746093749,-25.14812590938088],[-57.54169921875,-25.17571380000588],[-57.55473632812499,-25.201690362505886],[-57.56982421875,-25.22234465938088],[-57.58359374999999,-25.234405206255886],[-57.59599609374999,-25.24016692500588],[-57.62443847656249,-25.24846770625588],[-57.63925781249999,-25.25618255000589],[-57.65068359374999,-25.26555755000588],[-57.67221679687499,-25.28997161250588],[-57.64194335937499,-25.360381768755886],[-57.64152832031249,-25.372588800005886],[-57.57944335937499,-25.41668059688088],[-57.56601562499999,-25.43035247188088],[-57.558837890625,-25.44353606563088],[-57.55766601562499,-25.45979583125589],[-57.57072753906249,-25.54656340938088],[-57.57602539062499,-25.56438567500588],[-57.587890625,-25.57561614375588],[-57.60136718749999,-25.57878997188088],[-57.61240234374999,-25.58587005000588],[-57.61699218749999,-25.60906340938088],[-57.623779296875,-25.615264581255886],[-57.63945312499999,-25.615752862505886],[-57.66879882812499,-25.61223723750588],[-57.67075195312499,-25.61687590938088],[-57.675927734374994,-25.639190362505886],[-57.6796875,-25.64690520625588],[-57.68906249999999,-25.65266692500589],[-57.698876953124994,-25.65349700313088],[-57.70939941406249,-25.652862237505886],[-57.72062988281249,-25.65374114375588],[-57.74204101562499,-25.66179778438088],[-57.75444335937499,-25.67268645625589],[-57.77524414062499,-25.70159270625588],[-57.76914062499999,-25.70989348750588],[-57.76127929687499,-25.71565520625589],[-57.75180664062499,-25.71941497188088],[-57.74113769531249,-25.72210051875588],[-57.75180664062499,-25.73479583125588],[-57.76860351562499,-25.750518487505886],[-57.78793945312499,-25.76409270625588],[-57.80632324218749,-25.76985442500589],[-57.82133789062499,-25.77825286250588],[-57.81787109375,-25.797393487505886],[-57.80258789062499,-25.83123137813088],[-57.81357421874999,-25.84514739375588],[-57.833984375,-25.85872161250589],[-57.85498046875,-25.86882903438088],[-57.87607421874999,-25.876006768755886],[-57.87890625,-25.88313567500589],[-57.87607421874999,-25.890166925005886],[-57.85312499999999,-25.89788176875588],[-57.85205078125,-25.90837981563088],[-57.857861328125,-25.91985442500588],[-57.864013671875,-25.92742278438088],[-57.89897460937499,-25.95344817500589],[-57.90659179687499,-25.96858489375589],[-57.8603515625,-25.98088958125588],[-57.86040039062499,-25.994170831255886],[-57.87346191406249,-26.01018645625588],[-57.98894042968749,-26.088409112505886],[-58.02226562499999,-26.10564544063088],[-58.08725585937499,-26.12712981563088],[-58.097412109375,-26.13665130000588],[-58.10703124999999,-26.17024505000589],[-58.115966796875,-26.19085051875588],[-58.124755859375,-26.20183684688088],[-58.12834472656249,-26.19451262813088],[-58.134033203125,-26.18889739375588],[-58.14189453124999,-26.184600518755886],[-58.15202636718749,-26.18132903438088],[-58.149658203125,-26.199248956255886],[-58.13786621093749,-26.20940520625588],[-58.12199707031249,-26.21663176875589],[-58.10734863281249,-26.22600676875588],[-58.10673828124999,-26.23943450313088],[-58.1240234375,-26.25139739375588],[-58.146728515625,-26.25994231563088],[-58.16259765625,-26.263213800005886],[-58.17070312499999,-26.27034270625589],[-58.17075195312499,-26.28645598750589],[-58.16569824218749,-26.31853606563088],[-58.16831054687499,-26.334991143755886],[-58.17343749999999,-26.349151300005886],[-58.20688476562499,-26.40266692500589],[-58.2138671875,-26.41863372188088],[-58.210400390625,-26.431182550005886],[-58.18613281249999,-26.451690362505886],[-58.18937988281249,-26.461944268755886],[-58.20341796874999,-26.47151458125589],[-58.20664062499999,-26.47932708125589],[-58.20947265625,-26.49690520625589],[-58.21484375,-26.512237237505886],[-58.218017578125,-26.52752044063088],[-58.214111328125,-26.54436614375588],[-58.208740234375,-26.55012786250589],[-58.18613281249999,-26.564971612505886],[-58.18002929687499,-26.57258880000589],[-58.17124023437499,-26.58674895625589],[-58.16569824218749,-26.59221770625588],[-58.17221679687499,-26.59856536250588],[-58.18925781249999,-26.60969817500589],[-58.19296874999999,-26.61272551875588],[-58.19279785156249,-26.624541925005886],[-58.187939453125,-26.63347747188088],[-58.18212890625,-26.64153411250588],[-58.17929687499999,-26.65056731563088],[-58.1845703125,-26.65667083125588],[-58.19645996093749,-26.65740325313088],[-58.22788085937499,-26.651885675005886],[-58.23295898437499,-26.64861419063088],[-58.236328125,-26.64973723750589],[-58.24138183593749,-26.66106536250588],[-58.245849609375,-26.68010833125588],[-58.24863281249999,-26.75813567500589],[-58.25244140625,-26.76311614375588],[-58.2599609375,-26.76433684688088],[-58.27214355468749,-26.76409270625588],[-58.28867187499999,-26.76848723750588],[-58.28728027343749,-26.77864348750589],[-58.27922363281249,-26.790069268755886],[-58.27556152343749,-26.79827239375588],[-58.289306640625,-26.81145598750588],[-58.30620117187499,-26.80901458125588],[-58.32407226562499,-26.803741143755886],[-58.34074707031249,-26.80852630000588],[-58.35307617187499,-26.83040130000589],[-58.34111328124999,-26.844268487505886],[-58.32285156249999,-26.85676848750589],[-58.31650390624999,-26.87395598750588],[-58.32963867187499,-26.88411223750589],[-58.37548828125,-26.88753020625589],[-58.38535156249999,-26.897002862505886],[-58.39462890624999,-26.90960051875588],[-58.416259765625,-26.917510675005886],[-58.46049804687499,-26.92805755000589],[-58.47617187499999,-26.93792083125588],[-58.48442382812499,-26.95051848750589],[-58.48234863281249,-26.96379973750588],[-58.46733398437499,-26.97576262813088],[-58.47526855468749,-26.99006926875589],[-58.49301757812499,-27.00969817500588],[-58.50212402343749,-27.02361419063088],[-58.50554199218749,-27.03142669063088],[-58.50742187499999,-27.03850676875588],[-58.50830078125,-27.05501067500589],[-58.51225585937499,-27.05999114375588],[-58.5205078125,-27.05842864375589],[-58.52783203125,-27.05413176875588],[-58.52880859375,-27.05159270625589],[-58.528759765625,-27.04768645625589],[-58.531201171875,-27.04045989375588],[-58.53671874999999,-27.03606536250588],[-58.546142578125,-27.04094817500588],[-58.55241699218749,-27.04817473750589],[-58.55712890625,-27.05535247188088],[-58.560498046875,-27.06331145625589],[-58.562939453125,-27.07210051875589],[-58.56308593749999,-27.09016692500589],[-58.561279296875,-27.10540130000588],[-58.56621093749999,-27.11589934688088],[-58.61687011718749,-27.12371184688088],[-58.63950195312499,-27.135772393755886],[-58.654052734375,-27.15618255000588],[-58.65910644531249,-27.18499114375588],[-58.65312499999999,-27.19793059688088],[-58.639404296875,-27.209991143755886],[-58.61474609375,-27.226592706255886],[-58.602294921875,-27.24553801875588],[-58.60068359374999,-27.26604583125588],[-58.60498046875,-27.31624114375589]],[[-58.60483398437499,-27.31438567500588],[-58.61516113281249,-27.318389581255886],[-58.64340820312499,-27.32561614375588],[-58.65610351562499,-27.33123137813088],[-58.69096679687499,-27.357940362505886],[-58.76506347656249,-27.39959075313088],[-58.7685546875,-27.405791925005886],[-58.77597656249999,-27.412627862505886],[-58.879150390625,-27.47600676875588],[-58.88664550781249,-27.479034112505886],[-58.88896484374999,-27.51506926875588],[-58.88823242187499,-27.53303801875589],[-58.88486328124999,-27.55071380000588],[-58.87827148437499,-27.56682708125588],[-58.85019531249999,-27.61077239375588],[-58.83408203124999,-27.64421965938088],[-58.8224609375,-27.68001067500589],[-58.81584472656249,-27.71697356563088],[-58.81503906249999,-27.753936456255886],[-58.81804199218749,-27.77263762813088],[-58.838623046875,-27.82317473750588],[-58.84384765624999,-27.84163176875589],[-58.84458007812499,-27.85979583125588],[-58.841064453125,-27.89714934688088],[-58.84172363281249,-27.91643645625588],[-58.87712402343749,-28.04338958125588],[-58.89482421874999,-28.070830987505886],[-58.92041015625,-28.09490325313088],[-58.95061035156249,-28.11248137813088],[-58.98198242187499,-28.120147393755886],[-59.02214355468749,-28.11995208125589],[-59.04216308593749,-28.12200286250588],[-59.06005859375,-28.12957122188088],[-59.07236328124999,-28.141631768755886],[-59.08154296875,-28.15764739375588],[-59.087646484375,-28.17522551875588],[-59.09086914062499,-28.19231536250588],[-59.090576171875,-28.21087005000588],[-59.08342285156249,-28.24700286250588],[-59.08212890624999,-28.26545989375589],[-59.09111328124999,-28.32210051875589],[-59.08774414062499,-28.34099700313088],[-59.068115234375,-28.38460051875589],[-59.066357421875,-28.401397393755886],[-59.09091796874999,-28.531280206255886],[-59.08579101562499,-28.607940362505886],[-59.08708496093749,-28.62712981563088],[-59.091796875,-28.64617278438088],[-59.09921874999999,-28.66423919063088],[-59.13720703125,-28.729034112505886],[-59.14306640625,-28.74592864375589],[-59.14262695312499,-28.76311614375588],[-59.14091796874999,-28.771514581255886],[-59.14030761718749,-28.78059661250589],[-59.14116210937499,-28.78972747188088],[-59.15056152343749,-28.82454192500589],[-59.15268554687499,-28.84895598750589],[-59.16020507812499,-28.86785247188088],[-59.18217773437499,-28.901885675005886],[-59.1904296875,-28.92058684688088],[-59.19450683593749,-28.921416925005886],[-59.19287109375,-28.98845794063088],[-59.19755859374999,-29.02214934688088],[-59.21347656249999,-29.04851653438088],[-59.22734374999999,-29.05828215938088],[-59.27426757812499,-29.080108331255886],[-59.30341796875,-29.10076262813088],[-59.330078125,-29.12444426875588],[-59.35898437499999,-29.143584893755886],[-59.45590820312499,-29.175323175005886],[-59.485107421875,-29.18928801875589],[-59.511376953124994,-29.20769622188088],[-59.532958984375,-29.23088958125588],[-59.5478515625,-29.25969817500588],[-59.5830078125,-29.37786223750588],[-59.58920898437499,-29.411163018755886],[-59.591259765625,-29.61506926875589],[-59.62712402343749,-29.75066497188088],[-59.63266601562499,-29.76458098750588],[-59.66489257812499,-29.81917083125589],[-59.67290039062499,-29.847198175005886],[-59.66489257812499,-29.87835051875588],[-59.63037109375,-29.93010833125588],[-59.59921874999999,-30.012725518755886],[-59.595458984375,-30.04924895625588],[-59.59726562499999,-30.06721770625589],[-59.60263671874999,-30.08489348750588],[-59.63139648437499,-30.13323333125588],[-59.63852539062499,-30.150420831255886],[-59.64189453124999,-30.168975518755886],[-59.64433593749999,-30.20686614375589],[-59.647705078125,-30.225616143755886],[-59.66684570312499,-30.27620208125589],[-59.66943359375,-30.293975518755886],[-59.65312499999999,-30.38396575313088],[-59.64609374999999,-30.399932550005886],[-59.61826171874999,-30.446807550005886],[-59.61491699218749,-30.46282317500588],[-59.61564941406249,-30.47918059688088],[-59.62236328124999,-30.51692473750589],[-59.62248535156249,-30.57488372188088],[-59.62517089843749,-30.59270598750588],[-59.64616699218749,-30.64080169063088],[-59.65031738281249,-30.65960051875588],[-59.654296875,-30.71721770625588],[-59.66074218749999,-30.73616301875589],[-59.719970703125,-30.831084893755886],[-59.77392578125,-30.89251067500588],[-59.79501953124999,-30.92512786250589],[-59.84111328124999,-30.97737395625589],[-59.880859375,-31.042022393755886],[-59.94052734374999,-31.11614348750588],[-60.00090332031249,-31.21233489375588],[-60.01318359375,-31.22444426875589],[-60.053466796875,-31.25618255000589],[-60.06352539062499,-31.269561456255886],[-60.09416503906249,-31.35383880000589],[-60.09819335937499,-31.35466887813088],[-60.10454101562499,-31.36809661250588],[-60.14501953125,-31.41204192500588],[-60.163818359375,-31.44221770625589],[-60.169140625,-31.44719817500588],[-60.17631835937499,-31.45061614375588],[-60.19125976562499,-31.455108331255886],[-60.19809570312499,-31.45818450313088],[-60.205810546875,-31.46282317500588],[-60.2119140625,-31.46809661250589],[-60.22319335937499,-31.484893487505886],[-60.22697753906249,-31.48796965938088],[-60.24016113281249,-31.49309661250588],[-60.2548828125,-31.50530364375588],[-60.26230468749999,-31.513213800005886],[-60.27509765625,-31.530303643755886],[-60.30224609375,-31.555205987505886],[-60.351806640625,-31.620635675005886],[-60.380859375,-31.64910247188088],[-60.4142578125,-31.67351653438088],[-60.43330078125,-31.68391692500589],[-60.45317382812499,-31.69182708125588],[-60.47380371093749,-31.69744231563088],[-60.49521484374999,-31.70051848750589],[-60.563720703125,-31.70100676875589],[-60.58562011718749,-31.69841887813088],[-60.605419921875,-31.69988372188088],[-60.63251953125,-31.70637786250589],[-60.640625,-31.709991143755886],[-60.647900390625,-31.71614348750589],[-60.65185546875,-31.723174737505886],[-60.65385742187499,-31.73235442500588],[-60.65324707031249,-31.74153411250589],[-60.64946289062499,-31.74895598750588],[-60.65068359374999,-31.74983489375589],[-60.65324707031249,-31.75237395625588],[-60.65446777343749,-31.75325286250589],[-60.65104980468749,-31.76594817500589],[-60.65507812499999,-31.78191497188088],[-60.666748046875,-31.811065362505886],[-60.67119140624999,-31.84260833125589],[-60.67416992187499,-31.85295989375588],[-60.68115234375,-31.866241143755886],[-60.70932617187499,-31.89934661250588],[-60.72006835937499,-31.922393487505886],[-60.72265625,-31.947295831255886],[-60.7177734375,-31.97200286250589],[-60.70615234374999,-31.994659112505886],[-60.677978515625,-32.02922942500588],[-60.66635742187499,-32.048370050005886],[-60.66191406249999,-32.069366143755886],[-60.66643066406249,-32.08806731563088],[-60.69980468749999,-32.13762786250588],[-60.70708007812499,-32.15618255000588],[-60.70908203124999,-32.17473723750588],[-60.70158691406249,-32.234405206255886],[-60.701904296875,-32.254913018755886],[-60.705322265625,-32.27507903438088],[-60.72648925781249,-32.334502862505886],[-60.73129882812499,-32.354522393755886],[-60.7326171875,-32.375518487505886],[-60.727294921875,-32.43538176875589],[-60.7294921875,-32.45549895625588],[-60.73666992187499,-32.47771575313088],[-60.7658203125,-32.54119231563088],[-60.76933593749999,-32.560577081255886],[-60.76713867187499,-32.57844817500589],[-60.7599609375,-32.59504973750589],[-60.72294921874999,-32.64275481563088],[-60.71281738281249,-32.65999114375589],[-60.70598144531249,-32.67952239375589],[-60.69865722656249,-32.770049737505886],[-60.69011230468749,-32.809600518755886],[-60.67558593749999,-32.84661223750588],[-60.62255859375,-32.94075286250589],[-60.605712890625,-32.96272551875589],[-60.60117187499999,-32.96648528438088],[-60.59111328124999,-32.973174737505886],[-60.58708496093749,-32.97698333125588],[-60.58281249999999,-32.98455169063088],[-60.55747070312499,-33.052276300005886],[-60.55224609375,-33.061065362505886],[-60.49553222656249,-33.122100518755886],[-60.43242187499999,-33.15862395625588],[-60.41472167968749,-33.16521575313088],[-60.39311523437499,-33.17424895625588],[-60.382080078125,-33.18230559688088],[-60.36484374999999,-33.19939544063088],[-60.352783203125,-33.21809661250589],[-60.34758300781249,-33.224151300005886],[-60.32480468749999,-33.24163176875588],[-60.24626464843749,-33.27849700313088],[-60.11821289062499,-33.39373137813088],[-59.94785156249999,-33.49504973750588],[-59.93059082031249,-33.49983489375589],[-59.90805664062499,-33.50374114375589],[-59.86020507812499,-33.52410247188088],[-59.843994140625,-33.53401458125589],[-59.82487792968749,-33.549834893755886],[-59.78662109375,-33.59895598750589],[-59.77250976562499,-33.61067473750589],[-59.64072265624999,-33.67107512813088],[-59.60288085937499,-33.677764581255886],[-59.5771484375,-33.67122161250589],[-59.52084960937499,-33.655303643755886],[-59.48027343749999,-33.68010833125588],[-59.442138671875,-33.71746184688088],[-59.392822265625,-33.73943450313088],[-59.30649414062499,-33.73943450313088],[-59.30327148437499,-33.73748137813088],[-59.29638671875,-33.72844817500588],[-59.29282226562499,-33.72639739375589],[-59.27817382812499,-33.72405364375588],[-59.26904296875,-33.721221612505886],[-59.262451171875,-33.72429778438088],[-59.25498046874999,-33.73943450313088],[-59.25249023437499,-33.75276458125589],[-59.25278320312499,-33.77703215938088],[-59.248779296875,-33.78728606563088],[-59.24497070312499,-33.78801848750588],[-59.23918457031249,-33.793487237505886],[-59.2314453125,-33.79802825313088],[-59.22148437499999,-33.80159270625589],[-59.21806640624999,-33.800323175005886],[-59.213134765625,-33.79705169063088],[-59.20712890624999,-33.79436614375588],[-59.20097656249999,-33.79475676875589],[-59.19584960937499,-33.79802825313088],[-59.18645019531249,-33.806670831255886],[-59.18359375,-33.80842864375589],[-59.18027343749999,-33.811553643755886],[-59.177001953125,-33.81868255000589],[-59.171777343749994,-33.825713800005886],[-59.162841796875,-33.82878997188088],[-59.05869140624999,-33.82698333125589],[-59.03190917968749,-33.829620050005886],[-59.01171875,-33.83904387813088],[-58.995361328125,-33.85076262813088],[-58.92197265624999,-33.887725518755886],[-58.86801757812499,-33.92815520625588],[-58.84946289062499,-33.93743255000588],[-58.80039062499999,-33.94661223750589],[-58.78203124999999,-33.95232512813088],[-58.679931640625,-34.031280206255886],[-58.638671875,-34.04851653438088],[-58.59111328124999,-34.04900481563088],[-58.499755859375,-34.01677825313088],[-58.44687499999999,-34.00701262813088]],[[-60.41472167968749,-33.16521575313088],[-60.303955078125,-33.19085051875588],[-60.2744140625,-33.201202081255886],[-60.221435546875,-33.24153411250589],[-60.20151367187499,-33.23235442500588],[-60.18100585937499,-33.24920012813088],[-60.169189453125,-33.24480559688088],[-60.15874023437499,-33.23259856563088],[-60.142578125,-33.22551848750588],[-60.12998046874999,-33.22883880000589],[-60.111083984375,-33.24334075313088],[-60.10161132812499,-33.246612237505886],[-60.095458984375,-33.24773528438088],[-60.08586425781249,-33.25237395625588],[-60.080810546875,-33.253448175005886],[-60.07438964843749,-33.25129973750589],[-60.05991210937499,-33.24153411250589],[-60.05754394531249,-33.23919036250588],[-60.02678222656249,-33.267120050005886],[-60.009765625,-33.27669036250589],[-60.00229492187499,-33.26336028438088],[-59.99814453124999,-33.25286223750588],[-59.98894042968749,-33.248077081255886],[-59.97978515624999,-33.25090911250588],[-59.9708984375,-33.277373956255886],[-59.96013183593749,-33.27874114375588],[-59.9482421875,-33.27337005000588],[-59.94023437499999,-33.267120050005886],[-59.93701171875,-33.257354425005886],[-59.93901367187499,-33.24739348750589],[-59.93840332031249,-33.23860442500589],[-59.927197265625,-33.23235442500588],[-59.91977539062499,-33.234405206255886],[-59.91318359374999,-33.24236419063088],[-59.90849609374999,-33.25286223750588],[-59.90673828125,-33.26336028438088],[-59.89804687499999,-33.27849700313088],[-59.8779296875,-33.27766692500589],[-59.85498046875,-33.268584893755886],[-59.83781738281249,-33.25969817500588],[-59.82780761718749,-33.252471612505886],[-59.82145996093749,-33.24651458125588],[-59.81308593749999,-33.24202239375589],[-59.78574218749999,-33.238311456255886],[-59.77214355468749,-33.238311456255886],[-59.76066894531249,-33.24153411250589],[-59.755859375,-33.250030206255886],[-59.75473632812499,-33.26057708125589],[-59.74846191406249,-33.28386809688088],[-59.74350585937499,-33.28923919063088],[-59.7326171875,-33.28484465938088],[-59.71494140624999,-33.27337005000588],[-59.69804687499999,-33.276397393755886],[-59.68833007812499,-33.28337981563088],[-59.67392578124999,-33.301299737505886],[-59.62553710937499,-33.32976653438088],[-59.63359374999999,-33.33464934688088],[-59.63950195312499,-33.34260833125589],[-59.64189453124999,-33.352569268755886],[-59.63920898437499,-33.363311456255886],[-59.630078125,-33.37322356563088],[-59.61801757812499,-33.376983331255886],[-59.591064453125,-33.376983331255886],[-59.56645507812499,-33.38347747188088],[-59.55722656249999,-33.39959075313088],[-59.552978515625,-33.41961028438088],[-59.54301757812499,-33.43840911250588],[-59.53605957031249,-33.44221770625589],[-59.48618164062499,-33.46160247188088],[-59.474560546875,-33.46453215938088],[-59.46103515624999,-33.46575286250588],[-59.447509765625,-33.47307708125588],[-59.40581054687499,-33.521026300005886],[-59.37517089843749,-33.53655364375588],[-59.36748046874999,-33.54802825313088],[-59.35991210937499,-33.59700286250589],[-59.347119140625,-33.61018645625589],[-59.30961914062499,-33.62957122188088],[-59.27402343749999,-33.67024505000589],[-59.26865234374999,-33.681182550005886],[-59.2609375,-33.69060637813088],[-59.21403808593749,-33.72639739375589],[-59.20195312499999,-33.74260833125588],[-59.1923828125,-33.760772393755886],[-59.18671875,-33.78059661250589],[-59.18645019531249,-33.806670831255886]]]}}],"source":"https://www.naturalearthdata.com/downloads/10m-physical-vectors/10m-rivers-lake-centerlines/","attribution":"Natural Earth","license":"public domain","license_url":"https://www.naturalearthdata.com/about/terms-of-use/"}
